Workbook

Sheet รวมงบทรัพย์สินทั้งหมด
A1: งบทรัพย์สินเทศบาลนครลำปาง
A2: หน่วยงาน ส่วนการโยธา สำนักช่าง
A3: ณ วันที่ 30 กันยายน 2567 (e-laas)
A4: ประเภททรัพย์สิน | C4: รหัส | D4: ครุภัณฑ์ | F4: ครุภัณฑ์ต่ำกว่าเกณฑ์ | H4: หมายเหตุ | I4: จำนวนเงิน
D5: จำนวนรายการ | E5: จำนวนเงินที่ได้มา | F5: จำนวนรายการ | G5: จำนวนเงินที่ได้มา
A6: ก | B6: อสังหาริมทรัพย์
A7: 1 | B7: ที่ดิน | C7: . 001 | D7: 1 | E7: ='16.ที่ดินและสิ่งก่อสร้าง'!G8 -> 5337885 | F7: - | G7: -
A8: 2 | B8: อาคารและโรงเรือน
B9: 2.1 อาคารสำนักงาน | C9: 005 | D9: 6 | E9: ='16.ที่ดินและสิ่งก่อสร้าง'!G17 -> 5838015.4
B10: 2.2 อาคารเครื่องชั่ง | C10: 021 | D10: =[1]ที่ดินและสิ่งก่อสร้าง!A22 -> 6 | E10: ='16.ที่ดินและสิ่งก่อสร้าง'!G25 -> 12456000
B11: 2.3 อาคารบ้านพัก | C11: 090 | D11: =[1]ที่ดินและสิ่งก่อสร้าง!A27 -> 1 | E11: ='16.ที่ดินและสิ่งก่อสร้าง'!G31 -> 2767434.8
A12: 3 | B12: สิ่งก่อสร้างอื่น
B13: 3.1 สิ่งปลูกสร้าง
B14: 3.1.1 ลานกีฬา | C14: 014 | D14: 1 | E14: ='16.ที่ดินและสิ่งก่อสร้าง'!G35 -> 6817490.8
B15: 3.1.2 อาคารเพื่อประโยชน์อื่น | C15: 072 | D15: 7 | E15: ='16.ที่ดินและสิ่งก่อสร้าง'!G44 -> 2450103.5
B16: 3.1.3 อาคารห้องน้ำ - ส้วม | C16: 187 | D16: 3 | E16: ='16.ที่ดินและสิ่งก่อสร้าง'!G50 -> 2490808.5
B17: 3.14 อื่นๆ
B18: 3.14.1 เสาธง | C18: 183 | D18: 1 | E18: ='16.ที่ดินและสิ่งก่อสร้าง'!G53 -> 20000
B19: 3.14.2 ป้อมยาม | C19: 184 | D19: 3 | E19: ='16.ที่ดินและสิ่งก่อสร้าง'!G58 -> 421648
B20: 3.14.3 โครงการปรับปรุงสวนสาธารณะสวนเขลางค์นคร | C20: 191 | D20: 1 | E20: ='16.ที่ดินและสิ่งก่อสร้าง'!G60 -> 8700000
B21: 3.14.4 บ่อบาดาลระบบน้ำ | C21: 256 | D21: 1 | E21: ='16.ที่ดินและสิ่งก่อสร้าง'!G65 -> 120000
B22: 3.14.5 ป้ายโครงการ | C22: 273 | D22: 1 | E22: =[1]ที่ดินและสิ่งก่อสร้าง!G64 -> 30000
B23: 3.14.6 บ่อฝังกลบ-รั้วบ่อขยะ | C23: 281 | D23: 3 | E23: ='16.ที่ดินและสิ่งก่อสร้าง'!G74 -> 6584000
B24: 3.14.7 ลานจอดรถ | C24: 283 | D24: 1 | E24: ='16.ที่ดินและสิ่งก่อสร้าง'!G35 -> 6817490.8
B25: 3.14.8 ระบบไฟฟ้า | C25: 110 | D25: 1 | E25: ='16.ที่ดินและสิ่งก่อสร้าง'!G82 -> 2500000
B27: 3.14.9 ค่าปรับปรุงศาลาริมน้ำ | C27: - | D27: 1 | E27: 848408
B28: สวนสาธาณะเขลางค์นคร
B29: 3.14.10 ค่าปรับปรุงตกแต่งภูมิทัศน์ | C29: - | D29: 1 | E29: 2174850
B30: บริเวณศาลหลักเมือง
B32: รวมอสังหาริมทรัพย์ | D32: =SUM(D7:D31) -> 39 | E32: =SUM(E7:E31) -> 66374135
A39: ข | B39: สังหาริมทรัพย์
A40: 1 | B40: ครุภัณฑ์สำนักงาน
B41: ปั๊มน้ำ | C41: 55 | D41: 8 | E41: ='1.ครุภัณฑ์สำนักงาน (รวมทุกงาน)'!G15 -> 88810 | F41: - | G41: -
B42: เต้นท์ | C42: 87 | D42: ='1.ครุภัณฑ์สำนักงาน (รวมทุกงาน)'!A66 -> 50 | E42: ='1.ครุภัณฑ์สำนักงาน (รวมทุกงาน)'!G67 -> 833000 | F42: - | G42: -
B43: โต๊ะ | C43: 400 | D43: ='1.ครุภัณฑ์สำนักงาน (รวมทุกงาน)'!A853 -> 785 | E43: ='1.ครุภัณฑ์สำนักงาน (รวมทุกงาน)'!G854 -> 857760.1 | F43: ='14.ครุภัณฑ์ต่ำกว่าเกณฑ์'!A166 -> 160 | G43: ='14.ครุภัณฑ์ต่ำกว่าเกณฑ์'!H167 -> 144100
B44: เก้าอี้ | C44: 401 | D44: ='1.ครุภัณฑ์สำนักงาน (รวมทุกงาน)'!A1497 -> 642 | E44: ='1.ครุภัณฑ์สำนักงาน (รวมทุกงาน)'!G1498 -> 296347.6 | F44: ='14.ครุภัณฑ์ต่ำกว่าเกณฑ์'!A361 -> 193 | G44: ='14.ครุภัณฑ์ต่ำกว่าเกณฑ์'!H362 -> 76040
B45: ม้านั่ง | C45: 402 | D45: ='1.ครุภัณฑ์สำนักงาน (รวมทุกงาน)'!A1581 -> 82 | E45: ='1.ครุภัณฑ์สำนักงาน (รวมทุกงาน)'!G1582 -> 594030 | F45: - | G45: -
B46: ชุดรับแขก | C46: 403 | D46: ='1.ครุภัณฑ์สำนักงาน (รวมทุกงาน)'!A1587 -> 4 | E46: ='1.ครุภัณฑ์สำนักงาน (รวมทุกงาน)'!G1588 -> 89400 | F46: - | G46: -
B47: ชั้นวางของ | C47: 404 | D47: - | E47: - | F47: ='14.ครุภัณฑ์ต่ำกว่าเกณฑ์'!A364 -> 1 | G47: ='14.ครุภัณฑ์ต่ำกว่าเกณฑ์'!H365 -> 1000
B48: โพเดียม, แท่นกล่าวรายงาน | C48: 405 | D48: ='1.ครุภัณฑ์สำนักงาน (รวมทุกงาน)'!A1593 -> 4 | E48: ='1.ครุภัณฑ์สำนักงาน (รวมทุกงาน)'!G1594 -> 83772 | F48: - | G48: -
B49: ตู้ | C49: 406 | D49: ='1.ครุภัณฑ์สำนักงาน (รวมทุกงาน)'!A1641 -> 46 | E49: ='1.ครุภัณฑ์สำนักงาน (รวมทุกงาน)'!G1642 -> 140180.24 | F49: ='14.ครุภัณฑ์ต่ำกว่าเกณฑ์'!A376 -> 10 | G49: ='14.ครุภัณฑ์ต่ำกว่าเกณฑ์'!H377 -> 39857
B50: กระดาน, ไวท์บอร์ด, บอร์ดนิทรรศการ | C50: 407 | D50: ='1.ครุภัณฑ์สำนักงาน (รวมทุกงาน)'!A1644 -> 1 | E50: ='1.ครุภัณฑ์สำนักงาน (รวมทุกงาน)'!G1645 -> 1530 | F50: - | G50: -
B51: นาฬิกา | C51: 408 | D51: ='1.ครุภัณฑ์สำนักงาน (รวมทุกงาน)'!A1651 -> 5 | E51: ='1.ครุภัณฑ์สำนักงาน (รวมทุกงาน)'!G1652 -> 200000 | F51: - | G51: -
B52: เครื่องพิมพ์ดีด | C52: 414 | D52: ='1.ครุภัณฑ์สำนักงาน (รวมทุกงาน)'!A1654 -> 1 | E52: ='1.ครุภัณฑ์สำนักงาน (รวมทุกงาน)'!G1655 -> 9600 | F52: - | G52: -
B53: เครื่องปรับอากาศ | C53: 420 | D53: ='1.ครุภัณฑ์สำนักงาน (รวมทุกงาน)'!A1684 -> 28 | E53: ='1.ครุภัณฑ์สำนักงาน (รวมทุกงาน)'!G1685 -> 1036888 | F53: - | G53: -
B54: พัดลม | C54: 432 | D54: ='1.ครุภัณฑ์สำนักงาน (รวมทุกงาน)'!A1724 -> 38 | E54: ='1.ครุภัณฑ์สำนักงาน (รวมทุกงาน)'!G1725 -> 160962 | F54: ='14.ครุภัณฑ์ต่ำกว่าเกณฑ์'!A383 -> 5 | G54: ='14.ครุภัณฑ์ต่ำกว่าเกณฑ์'!H384 -> 11648
B55: ถังน้ำ | C55: 437 | D55: ='1.ครุภัณฑ์สำนักงาน (รวมทุกงาน)'!A1757 -> 30 | E55: ='1.ครุภัณฑ์สำนักงาน (รวมทุกงาน)'!G1758 -> 355727.44 | F55: - | G55: -
B56: โต๊ะหมู่บูชา | C56: 481 | D56: ='1.ครุภัณฑ์สำนักงาน (รวมทุกงาน)'!A1770 -> 11 | E56: ='1.ครุภัณฑ์สำนักงาน (รวมทุกงาน)'!G1771 -> 34500 | F56: - | G56: -
B57: ไฟฉุกเฉิน | C57: 487 | D57: ='1.ครุภัณฑ์สำนักงาน (รวมทุกงาน)'!A1777 -> 5 | E57: ='1.ครุภัณฑ์สำนักงาน (รวมทุกงาน)'!G1778 -> 14980
B58: รถเข็น | C58: 496 | D58: ='1.ครุภัณฑ์สำนักงาน (รวมทุกงาน)'!A1781 -> 2 | E58: ='1.ครุภัณฑ์สำนักงาน (รวมทุกงาน)'!G1782 -> 5136
A59: 2 | B59: ครุภัณฑ์ยานพาหนะและขนส่ง
B60: รถยนต์นั่ง รถตู้ไม่เกิน 15 คน | C60: . 001 | D60: ='2.ครุภัณฑ์ยานพาหนะฯ (รวมทุกงาน)'!A13 -> 7 | E60: ='2.ครุภัณฑ์ยานพาหนะฯ (รวมทุกงาน)'!E14 -> 7452000 | F60: - | G60: -
B61: รถบรรทุก รถปิ๊กอัพ | C61: . 002 | D61: ='2.ครุภัณฑ์ยานพาหนะฯ (รวมทุกงาน)'!A46 -> 31 | E61: ='2.ครุภัณฑ์ยานพาหนะฯ (รวมทุกงาน)'!E47 -> 16549970 | F61: - | G61: -
B62: รถบรรทุกน้ำ | C62: . 006 | D62: ='2.ครุภัณฑ์ยานพาหนะฯ (รวมทุกงาน)'!A54 -> 6 | E62: ='2.ครุภัณฑ์ยานพาหนะฯ (รวมทุกงาน)'!E55 -> 6777722 | F62: - | G62: -
B63: รถดูดสิ่งปฏิกูล | C63: . 009 | D63: ='2.ครุภัณฑ์ยานพาหนะฯ (รวมทุกงาน)'!A57 -> 1 | E63: ='2.ครุภัณฑ์ยานพาหนะฯ (รวมทุกงาน)'!E58 -> 473500 | F63: - | G63: -
B64: รถกวาดถนน | C64: . 010 | D64: ='2.ครุภัณฑ์ยานพาหนะฯ (รวมทุกงาน)'!A61 -> 2 | E64: ='2.ครุภัณฑ์ยานพาหนะฯ (รวมทุกงาน)'!E62 -> 13236000 | F64: - | G64: -
B65: รถบรรทุกขยะมูลฝอย | C65: . 011 | D65: ='2.ครุภัณฑ์ยานพาหนะฯ (รวมทุกงาน)'!A68 -> 5 | E65: ='2.ครุภัณฑ์ยานพาหนะฯ (รวมทุกงาน)'!E69 -> 3296780 | F65: - | G65: -
B66: รถกระเช้า | C66: . 012 | D66: ='2.ครุภัณฑ์ยานพาหนะฯ (รวมทุกงาน)'!A75 -> 5 | E66: ='2.ครุภัณฑ์ยานพาหนะฯ (รวมทุกงาน)'!E76 -> 6478200 | F66: - | G66: -
B67: รถยก รถปั้นจั่น | C67: . 014 | D67: ='2.ครุภัณฑ์ยานพาหนะฯ (รวมทุกงาน)'!A79 -> 2 | E67: ='2.ครุภัณฑ์ยานพาหนะฯ (รวมทุกงาน)'!E80 -> 3229500 | F67: - | G67: -
B68: รถกระบะยกเท 2-15 ตัน | C68: . 017 | D68: ='2.ครุภัณฑ์ยานพาหนะฯ (รวมทุกงาน)'!A91 -> 10 | E68: ='2.ครุภัณฑ์ยานพาหนะฯ (รวมทุกงาน)'!E92 -> 7597250 | F68: - | G68: -
B69: รถจักรยานยนต์ | C69: . 024 | D69: ='2.ครุภัณฑ์ยานพาหนะฯ (รวมทุกงาน)'!A128 -> 35 | E69: ='2.ครุภัณฑ์ยานพาหนะฯ (รวมทุกงาน)'!E129 -> 1104920 | F69: - | G69: -
B70: รถสามล้อแดง รถดั๊มเปอร์เล็ก รถเก็บสายยาง | C70: . 026 | D70: ='2.ครุภัณฑ์ยานพาหนะฯ (รวมทุกงาน)'!A132 -> 2 | E70: ='2.ครุภัณฑ์ยานพาหนะฯ (รวมทุกงาน)'!E133 -> 711500 | F70: - | G70: -
B71: เรือยนต์ เรือเร็ว | C71: . 033 | D71: ='2.ครุภัณฑ์ยานพาหนะฯ (รวมทุกงาน)'!A137 -> 3 | E71: ='2.ครุภัณฑ์ยานพาหนะฯ (รวมทุกงาน)'!E138 -> 234000 | F71: - | G71: -
B72: เครื่องชักลากโคลนเลน | C72: . 035 | D72: ='2.ครุภัณฑ์ยานพาหนะฯ (รวมทุกงาน)'!A141 -> 1 | E72: ='2.ครุภัณฑ์ยานพาหนะฯ (รวมทุกงาน)'!E142 -> 85000
B73: GPS สัญญาณติดตามรถยนต์ | C73: . 039 | D73: ='2.ครุภัณฑ์ยานพาหนะฯ (รวมทุกงาน)'!A145 -> 2 | E73: ='2.ครุภัณฑ์ยานพาหนะฯ (รวมทุกงาน)'!E146 -> 13800
B74: ลิฟท์ไฟฟ้ายกรถไม้สตาฟฟ์ | C74: . 053 | D74: ='2.ครุภัณฑ์ยานพาหนะฯ (รวมทุกงาน)'!A148 -> 1 | E74: ='2.ครุภัณฑ์ยานพาหนะฯ (รวมทุกงาน)'!E149 -> 158500 | F74: - | G74: -
A75: 3 | B75: ครุภัณฑ์การเกษตร
B76: เครื่องสูบน้ำ เครื่องปั๊มน้ำ | C76: . 055 | D76: ='3. ครุภัณฑ์การเกษตร(รวมทุกงาน)'!A127 -> 121 | E76: ='3. ครุภัณฑ์การเกษตร(รวมทุกงาน)'!G128 -> 12306692 | F76: - | G76: -
B77: เลื่อยโซ่ยนต์ ตัดแต่งกิ่งไม้ | C77: 640 | D77: ='3. ครุภัณฑ์การเกษตร(รวมทุกงาน)'!A139 -> 10 | E77: ='3. ครุภัณฑ์การเกษตร(รวมทุกงาน)'!G140 -> 95000
B78: เครื่องพ่นยา, เครื่องพ่นสารเคมี | C78: 625 | D78: ='3. ครุภัณฑ์การเกษตร(รวมทุกงาน)'!A144 -> 3 | E78: ='3. ครุภัณฑ์การเกษตร(รวมทุกงาน)'!G145 -> 14900 | F78: - | G78: -
B79: เครื่องโม่กาบมะพร้าว, เครื่องแปลงขยะชีวภาพ | C79: 633 | D79: ='3. ครุภัณฑ์การเกษตร(รวมทุกงาน)'!A149 -> 3 | E79: ='3. ครุภัณฑ์การเกษตร(รวมทุกงาน)'!G150 -> 1671720 | F79: - | G79: -
B80: เครื่องตีขุยมะพร้าว | C80: 634 | D80: ='3. ครุภัณฑ์การเกษตร(รวมทุกงาน)'!A152 -> 1 | E80: ='3. ครุภัณฑ์การเกษตร(รวมทุกงาน)'!G153 -> 50000 | F80: - | G80: -
B81: เครื่องตัดต้นไม้ | C81: 635 | D81: ='3. ครุภัณฑ์การเกษตร(รวมทุกงาน)'!A155 -> 1 | E81: ='3. ครุภัณฑ์การเกษตร(รวมทุกงาน)'!G156 -> 4480000
B82: เครื่องให้อ๊อกซิเจนไฟฟ้า | C82: 638 | D82: ='3. ครุภัณฑ์การเกษตร(รวมทุกงาน)'!A160 -> 3 | E82: ='3. ครุภัณฑ์การเกษตร(รวมทุกงาน)'!G161 -> 161900
B83: เครื่องย่อยต้นไม้ กิ่งไม้ | C83: 639 | D83: ='3. ครุภัณฑ์การเกษตร(รวมทุกงาน)'!A163 -> 1 | E83: ='3. ครุภัณฑ์การเกษตร(รวมทุกงาน)'!G164 -> 2490000
A84: 4 | B84: ครุภัณฑ์ก่อสร้าง
B85: รถเข็น | C85: . 005 | D85: ='4.ครุภัณฑ์ก่อสร้าง'!A11 -> 5 | E85: ='4.ครุภัณฑ์ก่อสร้าง'!G12 -> 10000 | F85: ='14.ครุภัณฑ์ต่ำกว่าเกณฑ์'!A388 -> 2 | G85: ='14.ครุภัณฑ์ต่ำกว่าเกณฑ์'!H389 -> 4900
B86: รถเกลี่ยดิน รถเกรด รถบดถนน | C86: . 015 | D86: ='4.ครุภัณฑ์ก่อสร้าง'!A14 -> 1 | E86: ='4.ครุภัณฑ์ก่อสร้าง'!G15 -> 2694000 | F86: - | G86: -
B87: รถตักดินล้อยาง รถขุดดิน รถตักหน้าขุดหลัง | C87: . 018 | D87: ='4.ครุภัณฑ์ก่อสร้าง'!A26 -> 8 | E87: ='4.ครุภัณฑ์ก่อสร้าง'!G27 -> 23068000 | F87: - | G87: -
B88: รถแทรกเตอร์ | C88: . 019 | D88: ='4.ครุภัณฑ์ก่อสร้าง'!A30 -> 2 | E88: ='4.ครุภัณฑ์ก่อสร้าง'!G31 -> 6690000 | F88: - | G88: -
B89: รถบด | C89: . 020 | D89: ='4.ครุภัณฑ์ก่อสร้าง'!A37 -> 5 | E89: ='4.ครุภัณฑ์ก่อสร้าง'!G38 -> 6041000 | F89: - | G89: -
B90: ล้อเลื่อน เกวียน ล้อเข็น | C90: . 023 | D90: ='4.ครุภัณฑ์ก่อสร้าง'!A41 -> 2 | E90: ='4.ครุภัณฑ์ก่อสร้าง'!G42 -> 2400
B91: รถตักล้อยางเอนกประสงค์ | C91: . 028 | D91: ='4.ครุภัณฑ์ก่อสร้าง'!A44 -> 1 | E91: ='4.ครุภัณฑ์ก่อสร้าง'!G45 -> 6149900
B92: รอกแม่แรง | C92: . 052 | D92: ='4.ครุภัณฑ์ก่อสร้าง'!A49 -> 3 | E92: ='4.ครุภัณฑ์ก่อสร้าง'!G50 -> 10000 | F92: - | G92: -
B93: เครื่องกระทุ้งดิน, เครื่องแอสฟัลท์, เครื่องตบดิน | C93: . 056 | D93: ='4.ครุภัณฑ์ก่อสร้าง'!A56 -> 5 | E93: ='4.ครุภัณฑ์ก่อสร้าง'!G57 -> 1948400 | F93: - | G93: -
B94: เครื่องเจาะหิน, เครื่องจาะเหล็ก, เครื่องตัดคอนกรีต | C94: . 058 | D94: ='4.ครุภัณฑ์ก่อสร้าง'!A61 -> 3 | E94: ='4.ครุภัณฑ์ก่อสร้าง'!G62 -> 720990 | F94: - | G94: -
B95: เครื่องผสมยางแอสฟัลท์, ถังบรรจุยางแอสฟัลท์ | C95: . 062 | D95: ='4.ครุภัณฑ์ก่อสร้าง'!A69 -> 6 | E95: ='4.ครุภัณฑ์ก่อสร้าง'!G70 -> 6930820 | F95: - | G95: -
B96: เครื่องผสมคอนกรีต | C96: . 063 | D96: ='4.ครุภัณฑ์ก่อสร้าง'!A73 -> 2 | E96: ='4.ครุภัณฑ์ก่อสร้าง'!G74 -> 74000 | F96: - | G96: -
B97: เครื่องอัดลม | C97: . 070 | D97: ='4.ครุภัณฑ์ก่อสร้าง'!A76 -> 1 | E97: ='4.ครุภัณฑ์ก่อสร้าง'!G77 -> 42000 | F97: - | G97: -
B98: เครื่องตีเส้น, เครื่องโรยเส้น | C98: . 073 | D98: ='4.ครุภัณฑ์ก่อสร้าง'!A81 -> 3 | E98: ='4.ครุภัณฑ์ก่อสร้าง'!G82 -> 516000 | F98: - | G98: -
B99: เครื่องกะเทาะสี | C99: . 080 | D99: ='4.ครุภัณฑ์ก่อสร้าง'!A84 -> 1 | E99: ='4.ครุภัณฑ์ก่อสร้าง'!G85 -> 89500
B100: เครื่องต๊าฟเกลียว, เครื่องตัดโลหะ,เครื่องตัดคอนกรีต | C100: . 090 | D100: ='4.ครุภัณฑ์ก่อสร้าง'!A90 -> 4 | E100: ='4.ครุภัณฑ์ก่อสร้าง'!G92 -> 98250
B101: เครื่องบดอัด | C101: . 095 | D101: ='4.ครุภัณฑ์ก่อสร้าง'!A95 -> 2 | E101: ='4.ครุภัณฑ์ก่อสร้าง'!G97 -> 38480 | F101: - | G101: -
B102: ชุดดรีมเมอร์ | C102: 106 | D102: ='4.ครุภัณฑ์ก่อสร้าง'!A99 -> 1 | E102: ='4.ครุภัณฑ์ก่อสร้าง'!G100 -> 17000 | F102: - | G102: -
B103: ไม้ชักฟิวส์ | C103: 107 | D103: ='4.ครุภัณฑ์ก่อสร้าง'!A102 -> 1 | E103: ='4.ครุภัณฑ์ก่อสร้าง'!G103 -> 9500 | F103: - | G103: -
B104: เครื่องโรยหินแบบกลไก | C104: 110 | D104: ='4.ครุภัณฑ์ก่อสร้าง'!A106 -> 1 | E104: ='4.ครุภัณฑ์ก่อสร้าง'!G107 -> 289000 | F104: - | G104: -
B105: เครื่องกรองทราย | C105: 113 | D105: ='4.ครุภัณฑ์ก่อสร้าง'!A112 -> 4 | E105: ='4.ครุภัณฑ์ก่อสร้าง'!G113 -> 101020 | F105: - | G105: -
A106: 5 | B106: ครุภัณฑ์ไฟฟ้าและวิทยุ
B107: โคมไฟฟ้าสาธารณะ, โคมไฟฟ้า, ไฟราว | C107: 082 | D107: ='5. ครุภัณฑ์ไฟฟ้าฯ'!A2974 -> 2968 | E107: ='5. ครุภัณฑ์ไฟฟ้าฯ'!G2975 -> 24537692 | F107: - | G107: -
B108: เสาไฟฟ้าประดับโคมส่องสว่าง | C108: 105 | D108: ='5. ครุภัณฑ์ไฟฟ้าฯ'!A3009 -> 33 | E108: ='5. ครุภัณฑ์ไฟฟ้าฯ'!G3010 -> 1676811
...

Sheet 1.ครุภัณฑ์สำนักงาน (รวมทุกงาน)
A1: ทะเบียนรายงานผลการตรวจนับครุภัณฑ์ ประจำปีงบประมาณ 2567 | P1: จำหน่าย
A2: ส่วนการโยธา สำนักช่าง
A3: 1.ครุภัณฑ์สำนักงาน
A4: ลำดับที่ | B4: รายการ | C4: หมายเลขครุภัณฑ์ | F4: วันเดือนปี | G4: ราคาที่ได้ | H4: สถานที่ใช้งาน | I4: สภาพครุภัณฑ์ | O4: หมายเหตุ
F5: ที่ได้มา | I5: ใช้ได้ | J5: ชำรุด | K5: เสื่อมสภาพ | L5: สูญหาย | M5: เก็บไว้นาน | N5: หมดความจำเป็น
A6: 055 | B6: (ปั๊มน้ำ)
A7: 1 | B7: ปั๊มน้ำอัตโนมัติแรงดันคงที่ขนาด 150 วัตต์ | C7: 055 | D7: 66 | E7: 0281 | F7: 7 ก.ย 66 | G7: 6420 | H7: ส่วนการาโยธา/งานสวนสาธารณะ/สวนเขื่อนยาง | I7: / | Q7: /
A8: 2 | B8: ปั๊มน้ำอัตโนมัติแรงดันคงที่ขนาด 150 วัตต์ | C8: 055 | D8: 66 | E8: 0282 | F8: 7 ก.ย 66 | G8: 6420 | H8: ส่วนการาโยธา/งานสวนสาธารณะ/สวนเขื่อนยาง | I8: / | Q8: /
A9: 3 | B9: ปั๊มน้ำอัตโนมัติแรงดันคงที่ขนาด 150 วัตต์ | C9: 055 | D9: 66 | E9: 0283 | F9: 7 ก.ย 66 | G9: 6420 | H9: ส่วนการาโยธา/งานสวนสาธารณะ/สวนเขื่อนยาง | I9: / | Q9: /
A10: 4 | B10: ปั๊มน้ำหอยโข่งขนาด 2HP, 220V, ท่อ 2นิ้วแรงดัน 500ลิตร/นาที | C10: 055 | D10: 66 | E10: 0284 | F10: 7 ก.ย 66 | G10: 11770 | H10: ส่วนการาโยธา/งานสวนสาธารณะ/สวนเขื่อนยาง | I10: / | Q10: /
A11: 5 | B11: ปั๊มน้ำหอยโข่งขนาด 2HP, 220V, ท่อ 2นิ้วแรงดัน 500ลิตร/นาที | C11: 055 | D11: 66 | E11: 0285 | F11: 7 ก.ย 66 | G11: 11770 | H11: ส่วนการาโยธา/งานสวนสาธารณะ/สวนเขื่อนยาง | I11: / | Q11: /
A12: 6 | B12: ปั๊มน้ำหอยโข่งขนาด 3HP, 380V, ท่อ 3นิ้วแรงดัน1000ลิตร/นาที | C12: 055 | D12: 66 | E12: 0286 | F12: 7 ก.ย 66 | G12: 12840 | H12: ส่วนการาโยธา/งานสวนสาธารณะ/สวนเขื่อนยาง | I12: / | Q12: /
A13: 7 | B13: ปั๊มน้ำหอยโข่งขนาด 5HP, 380V, ท่อ 3นิ้วแรงดัน1200ลิตร/นาที | C13: 055 | D13: 66 | E13: 0287 | F13: 7 ก.ย 66 | G13: 16585 | H13: ส่วนการาโยธา/งานสวนสาธารณะ/สวนเขื่อนยาง | I13: / | Q13: /
A14: 8 | B14: ปั๊มน้ำหอยโข่งขนาด 5HP, 380V, ท่อ 3นิ้วแรงดัน1200ลิตร/นาที | C14: 055 | D14: 66 | E14: 0288 | F14: 7 ก.ย 66 | G14: 16585 | H14: ส่วนการาโยธา/งานสวนสาธารณะ/สวนเขื่อนยาง | I14: / | Q14: /
G15: =SUM(G7:G14) -> 88810
A16: 087 | B16: (เต้นท์)
A17: 1 | B17: โครงเต้นท์พร้อมผ้าใบ | C17: 087 | D17: 59 | E17: 0126 | F17: 7 เม.ย. 59 | G17: 21900 | H17: ส่วนการโยธา / งานบำรุงรักษาอาคารและสถานที่ | I17: / | O17: โรงพัสดุฯ | Q17: /
A18: 2 | B18: โครงเต้นท์พร้อมผ้าใบ | C18: 087 | D18: 59 | E18: 0127 | F18: 7 เม.ย. 59 | G18: 21900 | H18: ส่วนการโยธา / งานบำรุงรักษาอาคารและสถานที่ | I18: / | O18: โรงพัสดุฯ | Q18: /
A19: 3 | B19: โครงเต้นท์พร้อมผ้าใบ | C19: 087 | D19: 59 | E19: 0128 | F19: 7 เม.ย. 59 | G19: 21900 | H19: ส่วนการโยธา / งานบำรุงรักษาอาคารและสถานที่ | I19: / | O19: โรงพัสดุฯ | Q19: /
A20: 4 | B20: โครงเต้นท์พร้อมผ้าใบ | C20: 087 | D20: 59 | E20: 0129 | F20: 7 เม.ย. 59 | G20: 21900 | H20: ส่วนการโยธา / งานบำรุงรักษาอาคารและสถานที่ | I20: / | O20: โรงพัสดุฯ | Q20: /
A21: 5 | B21: โครงเต้นท์พร้อมผ้าใบ | C21: 087 | D21: 59 | E21: 0130 | F21: 7 เม.ย. 59 | G21: 21900 | H21: ส่วนการโยธา / งานบำรุงรักษาอาคารและสถานที่ | I21: / | O21: โรงพัสดุฯ | Q21: /
A22: 6 | B22: โครงเต้นท์พร้อมผ้าใบ | C22: 087 | D22: 59 | E22: 0131 | F22: 7 เม.ย. 59 | G22: 21900 | H22: ส่วนการโยธา / งานบำรุงรักษาอาคารและสถานที่ | I22: / | O22: โรงพัสดุฯ | Q22: /
A23: 7 | B23: โครงเต้นท์พร้อมผ้าใบ | C23: 087 | D23: 59 | E23: 0132 | F23: 7 เม.ย. 59 | G23: 21900 | H23: ส่วนการโยธา / งานบำรุงรักษาอาคารและสถานที่ | I23: / | O23: โรงพัสดุฯ | Q23: /
A24: 8 | B24: โครงเต้นท์พร้อมผ้าใบ | C24: 087 | D24: 59 | E24: 0133 | F24: 7 เม.ย. 59 | G24: 21900 | H24: ส่วนการโยธา / งานบำรุงรักษาอาคารและสถานที่ | I24: / | O24: โรงพัสดุฯ | Q24: /
A25: 9 | B25: โครงเต้นท์พร้อมผ้าใบ | C25: 087 | D25: 59 | E25: 0134 | F25: 7 เม.ย. 59 | G25: 21900 | H25: ส่วนการโยธา / งานบำรุงรักษาอาคารและสถานที่ | I25: / | O25: โรงพัสดุฯ | Q25: /
A26: 10 | B26: โครงเต้นท์พร้อมผ้าใบ | C26: 087 | D26: 59 | E26: 0135 | F26: 7 เม.ย. 59 | G26: 21900 | H26: ส่วนการโยธา / งานบำรุงรักษาอาคารและสถานที่ | I26: / | O26: โรงพัสดุฯ | Q26: /
A27: 11 | B27: ผ้าใบเต็นท์ขนาด 4x8 เมตร สีขาว | C27: 087 | D27: 62 | E27: 0136 | F27: 14 มี.ค.62 | G27: 8700 | H27: ส่วนการโยธา / งานบำรุงรักษาอาคารและสถานที่ | I27: / | O27: โรงพัสดุฯ | Q27: /
A28: 12 | B28: ผ้าใบเต็นท์ขนาด 4x8 เมตร สีขาว | C28: 088 | D28: 63 | E28: 0137 | F28: 14 มี.ค.62 | G28: 8700 | H28: ส่วนการโยธา / งานบำรุงรักษาอาคารและสถานที่ | I28: / | O28: โรงพัสดุฯ | Q28: /
... A66: 50 | B66: ผ้าใบเต็นท์ขนาด 4x8 เมตร สีขาว พร้อมสกรีนโลโก้ เทศบาลนครลำปาง | C66: 087 | D66: 66 | E66: 0175 | F66: 6 ม.ค.66 | G66: 22000 | H66: ส่วนการโยธา / งานบำรุงรักษาอาคารและสถานที่ | I66: / | O66: โรงพัสดุฯ | Q66: /
G67: =SUM(G17:G66) -> 833000
A68: 400 | B68: (โต๊ะ)
A69: 1 | B69: โต๊ะ | C69: 400 | D69: 26 | E69: 0713 | F69: 46132 | G69: 4500 | H69: ส่วนการโยธา/งานธุรการ | K69: / | O69: ขอจำหน่าย
A70: 2 | B70: โต๊ะพิมพ์ดีด | C70: 400 | D70: 31 | E70: 1765 | F70: 11504 | G70: 1200 | H70: ส่วนการโยธา/งานธุรการ | I70: / | O70: ตึกสาธารณูปโภค | Q70: /
A71: 3 | B71: โต๊ะทำงานไม้อัดสัก | C71: 400 | D71: 32 | E71: 1877 | F71: 11984 | G71: 800 | H71: ส่วนการโยธา/งานธุรการ (ช่างสุขาฯ เดิม) | K71: / | O71: ขอจำหน่าย
A72: 4 | B72: โต๊ะทำงานไม้อัดสัก | C72: 400 | D72: 32 | E72: 1888 | F72: 11984 | G72: 900 | H72: ส่วนการโยธา/ฝ่ายช่างสุขาภิบาล/งานวิเคราะห์คุณภาพน้ำ | O72: วิชุดา
A73: 5 | B73: โต๊ะประชุม ผิวพื้นและขากรุไม้อัดสัก | C73: 400 | D73: 38 | E73: 2834 | F73: 14158 | G73: 12915 | H73: ส่วนการโยธา/งานเครื่องจักรกล/ ศูนย์เครื่องจักรฯ | I73: / | O73: พิมทิพย์ | Q73: /
A74: 6 | B74: โต๊ะประชุม | C74: 400 | D74: 38 | E74: 2836 | F74: 14158 | G74: 12915 | H74: ส่วนการโยธา/งานสวนสาธารณะ/สาธารณะ สวน ท.7 | I74: / | O74: สวน ท.7 | Q74: /
A75: 7 | B75: โต๊ะประชุม | C75: 400 | D75: 38 | E75: 2837 | F75: 14158 | G75: 12915 | H75: ส่วนการโยธา/งานธุรการ | I75: / | O75: ตึกสุขาภิบาล | Q75: /
A76: 8 | B76: โต๊ะประชุม | C76: 400 | D76: 38 | E76: 2842 | F76: 14158 | G76: 12915 | H76: ส่วนการโยธา/งานธุรการ | K76: /
A77: 9 | B77: โต๊ะทำงานเหล็ก | C77: 400 | D77: 43 | E77: 3752 | F77: 15751 | G77: 4400 | H77: ส่วนการโยธา/งานธุรการ/(ช่างสุขาฯ เดิม) | K77: / | O77: ขอจำหน่าย
A78: 10 | B78: โต๊ะทำงานเหล็ก | C78: 400 | D78: 43 | E78: 3753 | F78: 15751 | G78: 4400 | H78: ส่วนการโยธา/งานธุรการ/(ช่างสุขาฯ เดิม)/รอง | K78: / | O78: ขอจำหน่าย
A79: 11 | B79: โต๊ะทำงานไม้สัก | C79: 400 | D79: 43 | E79: 3754 | F79: 15751 | G79: 2600 | H79: ส่วนการโยธา/งานธุรการ/(ช่างสุขาฯ เดิม)รอง | I79: / | O79: เสวก | Q79: /
A80: 12 | B80: โต๊ะทำงานไม้สัก | C80: 400 | D80: 43 | E80: 3756 | F80: 15751 | G80: 2600 | H80: ส่วนการโยธา/งานธุรการ/(ช่างสุขาฯ เดิม)ช่างเสวก | K80: / | O80: ขอจำหน่าย
A81: 13 | B81: โต๊ะคอมพิวเตอร์ | C81: 400 | D81: 44 | E81: 3972 | F81: 16206 | G81: 3200 | H81: ส่วนการโยธา / งานวิเคราะห์คุณภาพน้ำ | K81: / | O81: ขอจำหน่าย
A82: 14 | B82: โต๊ะเหล็ก | C82: 400 | D82: 44 | E82: 3982 | F82: 16314 | G82: 4345 | H82: ส่วนการโยธา/งานธุรการ (ช่างสุขาฯ เดิม) | K82: / | O82: ขอจำหน่าย
A83: 15 | B83: โต๊ะเหล็ก | C83: 400 | D83: 44 | E83: 3983 | F83: 16314 | G83: 4345 | H83: ส่วนการโยธา/งานธุรการ (ช่างสุขาฯ เดิม) | K83: / | O83: ขอจำหน่าย
A84: 16 | B84: โต๊ะทำงานเหล็ก | C84: 400 | D84: 44 | E84: 3984 | F84: 16314 | G84: 4345 | H84: ส่วนการโยธา/งานธุรการ (ช่างสุขาฯ เดิม) | I84: / | O84: ขอจำหน่าย | Q84: /
A85: 17 | B85: โต๊ะคอมพิวเตอร์ | C85: 400 | D85: 44 | E85: 3985 | F85: 16314 | G85: 2500 | H85: งานธุรการ (ช่างสุขาฯ เดิม) | K85: / | O85: ขอจำหน่าย
A86: 18 | B86: โต๊ะประชุม | C86: 400 | D86: 44 | E86: 4701 | F86: 16340 | G86: 8000 | H86: งานบำรุงรักษาอาคารและสถานที่ ช่างอรุณ | I86: / | O86: (ฑูรย์) ผู้ช่วยช่างศิลป์ | Q86: /
A87: 19 | B87: โต๊ะทำงานพร้อมเก้าอี้ | C87: 400 | D87: 45 | E87: 4513 | F87: 16521 | G87: 2600 | H87: ส่วนการโยธา/ฝ่ายช่างสุขาภิบาล/งานวิเคราะห์คุณภาพน้ำ | I87: / | O87: นฤมล | Q87: /
A88: 20 | B88: โต๊ะทำงานพร้อมเก้าอี้ | C88: 400 | D88: 45 | E88: 4519 | F88: 16522 | G88: 2020 | H88: ส่วนการโยธา/งานธุรการ (ช่างสุขาฯ เดิม) | I88: / | O88: ธนัญญา | P88: ***หาเก้าอี้ไม่เจอ | Q88: /
A89: 21 | B89: โต๊ะหมู่บูชา (สำนักการช่าง งานไฟฟ้าถนน) | C89: 400 | D89: 45 | E89: 4582 | F89: 16536 | G89: 5000 | H89: ส่วนการโยธา / งานบำรุงรักษาอาคารและสถานที่ | I89: / | P89: *** ไม่ได้ติ๊ก | Q89: /
A90: 22 | B90: โต๊ะวางคอมพิวเตอร์และวางเครื่องปริ๊นเตอร์ | C90: 400 | D90: 45 | E90: 4707 | F90: 16587 | G90: 3200 | H90: ส่วนการโยธา/งานธุรการ(ภัทรพร) | J90: / | O90: ภัทรพร
A91: 23 | B91: โต๊ะทำงาน | C91: 400 | D91: 46 | E91: 5337 | F91: 16843 | G91: 2020 | H91: ส่วนการโยธา/งานธุรการ(ไพรัช) | I91: / | O91: ปรมินทร์ | Q91: /
A92: 24 | B92: โต๊ะทำงาน | C92: 400 | D92: 46 | E92: 5340 | F92: 16843 | G92: 2020 | H92: ส่วนการโยธา/งานเครื่องจักรและซ่อมบำรุง | I92: / | O92: บ่อหมัก | Q92: /
A93: 25 | B93: โต๊ะทำงาน | C93: 400 | D93: 46 | E93: 5341 | F93: 16843 | G93: 2020 | H93: ส่วนการโยธา/งานเครื่องจักรและซ่อมบำรุง | I93: / | O93: บ่อหมัก | Q93: /
A94: 26 | B94: โต๊ะทำงาน | C94: 400 | D94: 46 | E94: 5342 | F94: 16843 | G94: 2020 | H94: ส่วนการโยธา/งานธุรการ(งานเลขารองปลัด) | I94: / | O94: อุษณีพร | Q94: /
A95: 27 | B95: โต๊ะทำงาน | C95: 400 | D95: 46 | E95: 5343 | F95: 16843 | G95: 2020 | H95: ส่วนการโยธา/งานซ่อมและบำรุงเครื่องจักรกล | I95: / | O95: พิมพ์ทิพย์ | Q95: /
A96: 28 | B96: โต๊ะทำงาน | C96: 400 | D96: 46 | E96: 5344 | F96: 16845 | G96: 2020 | H96: ส่วนการโยธา/งานธุรการ (อรุณ) | I96: / | O96: อรุณ | Q96: /
A97: 29 | B97: โต๊ะทำงาน | C97: 400 | D97: 46 | E97: 5345 | F97: 16845 | G97: 2020 | H97: ส่วนการโยธา/งานธุรการ (ชนิดา) | I97: / | O97: ชนิดา | Q97: /
A98: 30 | B98: โต๊ะทำงาน | C98: 400 | D98: 46 | E98: 5348 | F98: 16851 | G98: 1800 | H98: ส่วนการโยธา/งานธุรการ (ช่างสุขาฯ เดิม) เมธ์วดี | I98: / | O98: สุชาติ | Q98: /
A99: 31 | B99: โต๊ะทำงาน | C99: 400 | D99: 48 | E99: 5667 | F99: 17818 | G99: 2600 | H99: ส่วนการโยธา/งานธุรการ (องอาจ) | I99: / | Q99: /
A100: 32 | B100: โต๊ะทำงาน | C100: 400 | D100: 48 | E100: 5668 | F100: 17824 | G100: 2600 | H100: ส่วนการโยธา/งานธุรการ (มณเฑียร) | I100: / | Q100: /
A101: 33 | B101: โต๊ะทำงาน | C101: 400 | D101: 48 | E101: 5669 | F101: 17824 | G101: 2600 | H101: ส่วนการโยธา/งานธุรการ (ธนพันธ์) | I101: / | O101: ธนพันธ์ | Q101: /
A102: 34 | B102: โต๊ะประชุม | C102: 400 | D102: 49 | E102: 6616 | F102: 18166 | G102: 1575 | H102: ส่วนการโยธา / งานกำจัดขยะมูลฝอยฯ/บ่อขยะกล้วยแพะ | I102: / | O102: สำนักงานบ่อขยะ | Q102: /
A103: 35 | B103: โต๊ะประชุม | C103: 400 | D103: 49 | E103: 6617 | F103: 18166 | G103: 1575 | H103: ส่วนการโยธา / งานกำจัดขยะมูลฝอยฯ/บ่อขยะกล้วยแพะ | I103: / | O103: สำนักงานบ่อขยะ | Q103: /
A104: 36 | B104: โต๊ะประชุม | C104: 400 | D104: 49 | E104: 6618 | F104: 18166 | G104: 1575 | H104: ส่วนการโยธา / งานกำจัดขยะมูลฝอยฯ/บ่อขยะกล้วยแพะ | I104: / | O104: สำนักงานบ่อขยะ | Q104: /
A105: 37 | B105: โต๊ะประชุม | C105: 400 | D105: 49 | E105: 6619 | F105: 18166 | G105: 1575 | H105: ส่วนการโยธา / งานกำจัดขยะมูลฝอยฯ/บ่อขยะกล้วยแพะ | I105: / | O105: สำนักงานบ่อขยะ | Q105: /
A106: 38 | B106: โต๊ะประชุม | C106: 400 | D106: 49 | E106: 6620 | F106: 18166 | G106: 1575 | H106: ส่วนการโยธา / งานกำจัดขยะมูลฝอยฯ/บ่อขยะกล้วยแพะ | I106: / | O106: สำนักงานบ่อขยะ | Q106: /
A107: 39 | B107: โต๊ะประชุม | C107: 400 | D107: 49 | E107: 6621 | F107: 18166 | G107: 1575 | H107: ส่วนการโยธา / งานกำจัดขยะมูลฝอยฯ/บ่อขยะกล้วยแพะ | I107: / | O107: สำนักงานบ่อขยะ | Q107: /
A108: 40 | B108: โต๊ะประชุม | C108: 400 | D108: 49 | E108: 6622 | F108: 18166 | G108: 1575 | H108: ส่วนการโยธา / งานกำจัดขยะมูลฝอยฯ/บ่อขยะกล้วยแพะ | I108: / | O108: เครื่องชั่งกล้วยแพ | Q108: /
A109: 41 | B109: โต๊ะประชุม | C109: 400 | D109: 49 | E109: 6623 | F109: 18166 | G109: 1575 | H109: ส่วนการโยธา / งานกำจัดขยะมูลฝอยฯ/บ่อขยะกล้วยแพะ | J109: / | O109: เครื่องชั่งกล้วยแพ
A110: 42 | B110: โต๊ะทำงาน | C110: 400 | D110: 49 | E110: 6624 | F110: 18166 | G110: 4500 | H110: ส่วนการโยธา / งานกำจัดขยะมูลฝอยฯ/บ่อขยะกล้วยแพะ | J110: / | O110: เครื่องชั่งกล้วยแพ
A111: 43 | B111: โต๊ะทำงาน | C111: 400 | D111: 49 | E111: 6625 | F111: 18166 | G111: 4500 | H111: ส่วนการโยธา / งานกำจัดขยะมูลฝอยฯ/บ่อขยะกล้วยแพะ | J111: / | O111: สำนักงานบ่อขยะ
A112: 44 | B112: โต๊ะทำงาน | C112: 400 | D112: 49 | E112: 6626 | F112: 18166 | G112: 4500 | H112: ส่วนการโยธา / งานกำจัดขยะมูลฝอยฯ/บ่อขยะกล้วยแพะ | J112: / | O112: สำนักงานบ่อขยะ
A113: 45 | B113: โต๊ะคอมพิวเตอร์ | C113: 400 | D113: 53 | E113: 5948 | F113: 19681 | G113: 1700 | H113: ส่วนการโยธา/งานธุรการ (เฉลิมพล) | J113: / | O113: บ้านพักลุงหมี
A114: 46 | B114: โต๊ะสนามเหล็กหล่อ | C114: 400 | D114: 58 | E114: 6022 | F114: 21206 | G114: 8000 | H114: ส่วนการโยธา/ศาลากลางหลังเก่า | J114: / | O114: บ้านพักลุงหมี
A115: 47 | B115: โต๊ะสนามเหล็กหล่อ | C115: 400 | D115: 58 | E115: 6023 | F115: 21206 | G115: 8000 | H115: ส่วนการโยธา/ศาลากลางหลังเก่า | O115: ศาลากลางเก่า
A116: 48 | B116: โต๊ะสนามเหล็กหล่อ | C116: 400 | D116: 58 | E116: 6024 | F116: 21206 | G116: 8000 | H116: ส่วนการโยธา/ศาลากลางหลังเก่า | O116: ศาลากลางเก่า
A117: 49 | B117: โต๊ะพับเหล็ก | C117: 400 | D117: 59 | E117: 6027 | F117: 21662 | G117: 650 | H117: ส่วนการโยธา / งานบำรุงรักษาอาคารและสถานที่ | K117: / | O117: ขอจำหน่าย
A118: 50 | B118: โต๊ะพับเหล็ก | C118: 400 | D118: 59 | E118: 6028 | F118: 21662 | G118: 650 | H118: ส่วนการโยธา / งานบำรุงรักษาอาคารและสถานที่ | K118: / | O118: ขอจำหน่าย
A119: 51 | B119: โต๊ะพับเหล็ก | C119: 400 | D119: 59 | E119: 6029 | F119: 21662 | G119: 650 | H119: ส่วนการโยธา / งานบำรุงรักษาอาคารและสถานที่ | K119: / | O119: ขอจำหน่าย
A120: 52 | B120: โต๊ะพับเหล็ก | C120: 400 | D120: 59 | E120: 6030 | F120: 21662 | G120: 650 | H120: ส่วนการโยธา / งานบำรุงรักษาอาคารและสถานที่ | K120: / | O120: ขอจำหน่าย
A121: 53 | B121: โต๊ะพับเหล็ก | C121: 400 | D121: 59 | E121: 6031 | F121: 21662 | G121: 650 | H121: ส่วนการโยธา / งานบำรุงรักษาอาคารและสถานที่ | K121: / | O121: ขอจำหน่าย
A122: 54 | B122: โต๊ะพับเหล็ก | C122: 400 | D122: 59 | E122: 6032 | F122: 21662 | G122: 650 | H122: ส่วนการโยธา / งานบำรุงรักษาอาคารและสถานที่ | K122: / | O122: ขอจำหน่าย
A123: 55 | B123: โต๊ะพับเหล็ก | C123: 400 | D123: 59 | E123: 6033 | F123: 21662 | G123: 650 | H123: ส่วนการโยธา / งานบำรุงรักษาอาคารและสถานที่ | K123: / | O123: ขอจำหน่าย
A124: 56 | B124: โต๊ะพับเหล็ก | C124: 400 | D124: 59 | E124: 6034 | F124: 21662 | G124: 650 | H124: ส่วนการโยธา / งานบำรุงรักษาอาคารและสถานที่ | K124: / | O124: ขอจำหน่าย
A125: 57 | B125: โต๊ะพับเหล็ก | C125: 400 | D125: 59 | E125: 6035 | F125: 21662 | G125: 650 | H125: ส่วนการโยธา / งานบำรุงรักษาอาคารและสถานที่ | K125: / | O125: ขอจำหน่าย
A126: 58 | B126: โต๊ะพับเหล็ก | C126: 400 | D126: 59 | E126: 6036 | F126: 21662 | G126: 650 | H126: ส่วนการโยธา / งานบำรุงรักษาอาคารและสถานที่ | K126: / | O126: ขอจำหน่าย
A127: 59 | B127: โต๊ะพับเหล็ก | C127: 400 | D127: 59 | E127: 6037 | F127: 21662 | G127: 650 | H127: ส่วนการโยธา / งานบำรุงรักษาอาคารและสถานที่ | K127: / | O127: ขอจำหน่าย
A128: 60 | B128: โต๊ะพับเหล็ก | C128: 400 | D128: 59 | E128: 6038 | F128: 21662 | G128: 650 | H128: ส่วนการโยธา / งานบำรุงรักษาอาคารและสถานที่ | K128: / | O128: ขอจำหน่าย
... A282: 214 | B282: โต๊ะพับเหล็ก | C282: 400 | D282: 59 | E282: 6192 | F282: 21662 | G282: 650 | H282: ส่วนการโยธา / งานบำรุงรักษาอาคารและสถานที่ | K282: / | O282: ขอจำหน่าย
A283: 215 | B283: โต๊ะพับเหล็ก | C283: 400 | D283: 59 | E283: 6193 | F283: 21662 | G283: 650 | H283: ส่วนการโยธา / งานบำรุงรักษาอาคารและสถานที่ | K283: / | O283: ขอจำหน่าย | P283: รับ ยธ ที่ 316/66 ลว.27 เม.ย.66
A284: 216 | B284: โต๊ะพับเหล็ก | C284: 400 | D284: 59 | E284: 6194 | F284: 21662 | G284: 650 | H284: ส่วนการโยธา / งานบำรุงรักษาอาคารและสถานที่ | K284: / | O284: ขอจำหน่าย
A285: 217 | B285: โต๊ะพับเหล็ก | C285: 400 | D285: 59 | E285: 6195 | F285: 21662 | G285: 650 | H285: ส่วนการโยธา / งานบำรุงรักษาอาคารและสถานที่ | K285: / | O285: ขอจำหน่าย
A286: 218 | B286: โต๊ะพับเหล็ก | C286: 400 | D286: 59 | E286: 6196 | F286: 21662 | G286: 650 | H286: ส่วนการโยธา / งานบำรุงรักษาอาคารและสถานที่ | K286: / | O286: ขอจำหน่าย
A287: 219 | B287: โต๊ะพับเหล็ก | C287: 400 | D287: 59 | E287: 6197 | F287: 21662 | G287: 650 | H287: ส่วนการโยธา / งานบำรุงรักษาอาคารและสถานที่ | K287: / | O287: ขอจำหน่าย
A288: 220 | B288: โต๊ะพับเหล็ก | C288: 400 | D288: 59 | E288: 6198 | F288: 21662 | G288: 650 | H288: ส่วนการโยธา / งานบำรุงรักษาอาคารและสถานที่ | K288: / | O288: ขอจำหน่าย
A289: 221 | B289: โต๊ะพับเหล็ก | C289: 400 | D289: 59 | E289: 6199 | F289: 21662 | G289: 650 | H289: ส่วนการโยธา / งานบำรุงรักษาอาคารและสถานที่ | K289: / | O289: ขอจำหน่าย
A290: 222 | B290: โต๊ะพับเหล็ก | C290: 400 | D290: 59 | E290: 6200 | F290: 21662 | G290: 650 | H290: ส่วนการโยธา / งานบำรุงรักษาอาคารและสถานที่ | K290: / | O290: ขอจำหน่าย
...

Sheet 2.ครุภัณฑ์ยานพาหนะฯ (รวมทุกงาน)
A1: ทะเบียนรายงานผลการตรวจนับครุภัณฑ์ ประจำปีงบประมาณ 2567 | N1: จำหน่าย
A3: 2. ครุภัณฑ์ยานพาหนะและขนส่ง
A4: ลำดับที่ | B4: รายการ | C4: หมายเลขครุภัณฑ์ | D4: วันเดือนปี | E4: ราคาที่ได้ | F4: สถานที่ใช้งาน | G4: สภาพครุภัณฑ์ | M4: หมายเหตุ
D5: ที่ได้มา | G5: ใช้ได้ | H5: ชำรุด | I5: เสื่อมสภาพ | J5: สูญหาย | K5: เก็บไว้นาน | L5: หมดความจำเป็น
A6: 001 | B6: (รถตู้)
A7: 1 | B7: รถตู้ ยี่ห้อ มิตซูบิชิ รุ่น แอล300 (นก.587) | C7: 001-28-0003 | D7: 2 เม.ย.28 | E7: 306000 | F7: Carpool 1 | H7: / | M7: ขอจำหน่าย
A8: 2 | B8: รถตรวจการณ์ ยี่ห้อ แลนด์โรเวอร์ รุ่น Discouvery (กค-589) | C8: 001-40-0007 | D8: 14759 | E8: 1297000 | F8: Carpool 2 | G8: / | M8: พิมทิพย์
A9: 3 | B9: รถตู้ ยี่ห้อ โตโยต้า รุ่น คอมมูเตอร์ สีเทา (นก 2277) | C9: 001-49-0008 | D9: 17939 | E9: 1150000 | F9: Carpool 1 | G9: / | M9: พิมทิพย์
A10: 4 | B10: รถตู้ ยี่ห้อ นิสสัน รุ่น เออแวน สีบรอนซ์เงิน (นข 2892) | C10: 001-49-0009 | D10: 31 พ.ค.49 | E10: 979000 | F10: Carpool 1 | G10: / | M10: พิมทิพย์
A11: 5 | B11: รถตรวจการณ์ ยี่ห้อ อีซูซุ รุ่น MU7 สีดำ-เทา (กก-9546) | C11: 001-52-0010 | D11: 19086 | E11: 1192000 | F11: Carpool 1 | G11: / | M11: พิมทิพย์
A12: 6 | B12: รถตู้ ยี่ห้อโตโยต้า รุ่น คอมมูเตอร์ สีขาว(นข-5828) | C12: 001-58-0013 | D12: 21194 | E12: 1293000 | F12: Carpool 1 | G12: / | M12: พิมทิพย์
A13: 7 | B13: รถตู้ 12 ที่นั่ง ยี่ห้อนิสสัน รุ่น NV 350 URVAN (นข-6898) | C13: 001-62-0014 | D13: 22921 | E13: 1235000 | F13: Carpool 1 | G13: / | M13: พิมทิพย์
E14: =SUM(E7:E13) -> 7452000
A15: 002 | B15: (รถกระบะ)
A16: 1 | B16: รถยนต์บรรทุก | C16: 002-29-0018 | D16: 10638 | E16: 294500 | F16: ส่วนการโยธา/งานสวนสาธาณะ | G16: /
A17: 2 | B17: รถยนต์ปิคอัพสองตอน | C17: 002-29-0020 | D17: 10754 | E17: 225000 | F17: งานบำรุงรักษาทางและสะพาน | I17: / | M17: ขอจำหน่าย | N17: 1
A18: 3 | B18: รถกระบะ 4 ประตู | C18: 002-31-0021 | D18: 11572 | E18: 590000 | F18: Capool 2 | G18: / | M18: พิมทิพย์
A19: 4 | B19: รถยนต์บรรทุก | C19: 002-34-0024 | D19: 12587 | E19: 1497000 | F19: งานบำรุงรักษาทางและสะพาน | G19: /
A20: 5 | B20: รถบรรทุกกระบะ 6 ล้อ | C20: 002-34-0025 | D20: 12548 | E20: 465000 | F20: Capool 1 | G20: / | M20: พิมทิพย์
A21: 6 | B21: รถกระบะวากอน | C21: 002-34-0039 | D21: 12744 | E21: 574000 | F21: Capool 1 | G21: / | M21: พิมทิพย์
A22: 7 | B22: รถกระบะ 4 ประตู | C22: 002-35-0027 | D22: 12912 | E22: 577000 | F22: Capool 1 | G22: / | M22: พิมทิพย์
A23: 8 | B23: รถบรรทุกกระบะสำเร็จรูป | C23: 002-35-0028 | D23: 12912 | E23: 347000 | F23: งานบำรุงรักษาทางและสะพาน | G23: / | M23: โอนให้งานลาดยางงบ 62
A24: 9 | B24: รถยนต์กระบะ | C24: 002-37-0030 | D24: 13688 | E24: 530000 | F24: งานบำรุงรักษาอาคารและสถานที่ | G24: / | M24: กรกิจ
A25: 10 | B25: กระบะ 4 ประตู | C25: 002-39-0034 | D25: 14534 | E25: 501000 | F25: Capool 1 | G25: / | M25: พิมทิพย์
A26: 11 | B26: รถกระบะแค็บ | C26: 002-40-0038 | D26: 14652 | E26: 375300 | F26: Capool 1 | G26: / | M26: พิมทิพย์
A27: 12 | B27: รถกระบะ 4 ประตู | C27: 002-40-0040 | D27: 14744 | E27: 519000 | F27: Capool 1 | G27: / | M27: พิมทิพย์
A28: 13 | B28: รถยนต์บรรทุกกระบะ | C28: 002-41-0041 | D28: 15326 | E28: 450000 | F28: งานบำรุงรักษาอาคารและสถานที่ | G28: / | M28: อัศวิน
A29: 14 | B29: รถยนต์ ยี่ห้อ TOYOTA ทะเบียน บท5886 ลำปาง | C29: 002-41-0042 | D29: 15213 | E29: 347500 | F29: ศูนย์เครื่องจักรกล | G29: / | M29: พิมทิพย์
A30: 15 | B30: กระบะแค๊ป | C30: 002-41-0043 | D30: 15249 | E30: 390000 | F30: Capool 2 | G30: / | M30: พิมทิพย์
A31: 16 | B31: กระบะแค๊ป | C31: 002-41-0044 | D31: 15249 | E31: 390000 | F31: Capool 1 | G31: / | M31: พิมทิพย์
... A44: 29 | B44: รถกระบะ 4 ประตู | C44: 002-52-0063 | D44: 19114 | E44: 615950 | F44: Capool 1 | G44: / | M44: พิมทิพย์
A45: 30 | B45: รถกระบะ 4 ประตู | C45: 002-55-0064 | D45: 20402 | E45: 623525.33 | F45: Capool 1 | G45: /
A46: 31 | B46: รถยนต์บรรทุก (ดีเซล) กระบะเหล็ก | C46: 002-67-0065 | D46: 19 ก.ย 67 | E46: 1220000 | F46: ส่วนการโยธา / งานสวนสาธารณะ | G46: /
E47: =SUM(E16:E46) -> 16549970
A48: 006 | B48: (รถบรรทุกน้ำ)
A49: 1 | B49: รถบรรทุกน้ำ ยี่ห้อ HINO สีแดง (ลป. 81-1716) | C49: 006-22-0004 | D49: 14 พ.ค. 22 | E49: 339500 | F49: ส่วนการโยธา / งานสวนสาธารณะ | G49: /
A50: 2 | B50: รถบรรทุกน้ำ ยี่ห้ออีซูซุ สีแดง (ลป.81-1885) | C50: 006-25-0006 | D50: 24 ส.ค. 25 | E50: 430611 | F50: ส่วนการโยธา / งานสวนสาธารณะ | H50: /
A51: 3 | B51: รถบรรทุกน้ำ ยี่ห้ออีซูซุ สีแดง (ลป.81-1715) | C51: 006-25-0007 | D51: 17 ก.ย. 25 | E51: 430611 | F51: ส่วนการโยธา / งานสวนสาธารณะ | G51: /
A52: 4 | B52: รถบรรทุกน้ำ ยี่ห้อ HINO สีแดง | C52: 006-34-0008 | D52: 31 ม.ค.34 | E52: 1497000 | F52: ส่วนการโยธา /งานบำรุงรักษาและซ่อมแซม | G52: / | M52: บ่อขยะ
A53: 5 | B53: รถบรรทุกน้ำ ยี่ห้ออีซูซุ บรรจุน้ำ 12,000 บาท (ลป บท 4615) | C53: 006-41-0012 | D53: 23 มี.ค.41 | E53: 1980000 | F53: ส่วนการโยธา / งานสวนสาธารณะ | G53: / | M53: โอนมาจากดับเพลิง
A54: 6 | B54: รถบรรทุกดีเซล บรรจุน้ำ | C54: 006-67-0018 | D54: 19 ก.ย 67 | E54: 2100000 | F54: ส่วนการโยธา / งานสวนสาธารณะ | G54: /
E55: =SUM(E49:E54) -> 6777722
A56: 009 | B56: (รถดูดสิ่งปฏิกูล)
A57: 1 | B57: รถยนต์บรรทุกเฉพาะกิจ (กำจัดสิ่งปฏิกูล) ลป.81-0391 | C57: 009-26-0003 | D57: 29 เม.ย. 26 | E57: 473500 | F57: ส่วนการโยธา / งานบำรุงรักษาทางและสะพาน | G57: / | M57: บ่อหมัก
E58: =SUM(E57:E57) -> 473500
A59: 010 | B59: (รถกวาดถนน)
A60: 1 | B60: รถยนต์ซ่อมบำรุงรักษาถนนแบบเอนกประสงค์ ลป.80-8808 | C60: 010-37-0001 | D60: 22 มิ.ย. 37 | E60: 1246000 | F60: ส่วนการโยธา / งานสวนสาธารณะ | G60: /
A61: 2 | B61: รถดูดสิ่งโสโครก โคลนเลนและฉีดท่อระบายน้ำ ลป.80-8778 | C61: 010-44-0004 | D61: 9 เม.ย. 44 | E61: 11990000 | F61: ส่วนการโยธา /งานบำรุงรักษาและซ่อมแซม | G61: /
E62: =SUM(E60:E61) -> 13236000
A63: 011 | B63: (รถบรรทุกขยะมูลฝอย)
A64: 1 | B64: รถกระบะ ช่วงยาว ยี่ห้อ มิตซูบิชิ สีขาว (บห 4612) | C64: 011-29-0012 | D64: 47155 | E64: 349000 | F64: ส่วนการโยธา / งานบำรุงรักษาอาคารและสถานที่ | M64: เปลี่ยนจาก (นข 3185) ชาติ บุญทาแดง
A65: 2 | B65: รถกระบะ ช่วงยาว ยี่ห้อ มิตซูบิชิ สีขาว (บค 1440) | C65: 011-29-0014 | D65: 47155 | E65: 349000 | F65: ส่วนการโยธา / งานบำรุงรักษาทางและสะพาน | G65: / | M65: โอนให้งานลาดยางงบ 62
A66: 3 | B66: รถกระบะช่วงยาว ยี่ห้อโตโยต้า รุ่นไฮลักซ์ สีขาว (บษ-9184) | C66: 011-34-0015 | D66: 3 มิ.ย.34 | E66: 497000 | F66: ส่วนการโยธา / งานบำรุงรักษาอาคารและสถานที่ | M66: โอนให้งานลาดยางงบ 62
A67: 4 | B67: รถกระบะช่วงยาว ยี่ห้อ โตโยต้ารุ่นไฮลักซ์ สีขาว (บง 2571) | C67: 011-34-0016 | D67: 3 มิ.ย.34 | E67: 497000 | F67: Carpool 1 | G67: / | M67: พิมทิพย์
A68: 5 | B68: รถยนต์บรรทุกขยะมูลฝอย ยี่ห้อนิสสัน สีส้ม ลป.81-3514 | C68: 011-55-0035 | D68: 8 ต.ค. 55 | E68: 1604780 | F68: ส่วนการโยธา /งานบำรุงรักษาทางและสะพาน | G68: /
E69: =SUM(E64:E68) -> 3296780
A70: 012 | B70: (รถกระเช้า)
A71: 1 | B71: รถกระเช้าไฮโดรลิค ยี่ห้ออีซูซุ สีส้ม ลป.80-8807 | C71: 012-27-0001 | D71: 27 พ.ค. 27 | E71: 730000 | F71: ส่วนการโยธา / งานบำรุงรักษาอาคารและสถานที่ | I71: / | M71: ขอจำหน่าย | N71: 2
A72: 2 | B72: รถกระเช้าไฟฟ้า ยี่ห้ออีซูซุ สีขาว ลป.80-8806 | C72: 012-35-0002 | D72: 14 ธ.ค. 35 | E72: 1222000 | F72: ส่วนการโยธา / งานบำรุงรักษาอาคารและสถานที่ | M72: ของงานไฟฟ้าสาธารณะ
A73: 3 | B73: รถยนต์ซ่อมบำรุงรักษาไฟฟ้าเอนกประสงค์ยี่ห้ออีซูซุ สีส้ม ลป.80-8813 | C73: 012-37-0003 | D73: 22 มิ.ย. 37 | E73: 599200 | F73: ส่วนการโยธา / งานบำรุงรักษาอาคารและสถานที่ | M73: ของงานไฟฟ้าสาธารณะ
A74: 4 | B74: รถยนต์กระเช้าติดตั้งไฟฟ้า ยี่ห้อฮีโน่ สีส้ม ลป.80-8601 | C74: 012-43-0004 | D74: 15 ก.ย. 43 | E74: 1632000 | F74: ส่วนการโยธา / งานบำรุงรักษาอาคารและสถานที่ | M74: ของงานไฟฟ้าสาธารณะ
A75: 5 | B75: รถยนต์เครนพับแขนยืดหดได้ยีห้อ มิตซูบิชิ สีเหลือง (ลป.81-0758) | C75: 012-49-0005 | D75: 21 ก.พ. 49 | E75: 2295000 | F75: ส่วนการโยธา / งานสวนสาธารณะ | G75: /
E76: =SUM(E71:E75) -> 6478200
A77: 014 | B77: (รถยก รถปั้นจั่น)
A78: 1 | B78: รถเครน ยี่ห้อ อีซูซุ สีขาว ลป.81-0835 | C78: 014-41-0001 | D78: 7 ต.ค. 41 | E78: 1129500 | F78: ส่วนการโยธา /งานบำรุงรักษาและซ่อมแซม
A79: 2 | B79: รถเครนแขนพับและยืดได้ ยี่ห้อ มิตซูบิชิ สีเหลือง (ลป 80-8766) | C79: 014-41-0002 | D79: 30 พ.ย. 41 | E79: 2100000 | F79: ส่วนการโยธา / งานสวนสาธารณะ | G79: /
E80: =SUM(E78:E79) -> 3229500
A81: 017 | B81: (รถกระบะยกเท)
A82: 1 | B82: รถกระบะยกเท 6 ล้อ ยี่ห้ออีซูซุ สีฟ้า ลป.80-8864 | C82: 017-25-0005 | D82: 16 ก.ค. 25 | E82: 270000 | F82: ส่วนการโยธา / งานบำรุงรักษาทางและสะพาน | I82: / | M82: ขอจำหน่าย | N82: 3
A83: 2 | B83: รถกระบะยกเท 6 ล้อ ยี่ห้ออีซูซุ ลป.80-8805 | C83: 017-27-0006 | D83: 11 ก.ย. 27 | E83: 328500 | F83: ส่วนการโยธา / งานบำรุงรักษาทางและสะพาน | G83: /
A84: 3 | B84: รถบรรทุกหกล้อเทท้าย ยี่ห้อฮีโน่ สีขาว ลป.80-8771 | C84: 017-32-0008 | D84: 14 ก.ย. 32 | E84: 825000 | F84: ส่วนการโยธา / งานบำรุงรักษาทางและสะพาน | G84: /
A85: 4 | B85: รถกระบะยกเท 6 ล้อ ยี่ห้ออีซูซุ สีขาว ลป.80-8798 | C85: 017-35-0010 | D85: 21 พ.ค. 35 | E85: 847000 | F85: ส่วนการโยธา / งานบำรุงรักษาทางและสะพาน | G85: /
A86: 5 | B86: รถกระบะยกเท 6 ล้อ ยี่ห้อฮีโน่ สีส้ม ลป.81-0836 | C86: 017-36-0011 | D86: 22 เม.ย. 36 | E86: 948000 | F86: ส่วนการโยธา /งานบำรุงรักษาและซ่อมแซม
A87: 6 | B87: รถบรรทุกหกล้อเทท้าย ยี่อีซูซุ สีขาว (ลป.80-8773) | C87: 017-37-0009 | D87: 22 มิ.ย. 37 | E87: 824250 | F87: ส่วนการโยธา / งานสวนสาธารณะ | G87: /
A88: 7 | B88: รถบรรทุกเทท้าย ยี่ห้อมิตซูบิชิ สีขาว ลป.80-8770 | C88: 017-40-0012 | D88: 2 เม.ย. 40 | E88: 920000 | F88: ส่วนการโยธา / งานบำรุงรักษาทางและสะพาน | G88: /
A89: 8 | B89: รถบรรทุกเทท้าย 6 ล้อ ยี่ห้ออีซูซุ สีขาว ลป.80-8772 | C89: 017-40-0013 | D89: 6 พ.ค. 40 | E89: 920000 | F89: ส่วนการโยธา / งานบำรุงรักษาทางและสะพาน | G89: /
A90: 9 | B90: รถยนต์บรรทุกเทท้าย 6 ล้อ ยี่ห้อนิสสัน สีขาว ลป.80-8774 | C90: 017-41-0014 | D90: 15 ก.ย. 41 | E90: 939500 | F90: ส่วนการโยธา / งานบำรุงรักษาทางและสะพาน | G90: /
A91: 10 | B91: รถบรรทุกเทท้าย 4 ล้อ ยี่ห้อ TOYOTA ลป.บว.6173 | C91: 017-59-0015 | D91: 29 มิ.ย 59 | E91: 775000 | F91: ส่วนการโยธา / งานบำรุงรักษาทางและสะพาน | G91: /
E92: =SUM(E82:E91) -> 7597250
A93: 024 | B93: (รถจักรยานยนต์)
A94: 1 | B94: รถจักรยานยนต์ ยี่ห้อฮอนด้า 90 ซีซี สีน้ำตาล ลป (ช-3827) | C94: 024-29-0030 | D94: 21 ก.พ. 29 | E94: 17900 | F94: ส่วนการโยธา / งานสวนสาธารณะ | M94: ขอจำหน่าย
A95: 2 | B95: รถจักรยานยนต์ ยี่ห้อซูซูกิ รุ่น RC100 J สีแดงเข้ม (เลขทะเบียนเดิม ต - 6343 เปลี่ยนเป็น ขจง 539) | C95: 024-32-0041 | D95: 5 ม.ค.32 | E95: 28900 | F95: ส่วนโยธา/งานธุรการ | H95: / | M95: ขอจำหน่าย
A96: 3 | B96: รถจักรยานยนต์ ยี่ห้อซูซูกิ สีน้ำตาล ขจง 541 | C96: 024-35-0048 | D96: 3 มี.ค. 35 | E96: 27800 | F96: ส่วนการโยธา / งานบำรุงรักษาอาคารและสถานที่ | L96: / | M96: ขอจำหน่าย
A97: 4 | B97: รถจักรยานยนต์ ยี่ห้อซูซูกิ สีน้ำตาล ป 7112 | C97: 024-35-0049 | D97: 3 มี.ค. 35 | E97: 27800 | F97: ส่วนการโยธา / งานบำรุงรักษาอาคารและสถานที่ | L97: / | M97: ขอจำหน่าย
A98: 5 | B98: รถจักรยานยนต์ ยี่ห้อ ซูซูกิ (ป 7110) | C98: 024-35-0051 | D98: 3 มี.ค. 35 | E98: 27800 | F98: ส่วนการโยธา / งานบำรุงทางและสะพาน | G98: /
A99: 6 | B99: รถจักรยานยนต์ ยี่ห้อ ซูซูกิ (ป 7115) | C99: 024-35-0052 | D99: 3 มี.ค.35 | E99: 27800 | F99: Carpool 2 | H99: / | M99: ขอจำหน่าย
A100: 7 | B100: รถจักรยานยนต์ ยี่ห้อ ยามาฮ่า (ป 4184) สีน้ำเงิน | C100: 024-35-0061 | D100: 12894 | E100: 31600 | F100: Carpool 2 | G100: / | M100: พิมทิพย์
A101: 8 | B101: รถจักรยานยนต์ ยี่ห้อ ฮอนด้า (ย 3370) สีแดง | C101: 024-38-0062 | D101: 9 ม.ค.38 | E101: 32000 | F101: Carpool 2 | G101: / | M101: พิมทิพย์
A102: 9 | B102: รถจักรยานยนต์ ยี่ห้อ ยามาฮ่า รุ่น เมท (ขจง-542) สีแดง | C102: 024-39-0064 | D102: 14596 | E102: 38000 | F102: Carpool 2 | H102: / | M102: ขอจำหน่าย
A103: 10 | B103: รถจักรยานยนต์ ยี่ห้อ คาวาซากิ (กษษ-145) สีแดง | C103: 024-44-0071 | D103: 16164 | E103: 39000 | F103: Carpool 2 | H103: / | M103: ขอจำหน่าย
A104: 11 | B104: รถจักรยานยนต์ ยี่ห้อ ซูซูกิ (ขกข-249) สีดำ | C104: 024-44-0073 | D104: 235340 | E104: 38300 | F104: Carpool 2 | H104: / | M104: ขอจำหน่าย
A105: 12 | B105: รถจักรยานยนต์ ยี่ห้อคาวาซากิ สีเขียว (ขกพ.850) | C105: 024-45-0075 | D105: 37327 | E105: 39000 | F105: งานธุรการ (ช่างสุขาฯ เดิม) | G105: / | M105: วิชชุดา
A106: 13 | B106: รถจักรยานยนต์ ยี่ห้อ ซูซูกิ (ขกว 845) สีเทา | C106: 024-45-0076 | D106: 16595 | E106: 36500 | F106: Carpool 2 | G106: / | M106: พิมทิพย์
A107: 14 | B107: รถจักรยานยนต์ ยี่ห้อ คาวาซากิ (ขขก-778) สีเทา | C107: 024-45-0077 | D107: 16664 | E107: 38500 | F107: Carpool 1 | H107: / | M107: ขอจำหน่าย
A108: 15 | B108: รถจักรยานยนต์ ยี่ห้อ ซูซูกิ (ขขง-293) สีน้ำเงิน | C108: 024-45-0078 | D108: 16700 | E108: 35300 | F108: Carpool 2 | G108: / | M108: พิมทิพย์
A109: 16 | B109: รถจักรยานยนต์ ยี่ห้อ ซูซูกิ (ขขง-296) สีน้ำเงิน | C109: 024-45-0079 | D109: 16700 | E109: 35300 | F109: Carpool 2 | G109: / | M109: พิมทิพย์
A110: 17 | B110: รถจักรยานยนต์ ยี่ห้อ ซูซูกิ (ขขง-295) สีน้ำเงิน | C110: 024-45-0080 | D110: 16700 | E110: 35300 | F110: Carpool 2 | G110: / | M110: พิมทิพย์
A111: 18 | B111: รถจักรยานยนต์ ยี่ห้อ ซูซูกิ (ขขง-297) สีน้ำเงิน | C111: 024-45-0081 | D111: 16700 | E111: 35300 | F111: Carpool 2 | G111: / | M111: พิมทิพย์
A112: 19 | B112: รถจักรยานยนต์ ยี่ห้อ ซูซูกิ (ขขง 294) สีน้ำเงิน | C112: 024-45-0082 | D112: 16700 | E112: 35300 | F112: Carpool 2 | G112: / | M112: พิมทิพย์
A113: 20 | B113: รถจักรยานยนต์ ยี่ห้อ ซูซูกิ (ขขษ 233) สีเทา | C113: 024-46-0084 | D113: 16861 | E113: 35800 | F113: Carpool 2 | G113: / | M113: พิมทิพย์
...

Sheet 3. ครุภัณฑ์การเกษตร(รวมทุกงาน)
A1: ทะเบียนรายงานผลการตรวจนับครุภัณฑ์ ประจำปีงบประมาณ 2567 | P1: จำหน่าย
A2: ส่วนการโยธา สำนักช่าง
A3: 3. ครุภัณฑ์การเกษตร
A4: ลำดับที่ | B4: รายการ | C4: หมายเลขครุภัณฑ์ | F4: วันเดือนปี | G4: ราคาที่ได้ | H4: สถานที่ใช้งาน | I4: สภาพครุภัณฑ์ | O4: หมายเหตุ
F5: ที่ได้มา | I5: ใช้ได้ | J5: ชำรุด | K5: เสื่อมสภาพ | L5: สูญหาย | M5: เก็บไว้นาน | N5: หมดความจำเป็น
A6: 055 | B6: (เครื่องสูบน้ำ เครื่องปั๊มน้ำ)
A7: 1 | B7: เครื่องสูบน้ำ | C7: 055 | D7: 34 | E7: 0021 | F7: 24 พ.ค.34 | G7: 14000 | H7: ส่วนการโยธา/สวนสาธารณะ/เขื่อนยาง | J7: /
A8: 2 | B8: เครื่องปั๊มน้ำ | C8: 055 | D8: 35 | E8: 0028 | F8: 1 ก.ย. 35 | G8: 20500 | H8: ส่วนการโยธา/งานสวนสาธารณะ | J8: /
A9: 3 | B9: เครื่องปั๊มน้ำ | C9: 055 | D9: 36 | E9: 0023 | F9: 20 ม.ค. 36 | G9: 9000 | H9: ส่วนการโยธา/งานบำรุงรักษาและซ่อมแซม/บ่อหมัก | I9: / | O9: บ่อหมัก
A10: 4 | B10: เครื่องสูบน้ำ | C10: 055 | D10: 38 | E10: 0037 | F10: 29 ก.ย. 38 | G10: 25000 | H10: ส่วนการโยธา/งานสวนสาธารณะ | J10: /
A11: 5 | B11: เครื่องสูบน้ำ | C11: 055 | D11: 38 | E11: 0038 | F11: 29 ก.ย. 38 | G11: 25000 | H11: ส่วนการโยธา/สวนสาธารณะ/เขื่อนยาง | J11: /
A12: 6 | B12: เครื่องสูบน้ำ | C12: 055 | D12: 42 | E12: 0057 | F12: 12 มี.ค. 42 | G12: 8800 | H12: ส่วนการโยธา/งานสวนสาธารณะ | I12: /
A13: 7 | B13: เครื่องสูบน้ำ | C13: 055 | D13: 42 | E13: 0058 | F13: 12 มี.ค. 42 | G13: 8800 | H13: ส่วนการโยธา/งานสวนสาธารณะ | I13: /
A14: 8 | B14: เครื่องสูบน้ำ | C14: 055 | D14: 44 | E14: 0075 | F14: 25 เม.ย. 44 | G14: 3300 | H14: ส่วนการโยธา/สวนสาธารณะ/เขื่อนยาง | I14: /
A15: 9 | B15: เครื่องสูบน้ำ | C15: 055 | D15: 45 | E15: 0084 | F15: 5 มิ.ย. 45 | G15: 38000 | H15: ส่วนการโยธา/งานบำรุงรักษาและซ่อมแซม/บ่อหมัก | I15: / | O15: บ่อหมัก
A16: 10 | B16: เครื่องสูบน้ำ | C16: 055 | D16: 45 | E16: 0085 | F16: 5 มิ.ย. 45 | G16: 8800 | H16: ส่วนการโยธา/งานบำรุงรักษาและซ่อมแซม/บ่อหมัก | I16: / | O16: บ่อหมัก
A17: 11 | B17: เครื่องสูบน้ำ | C17: 055 | D17: 47 | E17: 0113 | F17: 28 เม.ย. 47 | G17: 11000 | H17: ส่วนการโยธา/งานสวนสาธารณะ | I17: /
A18: 12 | B18: เครื่องสูบน้ำ | C18: 055 | D18: 47 | E18: 0114 | F18: 28 เม.ย. 47 | G18: 11000 | H18: ส่วนการโยธา/งานสวนสาธารณะ | I18: /
A19: 13 | B19: เครื่องสูบน้ำหอยโข่ง | C19: 055 | D19: 48 | E19: 0116 | F19: 31 ส.ค. 48 | G19: 87000 | H19: ส่วนการโยธา/งานบำรุงรักษาและซ่อมแซม/บ่อหมัก | I19: / | O19: บ่อหมัก
A20: 14 | B20: ปั๊มหอยโข่ง | C20: 055 | D20: 48 | E20: 0117 | F20: 26 ก.ย. 48 | G20: 5000 | H20: ส่วนการโยธา/งานสวนสาธารณะ/เรือนเพาะชำเคนเน็ต | I20: /
A21: 15 | B21: เครื่องสูบน้ำแบบหอยโข่ง | C21: 055 | D21: 49 | E21: 0129 | F21: 2 มี.ค. 49 | G21: 340000 | H21: ส่วนการโยธา/งานบำรุงรักษาและซ่อมแซม/บ่อหมัก | I21: / | O21: บ่อหมัก
A22: 16 | B22: เครื่องสูบน้ำ | C22: 055 | D22: 50 | E22: 0132 | F22: 3 พ.ค. 50 | G22: 18000 | H22: ส่วนการโยธา/งานบำรุงรักษาและซ่อมแซม/บ่อหมัก | I22: / | O22: บ่อหมัก
A23: 17 | B23: เครื่องสูบน้ำ | C23: 055 | D23: 50 | E23: 0133 | F23: 3 พ.ค. 50 | G23: 18000 | H23: ส่วนการโยธา/งานบำรุงรักษาและซ่อมแซม/บ่อหมัก | I23: / | O23: บ่อหมัก
A24: 18 | B24: เครื่องสูบน้ำ | C24: 055 | D24: 50 | E24: 0135 | F24: 28 ธ.ค. 50 | G24: 32500 | H24: ใช้ที่ระบบประปาถังสูง | I24: / | O24: ใช้ที่ระบบประปาถังสูง
A25: 19 | B25: เครื่องสูบน้ำหอยโข่ง | C25: 055 | D25: 50 | E25: 0136 | F25: 28 ธ.ค. 50 | G25: 27000 | H25: ใช้ที่ระบบประปาถังสูง | I25: / | O25: ใช้ที่ระบบประปาถังสูง
A26: 20 | B26: เครื่องสูบน้ำหอยโข่ง | C26: 055 | D26: 50 | E26: 0137 | F26: 28 ธ.ค. 50 | G26: 27000 | H26: ใช้ที่ระบบประปาถังสูง | I26: / | O26: บ่อหมัก
A27: 21 | B27: เครื่องสูบน้ำ | C27: 055 | D27: 52 | E27: 0138 | F27: 14 พ.ย. 52 | G27: 49200 | H27: ส่วนการโยธา/งานสวนสาธารณะ | J27: /
A28: 22 | B28: เครื่องสูบน้ำหมุนเวียน | C28: 055 | D28: 52 | E28: 0139 | F28: 24 มิ.ย. 52 | G28: 44100 | H28: ส่วนการโยธา/งานสวนสาธารณะ/ข่วงนคร | I28: /
A29: 23 | B29: เครื่องสูบน้ำหมุนเวียน | C29: 055 | D29: 52 | E29: 0140 | F29: 24 มิ.ย. 52 | G29: 21000 | H29: ส่วนการโยธา/งานสวนสาธารณะ/ข่วงนคร | I29: /
A30: 24 | B30: เครื่องสูบน้ำแบบจุ่ม | C30: 055 | D30: 52 | E30: 0141 | F30: 24 มิ.ย. 52 | G30: 17000 | H30: ส่วนการโยธา/งานสวนสาธารณะ/ข่วงนคร | I30: /
A31: 25 | B31: เครื่องสูบน้ำแบบจุ่ม | C31: 055 | D31: 52 | E31: 0142 | F31: 24 มิ.ย. 52 | G31: 17000 | H31: ส่วนการโยธา/งานสวนสาธารณะ/ข่วงนคร | I31: /
A32: 26 | B32: เครื่องสูบน้ำแบบจุ่ม | C32: 055 | D32: 52 | E32: 0143 | F32: 24 มิ.ย. 52 | G32: 17000 | H32: ส่วนการโยธา/งานสวนสาธารณะ/ข่วงนคร | I32: /
A33: 27 | B33: เครื่องสูบน้ำแบบจุ่ม | C33: 055 | D33: 52 | E33: 0144 | F33: 24 มิ.ย. 52 | G33: 17000 | H33: ส่วนการโยธา/งานสวนสาธารณะ/ข่วงนคร | I33: /
A34: 28 | B34: เครื่องสูบน้ำแบบจุ่ม | C34: 055 | D34: 52 | E34: 0145 | F34: 24 มิ.ย. 52 | G34: 17000 | H34: ส่วนการโยธา/งานสวนสาธารณะ/ข่วงนคร | I34: /
A35: 29 | B35: เครื่องสูบน้ำแบบจุ่ม | C35: 055 | D35: 52 | E35: 0146 | F35: 24 มิ.ย. 52 | G35: 17000 | H35: ส่วนการโยธา/งานสวนสาธารณะ/ข่วงนคร | I35: /
A36: 30 | B36: เครื่องสูบน้ำแบบจุ่ม | C36: 055 | D36: 52 | E36: 0147 | F36: 24 มิ.ย. 52 | G36: 17000 | H36: ส่วนการโยธา/งานสวนสาธารณะ/ข่วงนคร | I36: /
A37: 31 | B37: เครื่องสูบน้ำรดน้ำต้นไม้ | C37: 055 | D37: 52 | E37: 0148 | F37: 24 มิ.ย. 52 | G37: 36000 | H37: ส่วนการโยธา/งานสวนสาธารณะ/ข่วงนคร | I37: /
A38: 32 | B38: เครื่องสูบน้ำหมุนเวียน | C38: 055 | D38: 52 | E38: 0149 | F38: 24 มิ.ย. 52 | G38: 19500 | H38: ส่วนการโยธา/งานสวนสาธารณะ/สวนห้าแยก | I38: /
A39: 33 | B39: เครื่องสูบน้ำหมุนเวียน | C39: 055 | D39: 52 | E39: 0150 | F39: 24 มิ.ย. 52 | G39: 44100 | H39: ส่วนการโยธา/งานสวนสาธารณะ/สวนห้าแยก | I39: /
... A58: 52 | B58: เครื่องสูบน้ำ(แบบจุ่ม) | C58: 055 | D58: 53 | E58: 0169 | F58: 29 มี.ค. 53 | G58: 49220 | H58: ส่วนการโยธา/งานสวนสาธารณะ | I58: /
A59: 53 | B59: เครื่องดูดตะกอน | C59: 055 | D59: 54 | E59: 0172 | F59: 23 ก.ย. 54 | G59: 35000 | H59: ส่วนการโยธา/งานสวนสาธารณะ/ห้องพัสดุ เคนเน็ต | I59: / | O59: ห้องพัสดุ
A60: 54 | B60: เครื่องปั้มน้ำ | C60: 055 | D60: 54 | E60: 0173 | F60: 23 ก.ย. 54 | G60: 54900 | H60: ส่วนการโยธา/งานสวนสาธารณะ/หน้าวัดสิงห์ชัย | I60: /
A61: 55 | B61: เครื่องปั้มน้ำ (ปั้มขึ้นถังหอสูง) | C61: 055 | D61: 55 | E61: 0174 | F61: 23 ก.ค. 55 | G61: 27000 | H61: ส่วนการโยธา/งานสวนสาธารณะ/สวนประตูเวียง | I61: / | O61: (ในห้องเครื่องใต้ดิน)
A62: 56 | B62: เครื่องปั้มน้ำสูบน้ำทิ้ง (ภายในห้องปั้ม) | C62: 055 | D62: 55 | E62: 0175 | F62: 23 ก.ค. 55 | G62: 28000 | H62: ส่วนการโยธา/งานสวนสาธารณะ/สวนประตูเวียง | I62: / | O62: อยู่ในห้องเครื่องใต้ดิน
A63: 57 | B63: เครื่องปั้มน้ำสูบน้ำทิ้ง (ภายในห้องปั้ม) | C63: 055 | D63: 55 | E63: 0176 | F63: 23 ก.ค. 55 | G63: 35000 | H63: ส่วนการโยธา/งานสวนสาธารณะ/สวนประตูเวียง | I63: /
A64: 58 | B64: เครื่องปั้มน้ำสูบน้ำทิ้ง (ภายในห้องปั้ม) | C64: 055 | D64: 55 | E64: 0177 | F64: 23 ก.ค. 55 | G64: 35000 | H64: ส่วนการโยธา/งานสวนสาธารณะ/สวนประตูเวียง | I64: /
A65: 59 | B65: เครื่องปั้มน้ำสูบน้ำทิ้ง (ภายในห้องปั้ม) | C65: 055 | D65: 55 | E65: 0178 | F65: 23 ก.ค. 55 | G65: 35000 | H65: ส่วนการโยธา/งานสวนสาธารณะ/สวนประตูเวียง | I65: /
A66: 60 | B66: เครื่องปั้มน้ำสูบน้ำทิ้ง (ภายในห้องปั้ม) | C66: 055 | D66: 55 | E66: 0179 | F66: 23 ก.ค. 55 | G66: 35000 | H66: ส่วนการโยธา/งานสวนสาธารณะ/สวนประตูเวียง | I66: /
A67: 61 | B67: เครื่องปั้มน้ำสำหรับใช้ในอาคาร (ภายในห้องปั้ม) | C67: 055 | D67: 55 | E67: 0180 | F67: 23 ก.ค. 55 | G67: 33500 | H67: ส่วนการโยธา/งานสวนสาธารณะ/สวนประตูเวียง | I67: /
A68: 62 | B68: เครื่องปั้มน้ำสำหรับใช้ในอาคาร (ภายในห้องปั้ม) | C68: 055 | D68: 55 | E68: 0181 | F68: 23 ก.ค. 55 | G68: 33500 | H68: ส่วนการโยธา/งานสวนสาธารณะ/สวนประตูเวียง | I68: /
A69: 63 | B69: เครื่องปั้มน้ำสูบน้ำทิ้ง (ภายในห้องปั้ม) | C69: 055 | D69: 55 | E69: 0182 | F69: 23 ก.ค. 55 | G69: 26666.67 | H69: ส่วนการโยธา/งานสวนสาธารณะ/สวนประตูเวียง | I69: /
A70: 64 | B70: เครื่องปั้มน้ำสูบน้ำทิ้ง (ภายในห้องปั้ม) | C70: 055 | D70: 55 | E70: 0183 | F70: 23 ก.ค. 55 | G70: 26666.67 | H70: ส่วนการโยธา/งานสวนสาธารณะ/สวนประตูเวียง | I70: /
A71: 65 | B71: เครื่องปั้มน้ำสูบน้ำทิ้ง (ภายในห้องปั้ม) | C71: 055 | D71: 55 | E71: 0184 | F71: 23 ก.ค. 55 | G71: 26666.67 | H71: ส่วนการโยธา/งานสวนสาธารณะ/สวนประตูเวียง | I71: /
A72: 66 | B72: เครื่องปั้มน้ำสูบน้ำทิ้ง | C72: 055 | D72: 55 | E72: 0185 | F72: 23 ก.ค. 55 | G72: 28000 | H72: ส่วนการโยธา/งานสวนสาธารณะ/สวนประตูเวียง | I72: /
A73: 67 | B73: ตู้ควบคุมปั้มน้ำ | C73: 055 | D73: 55 | E73: 0187 | F73: 29 ต.ค. 55 | G73: 41429 | H73: ส่วนการโยธา/งานสวนสาธารณะ/สวนสุชาดา(พระแก้ว) | I73: /
A74: 68 | B74: ตู้ควบคุมปั้มน้ำ | C74: 055 | D74: 55 | E74: 0188 | F74: 29 ต.ค. 55 | G74: 41429 | H74: ส่วนการโยธา/งานสวนสาธารณะ/สวนสุชาดา(พระแก้ว) | I74: /
A75: 69 | B75: ตู้ควบคุมปั้มน้ำ | C75: 055 | D75: 55 | E75: 0189 | F75: 29 ต.ค. 55 | G75: 39400 | H75: ส่วนการโยธา/งานสวนสาธารณะ/สวนสุชาดา(พระแก้ว) | I75: /
A76: 70 | B76: ปั้มระบบส่งน้ำก๊อกสนาม | C76: 055 | D76: 55 | E76: 0190 | F76: 29 ต.ค. 55 | G76: 90000 | H76: ส่วนการโยธา/งานสวนสาธารณะ/สวนสุชาดา(พระแก้ว) | J76: /
A77: 71 | B77: ปั้มระบบสูบน้ำทิ้ง | C77: 055 | D77: 55 | E77: 0191 | F77: 29 ต.ค. 55 | G77: 12000 | H77: ส่วนการโยธา/งานสวนสาธารณะ/สวนสุชาดา(พระแก้ว) | I77: /
A78: 72 | B78: ปั้มระบบส่งน้ำหัวน้ำพุ | C78: 055 | D78: 55 | E78: 0192 | F78: 29 ต.ค. 55 | G78: 38000 | H78: ส่วนการโยธา/งานสวนสาธารณะ/สวนสุชาดา(พระแก้ว) | I78: /
A79: 73 | B79: ปั้มระบบส่งน้ำหัวน้ำพุ | C79: 055 | D79: 55 | E79: 0193 | F79: 29 ต.ค. 55 | G79: 38000 | H79: ส่วนการโยธา/งานสวนสาธารณะ/สวนสุชาดา(พระแก้ว) | I79: /
A80: 74 | B80: ตัวควบคุมปั้มน้ำ | C80: 055 | D80: 55 | E80: 0201 | F80: 29 ต.ค. 55 | G80: 23760.75 | H80: ส่วนการโยธา/งานสวนสาธารณะ/สวนสุชาดา(พระแก้ว) | I80: /
A81: 75 | B81: ตัวควบคุมปั้ม | C81: 055 | D81: 55 | E81: 0202 | F81: 29 ต.ค. 55 | G81: 10966.5 | H81: ส่วนการโยธา/งานสวนสาธารณะ/สวนสุชาดา(พระแก้ว) | I81: /
A82: 76 | B82: ชุดควบคุมสถานะปั้ม | C82: 055 | D82: 55 | E82: 0203 | F82: 29 ต.ค. 55 | G82: 71282.25 | H82: ส่วนการโยธา/งานสวนสาธารณะ/สวนสุชาดา(พระแก้ว) | I82: /
A83: 77 | B83: ชุดควบคุมสถานะปั้ม | C83: 055 | D83: 55 | E83: 0204 | F83: 29 ต.ค. 55 | G83: 71282.25 | H83: ส่วนการโยธา/งานสวนสาธารณะ/สวนสุชาดา(พระแก้ว) | I83: /
A84: 78 | B84: ตู้ควบคุมปั้ม | C84: 055 | D84: 55 | E84: 0205 | F84: 29 ต.ค. 55 | G84: 22542.25 | H84: ส่วนการโยธา/งานสวนสาธารณะ/สวนสุชาดา(พระแก้ว) | I84: /
A85: 79 | B85: เครื่องปั้มน้ำ | C85: 055 | D85: 55 | E85: 0206 | F85: 10 เม.ย. 55 | G85: 99500 | H85: ส่วนการโยธา/งานสวนสาธารณะ/สวนประตูเวียง | J85: /
A86: 80 | B86: หัวน้ำพุทองเหลือง | C86: 055 | D86: 55 | E86: 0207 | F86: 2 เม.ย. 55 | G86: 95000 | H86: ส่วนการโยธา/งานสวนสาธารณะ/สวนประตูเวียง | I86: /
A87: 81 | B87: เครื่องสูบน้ำบาดาล | C87: 055 | D87: 57 | E87: 0200 | F87: 20 ส.ค. 57 | G87: 88500 | H87: ส่วนการโยธา/งานสวนสาธารณะ/ศาลากลางหลังเก่า | I87: /
A88: 82 | B88: เครื่องสูบน้ำบาดาล | C88: 055 | D88: 58 | E88: 0208 | F88: 21 ม.ค. 58 | G88: 40000 | H88: ส่วนการโยธา/งานสวนสาธารณะ/ศาลากลางหลังเก่า | J88: /
A89: 83 | B89: เครื่องสูบน้ำดี | C89: 055 | D89: 58 | E89: 0209 | F89: 21 ม.ค. 58 | G89: 5500 | H89: ส่วนการโยธา/งานสวนสาธารณะ/ศาลากลางหลังเก่า | J89: /
A90: 84 | B90: เครื่องสูบน้ำดี | C90: 055 | D90: 58 | E90: 0210 | F90: 21 ม.ค. 58 | G90: 18000 | H90: ส่วนการโยธา/งานสวนสาธารณะ/ศาลากลางหลังเก่า | J90: /
A91: 85 | B91: เครื่องสูบน้ำดี | C91: 055 | D91: 58 | E91: 0211 | F91: 21 ม.ค. 58 | G91: 18000 | H91: ส่วนการโยธา/งานสวนสาธารณะ/ศาลากลางหลังเก่า | J91: /
A92: 86 | B92: เครื่องจ่ายสารละลายครอรีน | C92: 055 | D92: 58 | E92: 0212 | F92: 21 ม.ค. 58 | G92: 14600 | H92: ส่วนการโยธา/งานสวนสาธารณะ/ศาลากลางหลังเก่า | I92: /
A93: 87 | B93: ปั้มน้ำ PUMP CAPACITY :833 | C93: 055 | D93: 58 | E93: 0213 | F93: 21 ม.ค. 58 | G93: 43600 | H93: ส่วนการโยธา/งานสวนสาธารณะ/ศาลากลางหลังเก่า | I93: /
A94: 88 | B94: ปั้มน้ำ PUMP CAPACITY :834 | C94: 055 | D94: 58 | E94: 0214 | F94: 21 ม.ค. 58 | G94: 43600 | H94: ส่วนการโยธา/งานสวนสาธารณะ/ศาลากลางหลังเก่า | I94: /
A95: 89 | B95: ปั้มน้ำ PUMP CAPACITY :835 | C95: 055 | D95: 58 | E95: 0215 | F95: 21 ม.ค. 58 | G95: 43600 | H95: ส่วนการโยธา/งานสวนสาธารณะ/ศาลากลางหลังเก่า | I95: /
A96: 90 | B96: ปั้มน้ำ PUMP CAPACITY :836 | C96: 055 | D96: 58 | E96: 0216 | F96: 21 ม.ค. 58 | G96: 43600 | H96: ส่วนการโยธา/งานสวนสาธารณะ/ศาลากลางหลังเก่า | I96: /
A97: 91 | B97: เครื่องปั้มน้ำ ปั้มแช่ ปั้มจุ่ม | C97: 055 | D97: 58 | E97: 0217 | F97: 23 พ.ค. 58 | G97: 5800 | H97: ส่วนการโยธา/งานสวนสาธารณะ/สวนสุชาดา(พระแก้ว) | J97: /
A98: 92 | B98: เครื่องปั้มน้ำ ปั้มแช่ ปั้มจุ่ม | C98: 055 | D98: 58 | E98: 0218 | F98: 23 พ.ค. 58 | G98: 5800 | H98: ส่วนการโยธา/งานสวนสาธารณะ/สวนสุชาดา(พระแก้ว) | J98: /
A99: 93 | B99: เครื่องสูบน้ำแบบหอยโข่ง มอเตอร์ไฟฟ้า | C99: 055 | D99: 61 | E99: 0226 | F99: 14 มี.ค. 61 | G99: 19900 | H99: ส่วนการโยธา/งานสวนสาธารณะ/สวนสุชาดา(พระแก้ว) | I99: /
A100: 94 | B100: เครื่องสูบน้ำแบบหอยโข่ง มอเตอร์ไฟฟ้า | C100: 055 | D100: 61 | E100: 0227 | F100: 14 มี.ค. 61 | G100: 19900 | H100: ส่วนการโยธา/งานสวนสาธารณะ/สวนสุชาดา(พระแก้ว) | I100: /
A101: 95 | B101: ปั้มน้ำแบบจุ่มจมใต้น้ำ | C101: 055 | D101: 61 | E101: 0228 | F101: 8 มี.ค. 61 | G101: 27500 | H101: ส่วนการโยธา/งานสวนสาธารณะ/สวนสุชาดา(พระแก้ว) | I101: /
A102: 96 | B102: ปั๊มน้ำอัตโนมัติ | C102: 055 | D102: 62 | E102: 0230 | F102: 18 ม.ค. 62 | G102: 5564 | H102: ส่วนการโยธา/งานสวนสาธารณะ | I102: /
A103: 97 | B103: เครื่องสูบน้ำหอยโข่ง | C103: 055 | D103: 62 | E103: 0231 | F103: 15 ก.พ. 62 | G103: 15000 | H103: ส่วนการโยธา/งานสวนสาธารณะ | I103: /
A104: 98 | B104: เครื่องสูบน้ำหอยโข่ง | C104: 055 | D104: 62 | E104: 0232 | F104: 15 ก.พ. 62 | G104: 15000 | H104: ส่วนการโยธา/งานสวนสาธารณะ | I104: /
A105: 99 | B105: ตู้ควบคุมเครื่องสูบน้ำหอยโข่ง | C105: 055 | D105: 62 | E105: 0233 | F105: 15 ก.พ. 62 | G105: 12000 | H105: ส่วนการโยธา/งานสวนสาธารณะ | I105: /
A106: 100 | B106: ตู้ควบคุมเครื่องสูบน้ำหอยโข่ง | C106: 055 | D106: 62 | E106: 0234 | F106: 15 ก.พ. 62 | G106: 12000 | H106: ส่วนการโยธา/งานสวนสาธารณะ | I106: /
A107: 101 | B107: ตู้ควบคุมเครื่องสูบน้ำหอยโข่ง | C107: 055 | D107: 62 | E107: 0235 | F107: 15 ก.พ. 62 | G107: 12000 | H107: ส่วนการโยธา/งานสวนสาธารณะ | I107: /
A108: 102 | B108: ปั๊มน้ำอัตโนมัติ | C108: 055 | D108: 62 | E108: 0236 | F108: 5 ก.ย. 62 | G108: 25680 | H108: ส่วนการโยธา/สวนสาธารณะ/สวนเวียงละกอน | I108: /
A109: 103 | B109: เครื่องสูบน้ำหอยโข่ง | C109: 055 | D109: 62 | E109: 0237 | F109: 19 เม.ย. 62 | G109: 12500 | H109: ส่วนการโยธา/งานสวนสาธารณะ | I109: /
A110: 104 | B110: ตู้ควบคุมอัตโนมัติ | C110: 055 | D110: 62 | E110: 0238 | F110: 19 เม.ย. 62 | G110: 9000 | H110: ส่วนการโยธา/งานสวนสาธารณะ | J110: /
A111: 105 | B111: เครื่องปั๊มน้ำ(ปั๊มแช่ ปั๊มจุ่ม) ขนาด 2 นิ้ว กำลังไฟ 400 วัตต์ | C111: 055 | D111: 63 | E111: 0244 | F111: 23 มี.ค. 63 | G111: 5800 | H111: ส่วนการโยธา/งานควบคุมและบำรุงรักษาสถานที่ | O111: ของงานสวนสาธารณะ
A112: 106 | B112: เครื่องปั๊มน้ำ(ปั๊มแช่ ปั๊มจุ่ม) ขนาด 2 นิ้ว กำลังไฟ 400 วัตต์ | C112: 055 | D112: 63 | E112: 0245 | F112: 23 มี.ค. 63 | G112: 5800 | H112: ส่วนการโยธา/งานควบคุมและบำรุงรักษาสถานที่ | O112: ของงานสวนสาธารณะ
A113: 107 | B113: เครื่องปั๊มน้ำ(ปั๊มแช่ ปั๊มจุ่ม) ขนาด 2 นิ้ว กำลังไฟ 400 วัตต์ | C113: 055 | D113: 63 | E113: 0246 | F113: 23 มี.ค. 63 | G113: 5800 | H113: ส่วนการโยธา/งานควบคุมและบำรุงรักษาสถานที่ | O113: ของงานสวนสาธารณะ
A114: 108 | B114: เครื่องปั๊มน้ำ(ปั๊มแช่ ปั๊มจุ่ม) ขนาด 2 นิ้ว กำลังไฟ 400 วัตต์ | C114: 055 | D114: 63 | E114: 0247 | F114: 23 มี.ค. 63 | G114: 5800 | H114: ส่วนการโยธา/งานควบคุมและบำรุงรักษาสถานที่ | O114: ของงานสวนสาธารณะ
A115: 109 | B115: เครื่องปั๊มน้ำ(ปั๊มแช่ ปั๊มจุ่ม) ขนาด 2 นิ้ว กำลังไฟ 400 วัตต์ | C115: 055 | D115: 63 | E115: 0248 | F115: 23 มี.ค. 63 | G115: 5800 | H115: ส่วนการโยธา/งานควบคุมและบำรุงรักษาสถานที่ | O115: ของงานสวนสาธารณะ
A116: 110 | B116: ปั๊มน้ำหอยโข่ง ขนาด 2 นิ้ว | C116: 055 | D116: 65 | E116: 0274 | F116: 25 พ.ค. 63 | G116: 5863.6 | H116: ส่วนการโยธา/งานสวนสาธารณะ/สวนจีน | I116: /
A117: 111 | B117: ปั๊มจุ่ม 2 นิ้ว | C117: 055 | D117: 65 | E117: 0275 | F117: 25 พ.ค. 63 | G117: 4419.1 | H117: ส่วนการโยธา/งานสวนสาธารณะ/สวนจีน | I117: /
A118: 112 | B118: ปั๊มจุ่ม 2 นิ้ว | C118: 055 | D118: 65 | E118: 0276 | F118: 25 พ.ค. 63 | G118: 4419.1 | H118: ส่วนการโยธา/งานสวนสาธารณะ/สวนจีน | I118: /
...

Sheet 4.ครุภัณฑ์ก่อสร้าง
A1: ทะเบียนรายงานผลการตรวจนับครุภัณฑ์ ประจำปีงบประมาณ 2567 | P1: จำหน่าย
A2: ส่วนการโยธา สำนักช่าง
A3: 4. ครุภัณฑ์ก่อสร้าง
A4: ลำดับที่ | B4: รายการ | C4: หมายเลขครุภัณฑ์ | F4: วันเดือนปี ที่ได้มา | G4: ราคาที่ได้ | H4: สถานที่ใช้งาน | I4: สภาพครุภัณฑ์ | O4: หมายเหตุ
I5: ใช้ได้ | J5: ชำรุด | K5: เสื่อมสภาพ | L5: สูญหาย | M5: เก็บไว้นาน | N5: หมดความจำเป็น
A6: 005 | B6: (รถเข็น)
A7: 1 | B7: รถเข็น ชนิด 3 ล้อ ขนาด 10 ปิ๊บ สีน้ำเงิน | C7: 005-63-0109 | F7: 23087 | G7: 2000 | H7: ส่วนการโยธา / ฝ่ายสวนสาธารณะ (เรือ่นเพาะชำ) | I7: /
A8: 2 | B8: รถเข็น ชนิด 3 ล้อ ขนาด 10 ปิ๊บ สีน้ำเงิน | C8: 005-63-0110 | F8: 23087 | G8: 2000 | H8: ส่วนการโยธา / ฝ่ายสวนสาธารณะ (เรือ่นเพาะชำ) | I8: /
A9: 3 | B9: รถเข็น ชนิด 3 ล้อ ขนาด 10 ปิ๊บ สีน้ำเงิน | C9: 005-63-0111 | F9: 23087 | G9: 2000 | H9: ส่วนการโยธา / ฝ่ายสวนสาธารณะ (เรือ่นเพาะชำ) | I9: /
A10: 4 | B10: รถเข็น ชนิด 3 ล้อ ขนาด 10 ปิ๊บ สีน้ำเงิน | C10: 005-63-0112 | F10: 23087 | G10: 2000 | H10: ส่วนการโยธา / ฝ่ายสวนสาธารณะ (เรือ่นเพาะชำ) | I10: /
A11: 5 | B11: รถเข็น ชนิด 3 ล้อ ขนาด 10 ปิ๊บ สีน้ำเงิน | C11: 005-63-0113 | F11: 23087 | G11: 2000 | H11: ส่วนการโยธา / ฝ่ายสวนสาธารณะ (เรือ่นเพาะชำ) | I11: /
G12: =SUM(G7:G11) -> 10000
A13: 015 | B13: (รถเกลี่ยดิน รถเกรด รถบด)
A14: 1 | B14: รถเกลี่ยดิน ยี่ห้อมิตซูบิชิ สีเหลือง ลป.ต.1145 | C14: 015-39-0002 | F14: 17 มิ.ย. 39 | G14: 2694000 | H14: ส่วนการโยธา / งานบำรุงรักษาทางและสะพาน | I14: /
G15: =SUM(G14:G14) -> 2694000
A16: 018 | B16: (รถตักดินล้อยาง รถขุดดิน รถตักหน้าขุดหลัง)
A17: 1 | B17: รถตักล้อยาง ยี่ห้อฟูรูกาว่า สีเหลือง ลป.ต.0293 | C17: 018-30-0001 | F17: 18 มิ.ย. 30 | G17: 1397000 | H17: ส่วนการโยธา / งานบำรุงรักษาทางและสะพาน | I17: /
A18: 2 | B18: รถขุดตีนตะขาบ ยี่ห้อแคตเตอร์ฟิลล่าร์ สีเหลือง ลป.ต.0002 | C18: 018-32-0002 | F18: 28 เม.ย. 32 | G18: 1994000 | H18: ส่วนการโยธา / งานบำรุงรักษาทางและสะพาน | I18: /
A19: 3 | B19: รถขุดตีนตะขาบ ยี่ห้อแคตเตอร์ฟิลล่าร์ สีเหลือง ลป.ต 0017 | C19: 018-34-0003 | F19: 11 เม.ย. 34 | G19: 2340000 | H19: ส่วนการโยธา /งานบำรุงรักษาและซ่อมแซม | I19: /
A20: 4 | B20: รถขุดตักดิน ยี่ห้อแคตเตอร์ฟิลล่าร์ สีเหลือง ลป.ต.1202 | C20: 018-40-0005 | F20: 17 ก.พ. 40 | G20: 2097000 | H20: ส่วนการโยธา / งานบำรุงรักษาทางและสะพาน | I20: /
A21: 5 | B21: รถขุดตีนตะขาบ ยี่ห้อแคตเตอร์ฟิลล่าร์ สีเหลือง-ดำ ลป.ตค 101 | C21: 018-41-0006 | F21: 15 ก.ค. 41 | G21: 3780000 | H21: ส่วนการโยธา / งานบำรุงรักษาทางและสะพาน | I21: /
A22: 6 | B22: รถขุดตีนตะชาบ ขนาด 150 แรงม้า รถขุดไฮโดลิค ยี่ห้อ JCB | C22: 018-59-0007 | F22: 15 มี.ค. 59 | G22: 4490000 | H22: ส่วนการโยธา / งานบำรุงรักษาทางและสะพาน | I22: /
B23: รุ่น JS200sc สีเหลือง ลป.ต.ค 1441
A24: 7 | B24: รถขุดตีนตะขาบ ขนาด 150 แรงม้า รถขุดไฮโดลิค ยี่ห้อ JCB | C24: 018-59-0008 | F24: 15 มี.ค.59 | G24: 4490000 | H24: ส่วนการโยธา /งานบำรุงรักษาและซ่อมแซม | I24: /
B25: รุ่น JS200sc สีเหลือง ลป.ต.ค 1442
A26: 8 | B26: รถตักหน้าขุดหลัง LOVOL ขับเคลื่อน 4 ล้อ ทะเบียน ตค-2124 | C26: 018-61-0009 | F26: 30 ส.ค.61 | G26: 2480000 | H26: ส่วนการโยธา /งานบำรุงรักษาและซ่อมแซม | I26: /
G27: =SUM(G17:G26) -> 23068000
A28: 019 | B28: (รถแทรกเตอร์)
A29: 1 | B29: รถแทรกเตอร์ตีนตะขาบ ยี่ห้อคัตเตอร์ฟิลล่า สีเหลือง ลป.ต 1016 | C29: 019-34-0002 | F29: 28 พ.ย. 34 | G29: 3900000 | H29: ส่วนการโยธา / งานบำรุงรักษาทางและสะพาน | K29: / | O29: ขอจำหน่าย
A30: 2 | B30: รถแทรกเตอร์ตีนตะขาบ ยี่ห้อคัตเตอร์ฟิลล่า สีเหลือง ลป.ต 1051 | C30: 019-36-0003 | F30: 14 พ.ค. 36 | G30: 2790000 | H30: ส่วนการโยธา /งานบำรุงรักษาและซ่อมแซม | I30: /
G31: =SUM(G29:G30) -> 6690000
A32: 020 | B32: (รถบด)
A33: 1 | B33: รถบดเซดติลามเยอร์ เครื่องดีเซล 8-10 ตัน | C33: 020-04-0002 | F33: 28 ก.พ. 04 | G33: 185000 | H33: ส่วนการโยธา / งานบำรุงรักษาทางและสะพาน | K33: /
A34: 2 | B34: รถบดแบบสั่นสะเทือน ยี่ห้อไดน่าแพค สีเหลือง ลป.ถ.0026 | C34: 020-34-0004 | F34: 17 เม.ย. 34 | G34: 2098000 | H34: ส่วนการโยธา / งานบำรุงรักษาทางและสะพาน | I34: /
A35: 3 | B35: รถบดล้อยาง ยี่ห้อไดน่าแพค สีเหลือง ลป.ถ.0038 | C35: 020-37-0005 | F35: 12 พ.ค. 37 | G35: 2090000 | H35: ส่วนการโยธา / งานบำรุงรักษาทางและสะพาน | I35: /
A36: 4 | B36: รถบดถนนล้อเหล็กเรียบ 2 ล้อยี่ห้อ DYNAPACสีเหลือง ลป.ถ 0062 | C36: 020-40-0006 | F36: 27 มี.ค. 40 | G36: 1500000 | H36: ส่วนการโยธา / งานบำรุงรักษาทางและสะพาน | I36: /
A37: 5 | B37: รดบด (รถไม่ได้ใช้แล้วเก็บอนุรักษ์ไว้) | C37: 020-98-0001 | F37: 26 ธค.98 | G37: 168000 | H37: ส่วนการโยธา / งานบำรุงรักษาทางและสะพาน | N37: /
G38: =SUM(G33:G37) -> 6041000
A39: 023 | B39: (ล้อเลื่อน เกวียน ล้อเข็น)
A40: 1 | B40: รถเข็นชนิดล้อคู่ ตัวถังทำด้วยเหล็กหนา | C40: 023-45-0419 | F40: 22 มี.ค. 45 | G40: 1200 | H40: ส่วนการโยธา /งานบำรุงรักษาและซ่อมแซม | I40: / | O40: บ่อหมัก
A41: 2 | B41: รถเข็นชนิดล้อคู่ ตัวถังทำด้วยเหล็กหนา | C41: 023-45-0420 | F41: 22 มี.ค. 45 | G41: 1200 | H41: ส่วนการโยธา /งานบำรุงรักษาและซ่อมแซม | I41: / | O41: บ่อหมัก
G42: =SUM(G40:G41) -> 2400
A43: 028 | B43: (รถตักล้อยางเอนกประสงค์)
A44: 1 | B44: รถตักล้อยาง เอนกประงสงค์ | C44: 028-66-0001 | F44: 7 ส.ค. 66 | G44: 6149900 | H44: ส่วนการโยธา /งานบำรุงรักษาและซ่อมแซม | I44: / | O44: บ่อหมัก
G45: =SUM(G44:G44) -> 6149900
A46: 052 | B46: (รอกแม่แรง)
A47: 1 | B47: รอกยกของ แบบใช้โซ่ดึง ยกได้ไม่น้อยกว่า 2 ตัน 1 ตัว | C47: 052 | D47: 29 | E47: 0001 | F47: 3 มี.ค.29 | G47: 2800 | H47: ศูนย์เครื่องจักรฯ | I47: / | O47: พิมทิพย์
A48: 2 | B48: รอก ขนาด 2 ตัน ยี่ห้อ TOYO | C48: 052 | D48: 55 | E48: 0006 | F48: 25 ก.ค. 55 | G48: 7200 | H48: ส่วนการโยธา / งานบำรุงรักษาทางและสะพาน | I48: /
A49: 3 | B49: รอกไฟฟ้า | C49: 052 | D49: 67 | E49: 0007 | F49: 24556 | G49: 190000 | H49: งานแบบแผนและก่อสร้าง/ฝ่ายช่างสุขาภิบาล/ส่วนการโยธา | I49: / | O49: อจน.
G50: =SUM(G47:G48) -> 10000
A51: 056 | B51: (เครื่องกระทุ้งดิน เครื่องแอสฟัลท์ เครื่องตบดิน)
A52: 1 | B52: เครื่องตบดิน ยี่ห้อ EARTH SMAKER(โยธา) | C52: 056 | D52: 35 | E52: 0005 | F52: 13031 | G52: 24000 | H52: ส่วนการโยธา / งานบำรุงรักษาและซ่อมแซม | I52: / | O52: บ่อหมัก
A53: 2 | B53: เครื่องตบดิน ยี่ห้อ EARTH SMAKER(โยธา) | C53: 056 | D53: 35 | E53: 0006 | F53: 13031 | G53: 24000 | H53: ส่วนการโยธา / งานบำรุงรักษาและซ่อมแซม | I53: / | O53: อยู่ที่งานบำรุงรักษาทางฯ
A54: 3 | B54: เครื่องตบดิน ยี่ห้อ HONDA | C54: 056 | D54: 40 | E54: 0007 | F54: 30 มิ.ย.40 | G54: 27700 | H54: ส่วนการโยธา / งานบำรุงรักษาทางและสะพาน | I54: /
A55: 4 | B55: เครื่องตบดิน ยี่ห้อ HONDA | C55: 056 | D55: 40 | E55: 0008 | F55: 30 มิ.ย.40 | G55: 27700 | H55: ส่วนการโยธา / งานบำรุงรักษาทางและสะพาน | I55: /
A56: 5 | B56: เครื่องซ่อมผิวแอสฟัลท์ | C56: 056 | D56: 66 | E56: 0009 | F56: 243595 | G56: 1845000 | H56: ส่วนการโยธา /ฝ่ายสาธารณูปโภค/งานบำรุงรักษาทางและสะพาน | I56: /
G57: =SUM(G52:G56) -> 1948400
A58: 058 | B58: (เครื่องเจาะหิน เครื่องเจาะเหล็ก เครื่องตัดคอนกรีต)
A59: 1 | B59: เครื่องเจาะคอนกรีต ยี่ห้อแคตเตอร์ฟิลล่า | C59: 058 | D59: 40 | E59: 0003 | F59: 2 ก.ค. 40 | G59: 649490 | H59: ส่วนการโยธา / งานบำรุงรักษาและซ่อมแซม | I59: /
A60: 2 | B60: เครื่องตัดคอนกรีต ยี่ห้อ Honda | C60: 058 | D60: 43 | E60: 0005 | F60: 8 ส.ค.43 | G60: 47000 | H60: ส่วนการโยธา / งานบำรุงรักษาทางและสะพาน | I60: /
A61: 3 | B61: เครื่องสกัดคอนกรีต ยี่ห้อมากีต้า รุ่น HM 1306 กำลังไฟ 1510 วัตต์ | C61: 058 | D61: 62 | E61: 0006 | F61: 22628 | G61: 24500 | H61: ส่วนการโยธา / งานบำรุงรักษาและซ่อมแซม | I61: /
G62: =SUM(G59:G61) -> 720990
A63: 062 | B63: (เครื่องผสมยางแอสฟัลท์)
A64: 1 | B64: เครื่องผสมยางแอสฟัลท์ | C64: 062 | D64: 37 | E64: 0002 | F64: 16 ก.ย. 37 | G64: 999380 | H64: ส่วนการโยธา / งานบำรุงรักษาทางและสะพาน | K64: / | O64: ขอจำหน่าย
A65: 2 | B65: ถังบรรจุเก็บยางแอสฟัลท์ 15,000 ลิตร | C65: 062 | D65: 37 | E65: 0003 | F65: 16 ก.ย. 37 | G65: 449440 | H65: ส่วนการโยธา / งานบำรุงรักษาทางและสะพาน | I65: /
A66: 3 | B66: ถังบรรจุยางแอสฟัลท์ 15,000 ลิตร | C66: 062 | D66: 38 | E66: 0004 | F66: 7 ส.ค. 38 | G66: 399000 | H66: ส่วนการโยธา / งานบำรุงรักษาทางและสะพาน | I66: /
A67: 4 | B67: ถังบรรจุยางแอสฟัลท์ 15,000 ลิตร | C67: 062 | D67: 39 | E67: 0005 | F67: 7 ส.ค. 39 | G67: 399000 | H67: ส่วนการโยธา / งานบำรุงรักษาทางและสะพาน | I67: /
A68: 5 | B68: ถังเหล็กใช้บรรจุบางแอสฟัลท์ 15,000 ลิตร | C68: 062 | D68: 40 | E68: 0006 | F68: 17 ก.ค. 40 | G68: 399000 | H68: ส่วนการโยธา / งานบำรุงรักษาทางและสะพาน | I68: /
A69: 6 | B69: เครื่องผสมแอสฟัลท์แบบเคลื่อนที่ | C69: 062 | D69: 66 | E69: 0007 | F69: 243595 | G69: 4285000 | H69: ส่วนการโยธา / งานบำรุงรักษาทางและสะพาน | I69: /
G70: =SUM(G64:G69) -> 6930820
A71: 063 | B71: (เครื่องผสมคอนกรีต)
A72: 1 | B72: เครื่องผสมคอนกรีต ยี่ห้อยันมาร์ | C72: 063 | D72: 36 | E72: 0006 | F72: 26 พ.ย. 36 | G72: 35000 | H72: ส่วนการโยธา / งานบำรุงรักษาและซ่อมแซม | I72: / | O72: บ่อหมัก
A73: 2 | B73: เครื่องผสมคอนกรีต ยี่ห้อ MIXON ใช้มอเตอร์ 3 HP 220 โวลท์ | C73: 063 | D73: 62 | E73: 0007 | F73: 13 ธ.ค.61 | G73: 39000 | H73: ส่วนการโยธา / งานบำรุงรักษาและซ่อมแซม | I73: /
G74: =SUM(G72:G73) -> 74000
A75: 070 | B75: (เครื่องอัดลม)
A76: 1 | B76: เครื่องปั้มลมอัตโนมัติ ยี่ห้อ PUMA รุ่น DP 35 P สีฟ้า | C76: 070-34-0003 | F76: 20 มี.ค.34 | G76: 42000 | H76: ศูนย์เครื่องจักรฯ | I76: / | O76: พิมทิพย์
G77: =SUM(G76:G76) -> 42000
A78: 073 | B78: (เครื่องตีเส้น เครื่องโรยเส้น)
A79: 1 | B79: เครื่องตีเส้นจราจร 1 ชุด(เครื่องตีเส้น,ปากกาตีเส้น,เครื่องประสานน้ำยา) | C79: 073 | D79: 45 | E79: 0003 | F79: 17 มิ.ย. 45 | G79: 169500 | H79: ส่วนการโยธา / งานบำรุงรักษาทางและสะพาน | I79: /
A80: 2 | B80: เครื่องตีเส้นจราจร 1 ชุด | C80: 073 | D80: 56 | E80: 0004 | F80: 1 เม.ย. 56 | G80: 247000 | H80: ส่วนการโยธา / งานบำรุงรักษาทางและสะพาน | I80: /
A81: 3 | B81: รถตีเส้นจราจร (สีเทอร์โมพลาสติก แบบเดินตามพร้อมกล่องโรยลูกแก้ว) | C81: 073 | D81: 64 | E81: 0005 | F81: 15 ก.ค.64 | G81: 99500 | H81: ส่วนการโยธา / งานบำรุงรักษาทางและสะพาน | I81: /
G82: =SUM(G79:G81) -> 516000
A83: 080 | B83: (เครื่องกะเทาะสี)
A84: 1 | B84: เครื่องกะเทาะสี (ขับด้วยเครื่องยนต์เบนซิน ไม่น้อยกว่า 9 แรงม้า) | C84: 080 | D84: 64 | E84: 0001 | F84: 23573 | G84: 89500 | H84: ส่วนการโยธา / งานบำรุงรักษาทางและสะพาน | I84: /
G85: =SUM(G84) -> 89500
A86: 090 | B86: (เครื่องต๊าฟเกลียว, เครื่องตัดโลหะ,เครื่องตัดคอนกรีต)
A87: 1 | B87: เครื่องตัดคอนกรีตแอสฟัลด์ | C87: 090 | D87: 35 | E87: 0004 | F87: 11 มี.ค. 35 | G87: 28400 | H87: ส่วนการโยธา / งานบำรุงรักษาและซ่อมแซม | I87: / | O87: บ่อหมัก
A88: 2 | B88: เครื่องตัดคอนกรีต HONDA | C88: 090 | D88: 43 | E88: 0008 | F88: 8 ส.ค. 43 | G88: 47000 | H88: ส่วนการโยธา / งานบำรุงรักษาทางและสะพาน | I88: /
A89: 3 | B89: เครื่องตัดเหล็ก ขนาด 1.6 มม.ยี่ห้อมากีต้า | C89: 090 | D89: 47 | E89: 0007 | F89: 2 เม.ย. 47 | G89: 7850 | H89: ส่วนการโยธา / งานบำรุงรักษาและซ่อมแซม | I89: / | O89: บ่อหมัก
A90: 4 | B90: เครื่องสั่นคอนกรีต ขนาด 25 มิลลิเมตร ประกอบด้วยมอเตอร์ แบะสายจี้ | C90: 090 | D90: 63 | E90: 0009 | F90: 12 มี.ค.63 | G90: 15000 | H90: ส่วนการโยธา / งานบำรุงรักษาและซ่อมแซม | I90: /
B91: คอนกรีต แกนหกเหลี่ยม ยาว 6 เมตร
G92: =SUM(G87:G90) -> 98250
A93: 095 | B93: (เครื่องบดอัด)
A94: 1 | B94: เครื่องบดอัดดิน สั่นสะเทือน บังคับด้วยมือ 3.5 แรงม้า | C94: 095 | D94: 31 | E94: 0001 | F94: 2 ส.ค. 31 | G94: 19980 | H94: ส่วนการโยธา / งานบำรุงรักษาทางและสะพาน | I94: /
A95: 2 | B95: เครื่องตบดิน ยี่ห้อ BERGIN รุ่น สปริงเกอร์ พร้อมมอเตอร์ | C95: 095 | D95: 63 | E95: 0002 | F95: 12 มีค.63 | G95: 18500 | H95: ส่วนการโยธา /งานบำรุงรักษาและซ่อมแซม | I95: /
B96: ยี่ห้อ SAKARI BX550DI
G97: =SUM(G94:G96) -> 38480
A98: 106 | B98: (ชุดดรีมเมอร์)
A99: 1 | B99: ชุดดริมเมอร์ (คว้านบู๊ช) ขนาด 1/2" - 1 1/2" 1 ชุด | C99: 106 | D99: 36 | E99: 0001 | F99: 19 ก.พ.36 | G99: 17000 | H99: ส่วนการโยธา/ศูนย์เครื่องจักรฯ | I99: / | O99: พิมทิพย์
G100: =SUM(G99) -> 17000
...

Sheet 5. ครุภัณฑ์ไฟฟ้าฯ
A1: ทะเบียนรายงานผลการตรวจนับครุภัณฑ์ ประจำปีงบประมาณ 2567 | P1: จำหน่าย
A2: ส่วนการโยธา สำนักช่าง
A3: 5.ครุภัณฑ์ไฟฟ้าและวิทยุ
A4: ลำดับที่ | B4: รายการ | C4: หมายเลขครุภัณฑ์ | F4: วันเดือนปี ที่ได้มา | G4: ราคาที่ได้ | H4: สถานที่ใช้งาน | I4: สภาพครุภัณฑ์ | O4: หมายเหตุ
I5: ใช้ได้ | J5: ชำรุด | K5: เสื่อมสภาพ | L5: สูญหาย | M5: เก็บไว้นาน | N5: หมดความจำเป็น
A6: 082 | B6: (โคมไฟฟ้าสาธารณะ, โคมไฟฟ้า, ไฟราว)
A7: 1 | B7: โคมไฟฟ้า ขนาด 2X40W | C7: 082 | D7: 31 | E7: 0016 | F7: 8 ก.ย. 31 | G7: 990 | H7: ส่วนการโยธา/งานไฟฟ้าสาธารณะ | K7: / | O7: ขอจำหน่าย
A8: 2 | B8: โคมไฟฟ้า ขนาด 2X40W | C8: 082 | D8: 31 | E8: 0017 | F8: 8 ก.ย. 31 | G8: 990 | H8: ส่วนการโยธา/งานไฟฟ้าสาธารณะ | K8: / | O8: ขอจำหน่าย
A9: 3 | B9: โคมไฟฟ้า ขนาด 2X40W | C9: 082 | D9: 31 | E9: 0018 | F9: 8 ก.ย. 31 | G9: 990 | H9: ส่วนการโยธา/งานไฟฟ้าสาธารณะ | K9: / | O9: ขอจำหน่าย
A10: 4 | B10: โคมไฟฟ้า ขนาด 2X40W | C10: 082 | D10: 31 | E10: 0019 | F10: 8 ก.ย. 31 | G10: 990 | H10: ส่วนการโยธา/งานไฟฟ้าสาธารณะ | K10: / | O10: ขอจำหน่าย
A11: 5 | B11: โคมไฟฟ้า ขนาด 2X40W | C11: 082 | D11: 31 | E11: 0020 | F11: 8 ก.ย. 31 | G11: 990 | H11: ส่วนการโยธา/งานไฟฟ้าสาธารณะ | K11: / | O11: ขอจำหน่าย
A12: 6 | B12: โคมไฟฟ้า ขนาด 2X40W | C12: 082 | D12: 31 | E12: 0021 | F12: 8 ก.ย. 31 | G12: 990 | H12: ส่วนการโยธา/งานไฟฟ้าสาธารณะ | K12: / | O12: ขอจำหน่าย
A13: 7 | B13: โคมไฟฟ้า ขนาด 2X40W | C13: 082 | D13: 31 | E13: 0022 | F13: 8 ก.ย. 31 | G13: 990 | H13: ส่วนการโยธา/งานไฟฟ้าสาธารณะ | K13: / | O13: ขอจำหน่าย
A14: 8 | B14: โคมไฟฟ้า ขนาด 2X40W | C14: 082 | D14: 31 | E14: 0023 | F14: 8 ก.ย. 31 | G14: 990 | H14: ส่วนการโยธา/งานไฟฟ้าสาธารณะ | K14: / | O14: ขอจำหน่าย
A15: 9 | B15: โคมไฟฟ้า ขนาด 2X40W | C15: 082 | D15: 31 | E15: 0024 | F15: 8 ก.ย. 31 | G15: 990 | H15: ส่วนการโยธา/งานไฟฟ้าสาธารณะ | K15: / | O15: ขอจำหน่าย
A16: 10 | B16: โคมไฟฟ้า ขนาด 2X40W | C16: 082 | D16: 31 | E16: 0025 | F16: 8 ก.ย. 31 | G16: 990 | H16: ส่วนการโยธา/งานไฟฟ้าสาธารณะ | K16: / | O16: ขอจำหน่าย
A17: 11 | B17: โคมไฟฟ้า ขนาด 2X40W | C17: 082 | D17: 31 | E17: 0026 | F17: 8 ก.ย. 31 | G17: 990 | H17: ส่วนการโยธา/งานไฟฟ้าสาธารณะ | K17: / | O17: ขอจำหน่าย
A18: 12 | B18: โคมไฟฟ้า ขนาด 2X40W | C18: 082 | D18: 31 | E18: 0027 | F18: 8 ก.ย. 31 | G18: 990 | H18: ส่วนการโยธา/งานไฟฟ้าสาธารณะ | K18: / | O18: ขอจำหน่าย
... A206: 200 | B206: โคมไฟฟ้า ขนาด 2X40W | C206: 082 | D206: 31 | E206: 0215 | F206: 8 ก.ย. 31 | G206: 990 | H206: ส่วนการโยธา/งานไฟฟ้าสาธารณะ | K206: / | O206: ขอจำหน่าย
A207: 201 | B207: โคมไฟฟ้าอลูมิเนียมเหล็กหล่อ ขนาด 2X20W | C207: 082 | D207: 35 | E207: 0226 | F207: 9 ก.ค. 35 | G207: 990 | H207: ส่วนการโยธา/งานไฟฟ้าสาธารณะ | K207: / | O207: ขอจำหน่าย
A208: 202 | B208: โคมไฟฟ้าอลูมิเนียมเหล็กหล่อ ขนาด 2X20W | C208: 082 | D208: 35 | E208: 0227 | F208: 9 ก.ค. 35 | G208: 990 | H208: ส่วนการโยธา/งานไฟฟ้าสาธารณะ | K208: / | O208: ขอจำหน่าย
A209: 203 | B209: โคมไฟฟ้าอลูมิเนียมเหล็กหล่อ ขนาด 2X20W | C209: 082 | D209: 35 | E209: 0228 | F209: 9 ก.ค. 35 | G209: 990 | H209: ส่วนการโยธา/งานไฟฟ้าสาธารณะ | K209: / | O209: ขอจำหน่าย
A210: 204 | B210: โคมไฟฟ้าอลูมิเนียมเหล็กหล่อ ขนาด 2X20W | C210: 082 | D210: 35 | E210: 0229 | F210: 9 ก.ค. 35 | G210: 990 | H210: ส่วนการโยธา/งานไฟฟ้าสาธารณะ | K210: / | O210: ขอจำหน่าย
A211: 205 | B211: โคมไฟฟ้าอลูมิเนียมเหล็กหล่อ ขนาด 2X20W | C211: 082 | D211: 35 | E211: 0230 | F211: 9 ก.ค. 35 | G211: 990 | H211: ส่วนการโยธา/งานไฟฟ้าสาธารณะ | K211: / | O211: ขอจำหน่าย
A212: 206 | B212: โคมไฟฟ้าอลูมิเนียมเหล็กหล่อ ขนาด 2X20W | C212: 082 | D212: 35 | E212: 0231 | F212: 9 ก.ค. 35 | G212: 990 | H212: ส่วนการโยธา/งานไฟฟ้าสาธารณะ | K212: / | O212: ขอจำหน่าย
A213: 207 | B213: โคมไฟฟ้าอลูมิเนียมเหล็กหล่อ ขนาด 2X20W | C213: 082 | D213: 35 | E213: 0232 | F213: 9 ก.ค. 35 | G213: 990 | H213: ส่วนการโยธา/งานไฟฟ้าสาธารณะ | K213: / | O213: ขอจำหน่าย
A214: 208 | B214: โคมไฟฟ้าอลูมิเนียมเหล็กหล่อ ขนาด 2X20W | C214: 082 | D214: 35 | E214: 0233 | F214: 9 ก.ค. 35 | G214: 990 | H214: ส่วนการโยธา/งานไฟฟ้าสาธารณะ | K214: / | O214: ขอจำหน่าย
A215: 209 | B215: โคมไฟฟ้าอลูมิเนียมเหล็กหล่อ ขนาด 2X20W | C215: 082 | D215: 35 | E215: 0234 | F215: 9 ก.ค. 35 | G215: 990 | H215: ส่วนการโยธา/งานไฟฟ้าสาธารณะ | K215: / | O215: ขอจำหน่าย
A216: 210 | B216: โคมไฟฟ้าอลูมิเนียมเหล็กหล่อ ขนาด 2X20W | C216: 082 | D216: 35 | E216: 0235 | F216: 9 ก.ค. 35 | G216: 990 | H216: ส่วนการโยธา/งานไฟฟ้าสาธารณะ | K216: / | O216: ขอจำหน่าย
A217: 211 | B217: โคมไฟฟ้าอลูมิเนียมเหล็กหล่อ ขนาด 2X20W | C217: 082 | D217: 35 | E217: 0236 | F217: 9 ก.ค. 35 | G217: 990 | H217: ส่วนการโยธา/งานไฟฟ้าสาธารณะ | K217: / | O217: ขอจำหน่าย
A218: 212 | B218: โคมไฟฟ้าอลูมิเนียมเหล็กหล่อ ขนาด 2X20W | C218: 082 | D218: 35 | E218: 0237 | F218: 9 ก.ค. 35 | G218: 990 | H218: ส่วนการโยธา/งานไฟฟ้าสาธารณะ | K218: / | O218: ขอจำหน่าย
... A908: 902 | B908: โคมไฟฟ้า เนชั่นแนล 250W | C908: 082 | D908: 47 | E908: 0939 | F908: 6 ม.ค. 47 | G908: 6634 | H908: ส่วนการโยธา/งานไฟฟ้าสาธารณะ | K908: / | O908: ขอจำหน่าย
A909: 903 | B909: โคมไฟฟ้าพร้อมกับขาโคมขาจับและอุปกร์ เนชั่นแนล 250 W | C909: 082 | D909: 49 | E909: 0940 | F909: 4 พ.ค. 49 | G909: 8410 | H909: ส่วนการโยธา/งานไฟฟ้าสาธารณะ | I909: / | O909: ถ.ทิพย์ช้าง
A910: 904 | B910: โคมไฟฟ้าพร้อมกับขาโคมขาจับและอุปกร์ เนชั่นแนล 250 W | C910: 082 | D910: 49 | E910: 0941 | F910: 4 พ.ค. 49 | G910: 8410 | H910: ส่วนการโยธา/งานไฟฟ้าสาธารณะ | I910: / | O910: ถ.ทิพย์ช้าง
A911: 905 | B911: โคมไฟฟ้าพร้อมกับขาโคมขาจับและอุปกร์ เนชั่นแนล 250 W | C911: 082 | D911: 49 | E911: 0942 | F911: 4 พ.ค. 49 | G911: 8410 | H911: ส่วนการโยธา/งานไฟฟ้าสาธารณะ | I911: / | O911: ถ.ทิพย์ช้าง
A912: 906 | B912: โคมไฟฟ้าพร้อมกับขาโคมขาจับและอุปกร์ เนชั่นแนล 250 W | C912: 082 | D912: 49 | E912: 0943 | F912: 4 พ.ค. 49 | G912: 8410 | H912: ส่วนการโยธา/งานไฟฟ้าสาธารณะ | I912: / | O912: ถ.ทิพย์ช้าง
A913: 907 | B913: โคมไฟฟ้าพร้อมกับขาโคมขาจับและอุปกร์ เนชั่นแนล 250 W | C913: 082 | D913: 49 | E913: 0944 | F913: 4 พ.ค. 49 | G913: 8410 | H913: ส่วนการโยธา/งานไฟฟ้าสาธารณะ | I913: / | O913: ถ.ทิพย์ช้าง
A914: 908 | B914: โคมไฟฟ้าพร้อมกับขาโคมขาจับและอุปกร์ เนชั่นแนล 250 W | C914: 082 | D914: 49 | E914: 0945 | F914: 4 พ.ค. 49 | G914: 8410 | H914: ส่วนการโยธา/งานไฟฟ้าสาธารณะ | I914: / | O914: ถ.ทิพย์ช้าง
A915: 909 | B915: โคมไฟฟ้าพร้อมกับขาโคมขาจับและอุปกร์ เนชั่นแนล 250 W | C915: 082 | D915: 49 | E915: 0946 | F915: 4 พ.ค. 49 | G915: 8410 | H915: ส่วนการโยธา/งานไฟฟ้าสาธารณะ | I915: / | O915: ถ.ทิพย์ช้าง
A916: 910 | B916: โคมไฟฟ้าพร้อมกับขาโคมขาจับและอุปกร์ เนชั่นแนล 250 W | C916: 082 | D916: 49 | E916: 0947 | F916: 4 พ.ค. 49 | G916: 8410 | H916: ส่วนการโยธา/งานไฟฟ้าสาธารณะ | I916: / | O916: ถ.ทิพย์ช้าง
A917: 911 | B917: โคมไฟฟ้าพร้อมกับขาโคมขาจับและอุปกร์ เนชั่นแนล 250 W | C917: 082 | D917: 49 | E917: 0948 | F917: 4 พ.ค. 49 | G917: 8410 | H917: ส่วนการโยธา/งานไฟฟ้าสาธารณะ | I917: / | O917: ถ.ทิพย์ช้าง
A918: 912 | B918: โคมไฟฟ้าพร้อมกับขาโคมขาจับและอุปกร์ เนชั่นแนล 250 W | C918: 082 | D918: 49 | E918: 0949 | F918: 4 พ.ค. 49 | G918: 8410 | H918: ส่วนการโยธา/งานไฟฟ้าสาธารณะ | I918: / | O918: ถ.ทิพย์ช้าง
A919: 913 | B919: โคมไฟฟ้าพร้อมกับขาโคมขาจับและอุปกร์ เนชั่นแนล 250 W | C919: 082 | D919: 49 | E919: 0950 | F919: 4 พ.ค. 49 | G919: 8410 | H919: ส่วนการโยธา/งานไฟฟ้าสาธารณะ | I919: / | O919: ถ.ทิพย์ช้าง
A920: 914 | B920: โคมไฟฟ้าพร้อมกับขาโคมขาจับและอุปกร์ เนชั่นแนล 250 W | C920: 082 | D920: 49 | E920: 0951 | F920: 4 พ.ค. 49 | G920: 8410 | H920: ส่วนการโยธา/งานไฟฟ้าสาธารณะ | I920: / | O920: ถ.ทิพย์ช้าง
... A1142: 1136 | B1142: โคมไฟฟ้าพร้อมกับขาโคมขาจับและอุปกร์ เนชั่นแนล 250 W | C1142: 082 | D1142: 49 | E1142: 1173 | F1142: 4 พ.ค. 49 | G1142: 8410 | H1142: ส่วนการโยธา/งานไฟฟ้าสาธารณะ | I1142: / | O1142: ชุมชนศรีปงชัย
A1143: 1137 | B1143: โคมไฟถนนชนิดใช้หลอดแสงจันทร์ พานาโซนิคพร้อมอุปกร์ | C1143: 082 | D1143: 50 | E1143: 1174 | F1143: 10 ก.ย. 50 | G1143: 8400 | H1143: ส่วนการโยธา/งานไฟฟ้าสาธารณะ | K1143: / | O1143: ขอจำหน่าย
A1144: 1138 | B1144: โคมไฟถนนชนิดใช้หลอดแสงจันทร์ พานาโซนิคพร้อมอุปกร์ | C1144: 082 | D1144: 50 | E1144: 1175 | F1144: 10 ก.ย. 50 | G1144: 8400 | H1144: ส่วนการโยธา/งานไฟฟ้าสาธารณะ | K1144: / | O1144: ขอจำหน่าย
A1145: 1139 | B1145: โคมไฟถนนชนิดใช้หลอดแสงจันทร์ พานาโซนิคพร้อมอุปกร์ | C1145: 082 | D1145: 50 | E1145: 1176 | F1145: 10 ก.ย. 50 | G1145: 8400 | H1145: ส่วนการโยธา/งานไฟฟ้าสาธารณะ | K1145: / | O1145: ขอจำหน่าย
A1146: 1140 | B1146: โคมไฟถนนชนิดใช้หลอดแสงจันทร์ พานาโซนิคพร้อมอุปกร์ | C1146: 082 | D1146: 50 | E1146: 1177 | F1146: 10 ก.ย. 50 | G1146: 8400 | H1146: ส่วนการโยธา/งานไฟฟ้าสาธารณะ | K1146: / | O1146: ขอจำหน่าย
A1147: 1141 | B1147: โคมไฟถนนชนิดใช้หลอดแสงจันทร์ พานาโซนิคพร้อมอุปกร์ | C1147: 082 | D1147: 50 | E1147: 1178 | F1147: 10 ก.ย. 50 | G1147: 8400 | H1147: ส่วนการโยธา/งานไฟฟ้าสาธารณะ | K1147: / | O1147: ขอจำหน่าย
A1148: 1142 | B1148: โคมไฟถนนชนิดใช้หลอดแสงจันทร์ พานาโซนิคพร้อมอุปกร์ | C1148: 082 | D1148: 50 | E1148: 1179 | F1148: 10 ก.ย. 50 | G1148: 8400 | H1148: ส่วนการโยธา/งานไฟฟ้าสาธารณะ | K1148: / | O1148: ขอจำหน่าย
A1149: 1143 | B1149: โคมไฟถนนชนิดใช้หลอดแสงจันทร์ พานาโซนิคพร้อมอุปกร์ | C1149: 082 | D1149: 50 | E1149: 1180 | F1149: 10 ก.ย. 50 | G1149: 8400 | H1149: ส่วนการโยธา/งานไฟฟ้าสาธารณะ | K1149: / | O1149: ขอจำหน่าย
A1150: 1144 | B1150: โคมไฟถนนชนิดใช้หลอดแสงจันทร์ พานาโซนิคพร้อมอุปกร์ | C1150: 082 | D1150: 50 | E1150: 1181 | F1150: 10 ก.ย. 50 | G1150: 8400 | H1150: ส่วนการโยธา/งานไฟฟ้าสาธารณะ | K1150: / | O1150: ขอจำหน่าย
A1151: 1145 | B1151: โคมไฟถนนชนิดใช้หลอดแสงจันทร์ พานาโซนิคพร้อมอุปกร์ | C1151: 082 | D1151: 50 | E1151: 1182 | F1151: 10 ก.ย. 50 | G1151: 8400 | H1151: ส่วนการโยธา/งานไฟฟ้าสาธารณะ | K1151: / | O1151: ขอจำหน่าย
A1152: 1146 | B1152: โคมไฟถนนชนิดใช้หลอดแสงจันทร์ พานาโซนิคพร้อมอุปกร์ | C1152: 082 | D1152: 50 | E1152: 1183 | F1152: 10 ก.ย. 50 | G1152: 8400 | H1152: ส่วนการโยธา/งานไฟฟ้าสาธารณะ | K1152: / | O1152: ขอจำหน่าย
A1153: 1147 | B1153: โคมไฟถนนชนิดใช้หลอดแสงจันทร์ พานาโซนิคพร้อมอุปกร์ | C1153: 082 | D1153: 50 | E1153: 1184 | F1153: 10 ก.ย. 50 | G1153: 8400 | H1153: ส่วนการโยธา/งานไฟฟ้าสาธารณะ | K1153: / | O1153: ขอจำหน่าย
A1154: 1148 | B1154: โคมไฟถนนชนิดใช้หลอดแสงจันทร์ พานาโซนิคพร้อมอุปกร์ | C1154: 082 | D1154: 50 | E1154: 1185 | F1154: 10 ก.ย. 50 | G1154: 8400 | H1154: ส่วนการโยธา/งานไฟฟ้าสาธารณะ | K1154: / | O1154: ขอจำหน่าย
... A1269: 1263 | B1269: โคมไฟถนนชนิดใช้หลอดแสงจันทร์ | C1269: 082 | D1269: 50 | E1269: 1300 | F1269: 10 ก.ย. 50 | G1269: 8400 | H1269: ส่วนการโยธา/งานไฟฟ้าสาธารณะ | K1269: / | O1269: ขอจำหน่าย
A1270: 1264 | B1270: โคมไฟสนามภายนอกแบบ 5 หัว | C1270: 082 | D1270: 51 | E1270: 1307 | F1270: 4 ธ.ค. 51 | G1270: 4450 | H1270: ส่วนการโยธา/งานไฟฟ้าสาธารณะ | I1270: / | O1270: เลขรหัสเลอะเลือน
A1271: 1265 | B1271: โคมไฟสนามภายนอกแบบ 5 หัว | C1271: 082 | D1271: 51 | E1271: 1308 | F1271: 4 ธ.ค. 51 | G1271: 4450 | H1271: ส่วนการโยธา/งานไฟฟ้าสาธารณะ | I1271: / | O1271: เลขรหัสเลอะเลือน
A1272: 1266 | B1272: โคมไฟสนามภายนอกแบบ 5 หัว | C1272: 082 | D1272: 51 | E1272: 1309 | F1272: 4 ธ.ค. 51 | G1272: 4450 | H1272: ส่วนการโยธา/งานไฟฟ้าสาธารณะ | I1272: / | O1272: เลขรหัสเลอะเลือน
A1273: 1267 | B1273: โคมไฟสนามภายนอกแบบ 5 หัว | C1273: 082 | D1273: 51 | E1273: 1310 | F1273: 4 ธ.ค. 51 | G1273: 4450 | H1273: ส่วนการโยธา/งานไฟฟ้าสาธารณะ | I1273: /
A1274: 1268 | B1274: โคมไฟสนามภายนอกแบบ 5 หัว | C1274: 082 | D1274: 51 | E1274: 1311 | F1274: 4 ธ.ค. 51 | G1274: 4450 | H1274: ส่วนการโยธา/งานไฟฟ้าสาธารณะ | I1274: /
A1275: 1269 | B1275: โคมไฟสนามภายนอกแบบ 5 หัว | C1275: 082 | D1275: 51 | E1275: 1312 | F1275: 4 ธ.ค. 51 | G1275: 4450 | H1275: ส่วนการโยธา/งานไฟฟ้าสาธารณะ | I1275: /
A1276: 1270 | B1276: โคมไฟสนามภายนอกแบบ 5 หัว | C1276: 082 | D1276: 51 | E1276: 1313 | F1276: 4 ธ.ค. 51 | G1276: 4450 | H1276: ส่วนการโยธา/งานไฟฟ้าสาธารณะ | I1276: /
A1277: 1271 | B1277: โคมไฟสนามภายนอกแบบ 5 หัว | C1277: 082 | D1277: 51 | E1277: 1315 | F1277: 4 ธ.ค. 51 | G1277: 4450 | H1277: ส่วนการโยธา/งานไฟฟ้าสาธารณะ | I1277: /
A1278: 1272 | B1278: โคมไฟสนามภายนอกแบบ 5 หัว | C1278: 082 | D1278: 51 | E1278: 1316 | F1278: 4 ธ.ค. 51 | G1278: 4450 | H1278: ส่วนการโยธา/งานไฟฟ้าสาธารณะ | I1278: / | O1278: เลขรหัสเลอะเลือน
A1279: 1273 | B1279: โคมไฟสนามภายนอกแบบ 5 หัว | C1279: 082 | D1279: 51 | E1279: 1317 | F1279: 4 ธ.ค. 51 | G1279: 4450 | H1279: ส่วนการโยธา/งานไฟฟ้าสาธารณะ | I1279: /
A1280: 1274 | B1280: โคมไฟสนามภายนอกแบบ 5 หัว | C1280: 082 | D1280: 51 | E1280: 1318 | F1280: 4 ธ.ค. 51 | G1280: 4450 | H1280: ส่วนการโยธา/งานไฟฟ้าสาธารณะ | I1280: / | O1280: เลขรหัสเลอะเลือน
A1281: 1275 | B1281: โคมไฟสนามภายนอกแบบ 5 หัว | C1281: 082 | D1281: 51 | E1281: 1319 | F1281: 4 ธ.ค. 51 | G1281: 4450 | H1281: ส่วนการโยธา/งานไฟฟ้าสาธารณะ | I1281: /
A1282: 1276 | B1282: โคมไฟสนามภายนอกแบบ 5 หัว | C1282: 082 | D1282: 51 | E1282: 1320 | F1282: 4 ธ.ค. 51 | G1282: 4450 | H1282: ส่วนการโยธา/งานไฟฟ้าสาธารณะ | I1282: /
A1283: 1277 | B1283: โคมไฟสนามภายนอกแบบ 5 หัว | C1283: 082 | D1283: 51 | E1283: 1321 | F1283: 4 ธ.ค. 51 | G1283: 4450 | H1283: ส่วนการโยธา/งานไฟฟ้าสาธารณะ | I1283: /
A1284: 1278 | B1284: โคมไฟสนามภายนอกแบบ 5 หัว | C1284: 082 | D1284: 51 | E1284: 1322 | F1284: 4 ธ.ค. 51 | G1284: 4450 | H1284: ส่วนการโยธา/งานไฟฟ้าสาธารณะ | I1284: /
A1285: 1279 | B1285: โคมไฟสนามภายนอกแบบ 5 หัว | C1285: 082 | D1285: 51 | E1285: 1325 | F1285: 4 ธ.ค. 51 | G1285: 4450 | H1285: ส่วนการโยธา/งานไฟฟ้าสาธารณะ | I1285: /
A1286: 1280 | B1286: โคมไฟสนามภายนอกแบบ 5 หัว | C1286: 082 | D1286: 51 | E1286: 1330 | F1286: 4 ธ.ค. 51 | G1286: 4450 | H1286: ส่วนการโยธา/งานไฟฟ้าสาธารณะ | I1286: /
A1287: 1281 | B1287: โคมไฟสนามภายนอกแบบ 5 หัว | C1287: 082 | D1287: 51 | E1287: 1336 | F1287: 4 ธ.ค. 51 | G1287: 4450 | H1287: ส่วนการโยธา/งานไฟฟ้าสาธารณะ | I1287: /
A1288: 1282 | B1288: โคมไฟสนามภายนอกแบบ 5 หัว | C1288: 082 | D1288: 51 | E1288: 1337 | F1288: 4 ธ.ค. 51 | G1288: 4450 | H1288: ส่วนการโยธา/งานไฟฟ้าสาธารณะ | I1288: /
A1289: 1283 | B1289: โคมไฟสนามภายนอกแบบ 5 หัว | C1289: 082 | D1289: 51 | E1289: 1338 | F1289: 4 ธ.ค. 51 | G1289: 4450 | H1289: ส่วนการโยธา/งานไฟฟ้าสาธารณะ | I1289: /
A1290: 1284 | B1290: โคมไฟสนามภายนอกแบบ 5 หัว | C1290: 082 | D1290: 51 | E1290: 1339 | F1290: 4 ธ.ค. 51 | G1290: 4450 | H1290: ส่วนการโยธา/งานไฟฟ้าสาธารณะ | I1290: /
A1291: 1285 | B1291: โคมไฟสนามภายนอกแบบ 5 หัว | C1291: 082 | D1291: 51 | E1291: 1340 | F1291: 4 ธ.ค. 51 | G1291: 4450 | H1291: ส่วนการโยธา/งานไฟฟ้าสาธารณะ | I1291: /
A1292: 1286 | B1292: โคมไฟสนามภายนอกแบบ 5 หัว | C1292: 082 | D1292: 51 | E1292: 1341 | F1292: 4 ธ.ค. 51 | G1292: 4450 | H1292: ส่วนการโยธา/งานไฟฟ้าสาธารณะ | I1292: /
A1293: 1287 | B1293: โคมไฟสนามภายนอกแบบ 5 หัว | C1293: 082 | D1293: 51 | E1293: 1342 | F1293: 4 ธ.ค. 51 | G1293: 4450 | H1293: ส่วนการโยธา/งานไฟฟ้าสาธารณะ | I1293: /
A1294: 1288 | B1294: ชุดโคมไฟสัญญาณจราจรเตือนกระพริบ พลังงานแสงอาทิตย์ | C1294: 082 | D1294: 59 | E1294: 1343 | F1294: 15 ม.ค. 59 | G1294: 12250 | H1294: ส่วนการโยธา/งานไฟฟ้าสาธารณะ | K1294: / | O1294: ขอจำหน่าย
A1295: 1289 | B1295: ชุดโคมไฟสัญญาณจราจรเตือนกระพริบ พลังงานแสงอาทิตย์ | C1295: 082 | D1295: 59 | E1295: 1344 | F1295: 15 ม.ค. 59 | G1295: 12250 | H1295: ส่วนการโยธา/งานไฟฟ้าสาธารณะ | K1295: / | O1295: ขอจำหน่าย
A1296: 1290 | B1296: ชุดโคมไฟสัญญาณจราจรเตือนกระพริบ พลังงานแสงอาทิตย์ | C1296: 082 | D1296: 59 | E1296: 1345 | F1296: 15 ม.ค. 59 | G1296: 12250 | H1296: ส่วนการโยธา/งานไฟฟ้าสาธารณะ | K1296: / | O1296: ขอจำหน่าย
A1297: 1291 | B1297: ชุดโคมไฟสัญญาณจราจรเตือนกระพริบ พลังงานแสงอาทิตย์ | C1297: 082 | D1297: 59 | E1297: 1346 | F1297: 15 ม.ค. 59 | G1297: 12250 | H1297: ส่วนการโยธา/งานไฟฟ้าสาธารณะ | K1297: / | O1297: ขอจำหน่าย
A1298: 1292 | B1298: ชุดโคมไฟสัญญาณจราจรเตือนกระพริบ พลังงานแสงอาทิตย์ | C1298: 082 | D1298: 59 | E1298: 1347 | F1298: 15 ม.ค. 59 | G1298: 12250 | H1298: ส่วนการโยธา/งานไฟฟ้าสาธารณะ | K1298: / | O1298: ขอจำหน่าย
A1299: 1293 | B1299: ชุดโคมไฟสัญญาณจราจรเตือนกระพริบ พลังงานแสงอาทิตย์ | C1299: 082 | D1299: 59 | E1299: 1348 | F1299: 15 ม.ค. 59 | G1299: 12250 | H1299: ส่วนการโยธา/งานไฟฟ้าสาธารณะ | K1299: / | O1299: ขอจำหน่าย
A1300: 1294 | B1300: ชุดโคมไฟสัญญาณจราจรเตือนกระพริบ พลังงานแสงอาทิตย์ | C1300: 082 | D1300: 59 | E1300: 1349 | F1300: 15 ม.ค. 59 | G1300: 12250 | H1300: ส่วนการโยธา/งานไฟฟ้าสาธารณะ | K1300: / | O1300: ขอจำหน่าย
A1301: 1295 | B1301: ชุดโคมไฟสัญญาณจราจรเตือนกระพริบ พลังงานแสงอาทิตย์ | C1301: 082 | D1301: 59 | E1301: 1350 | F1301: 15 ม.ค. 59 | G1301: 12250 | H1301: ส่วนการโยธา/งานไฟฟ้าสาธารณะ | K1301: / | O1301: ขอจำหน่าย
A1302: 1296 | B1302: โคมไฟ LED 150 วัตต์ | C1302: 082 | D1302: 60 | E1302: 1351 | F1302: 14 พ.ย. 59 | G1302: 4950 | H1302: ส่วนการโยธา/งานไฟฟ้าสาธารณะ | K1302: / | O1302: ขอจำหน่าย
A1303: 1297 | B1303: โคมไฟ LED 150 วัตต์ | C1303: 082 | D1303: 60 | E1303: 1352 | F1303: 14 พ.ย. 59 | G1303: 4950 | H1303: ส่วนการโยธา/งานไฟฟ้าสาธารณะ | K1303: / | O1303: ขอจำหน่าย
A1304: 1298 | B1304: โคมไฟ LED 150 วัตต์ | C1304: 082 | D1304: 60 | E1304: 1353 | F1304: 14 พ.ย. 59 | G1304: 4950 | H1304: ส่วนการโยธา/งานไฟฟ้าสาธารณะ | K1304: / | O1304: ขอจำหน่าย
A1305: 1299 | B1305: โคมไฟ LED 150 วัตต์ | C1305: 082 | D1305: 60 | E1305: 1354 | F1305: 14 พ.ย. 59 | G1305: 4950 | H1305: ส่วนการโยธา/งานไฟฟ้าสาธารณะ | K1305: / | O1305: ขอจำหน่าย
... A1401: 1395 | B1401: โคมไฟ LED 150 วัตต์ | C1401: 082 | D1401: 60 | E1401: 1450 | F1401: 14 พ.ย. 59 | G1401: 4950 | H1401: ส่วนการโยธา/งานไฟฟ้าสาธารณะ | K1401: / | O1401: ขอจำหน่าย
A1402: 1396 | B1402: โคมไฟฟ้า ชนิด LED 150 W | C1402: 082 | D1402: 60 | E1402: 1451 | F1402: 15 ก.ย. 60 | G1402: 2780 | H1402: ส่วนการโยธา/งานไฟฟ้าสาธารณะ | I1402: / | O1402: เสาสูงสะพานเขลางค์
A1403: 1397 | B1403: โคมไฟฟ้า ชนิด LED 150 W | C1403: 082 | D1403: 60 | E1403: 1452 | F1403: 15 ก.ย. 60 | G1403: 2780 | H1403: ส่วนการโยธา/งานไฟฟ้าสาธารณะ | I1403: / | O1403: เสาสูงสะพานเขลางค์
A1404: 1398 | B1404: โคมไฟฟ้า ชนิด LED 150 W | C1404: 082 | D1404: 60 | E1404: 1453 | F1404: 15 ก.ย. 60 | G1404: 2780 | H1404: ส่วนการโยธา/งานไฟฟ้าสาธารณะ | I1404: / | O1404: เสาสูงสะพานเขลางค์
A1405: 1399 | B1405: โคมไฟฟ้า ชนิด LED 150 W | C1405: 082 | D1405: 60 | E1405: 1454 | F1405: 15 ก.ย. 60 | G1405: 2780 | H1405: ส่วนการโยธา/งานไฟฟ้าสาธารณะ | I1405: / | O1405: เสาสูงสะพานเขลางค์
A1406: 1400 | B1406: โคมไฟฟ้า ชนิด LED 150 W | C1406: 082 | D1406: 60 | E1406: 1455 | F1406: 15 ก.ย. 60 | G1406: 2780 | H1406: ส่วนการโยธา/งานไฟฟ้าสาธารณะ | I1406: / | O1406: เสาสูงสะพานเขลางค์
...

Sheet 6. ครุภัณฑ์โฆษณาและเผยแพร่
A1: ทะเบียนรายงานผลการตรวจนับครุภัณฑ์ ประจำปีงบประมาณ 2567
A2: ส่วนการโยธา สำนักช่าง
A3: 6. ครุภัณฑ์โฆษณาและเผยแพร่
A4: ลำดับที่ | B4: รายการ | C4: หมายเลขครุภัณฑ์ | F4: วันเดือนปี | G4: ราคาที่ได้ | H4: สถานที่ใช้งาน | I4: สภาพครุภัณฑ์ | O4: หมายเหตุ
F5: ที่ได้มา | I5: ใช้ได้ | J5: ชำรุด | K5: เสื่อมสภาพ | L5: สูญหาย | M5: เก็บไว้นาน | N5: หมดความจำเป็น
A6: 444 | B6: (จอมอเตอร์)
A7: 1 | B7: จอมอเตอร์ไฟฟ้า 150" เนื้อ MW สัดส่วน 4:3 ซ่อนบนฝ้า | C7: 444 | D7: 62 | E7: 0034 | F7: 5 ก.ย.62 | G7: 21400 | H7: ส่วนการโยธา / ฝ่ายสวนสาธารณะ/ สวนเวียงละกอน | I7: / | R7: /
A8: 2 | B8: จอมอเตอร์ไฟฟ้า 150" เนื้อ MW สัดส่วน 4:3 ซ่อนบนฝ้า | C8: 444 | D8: 62 | E8: 0035 | F8: 5 ก.ย.62 | G8: 21400 | H8: ส่วนการโยธา / ฝ่ายสวนสาธารณะ/ สวนเวียงละกอน | I8: / | R8: /
G9: =SUM(G7:G8) -> 42800
A10: 447 | B10: (โปรเจคเตอร์)
A11: 1 | B11: โปรเจ็คเตอร์หลอด LCD 3000ANSI ความละเอียด 1280x80 พร้อมอุปกรณ์และขาแขวน 43x95 ซม. | C11: 447 | D11: 62 | E11: 0037 | F11: 5 ก.ย.62 | G11: 50584.25 | H11: ส่วนการโยธา /ฝ่ายสวนสาธารณะ/ สวนเวียงละกอน | I11: / | R11: /
A12: 2 | B12: โปรเจ็คเตอร์หลอด LCD 3000ANSI ความละเอียด 1280x80 พร้อมอุปกรณ์และขาแขวน 43x95 ซม. | C12: 447 | D12: 62 | E12: 0038 | F12: 5 ก.ย.62 | G12: 50584.25 | H12: ส่วนการโยธา /ฝ่ายสวนสาธารณะ/ สวนเวียงละกอน | I12: / | R12: /
G13: =SUM(G11:G12) -> 101168.5
A14: 454 | B14: (กล้องวงจรปิด)
A15: 1 | B15: กล้องโทรทัศน์วงจรปิดชนิดเครือข่าย แบบมุมมองคงที่สำหรับติดตั้งภาย | C15: 454 | D15: 64 | E15: 0169 | F15: 21 ก.ย.64 | G15: 16000 | H15: ส่วนการโยธา / งานกำจัดขยะมูลฝอย | I15: / | O15: อาคารบ่อขยะ | R15: /
B16: ในอาคาร ยี่ห้อ Hikvision รุ่น HVS-2CD2721Go-l
A17: 2 | B17: กล้องโทรทัศน์วงจรปิดชนิดเครือข่าย แบบมุมมองคงที่สำหรับติดตั้งภาย | C17: 454 | D17: 64 | E17: 0170 | F17: 21 ก.ย.64 | G17: 16000 | H17: ส่วนการโยธา / งานกำจัดขยะมูลฝอย | I17: / | O17: อาคารบ่อขยะ | R17: /
B18: ในอาคาร ยี่ห้อ Hikvision รุ่น HVS-2CD2721Go-l
A19: 3 | B19: กล้องโทรทัศน์วงจรปิดชนิดเครือข่าย แบบมุมมองคงที่สำหรับติดตั้งภาย | C19: 454 | D19: 64 | E19: 0171 | F19: 21 ก.ย.64 | G19: 16000 | H19: ส่วนการโยธา / งานกำจัดขยะมูลฝอย | I19: / | O19: อาคารบ่อขยะ | R19: /
B20: ในอาคาร ยี่ห้อ Hikvision รุ่น HVS-2CD2721Go-l
A21: 4 | B21: กล้องโทรทัศน์วงจรปิดชนิดเครือข่าย แบบมุมมองคงที่สำหรับติดตั้งภาย | C21: 454 | D21: 64 | E21: 0172 | F21: 21 ก.ย.64 | G21: 16000 | H21: ส่วนการโยธา / งานกำจัดขยะมูลฝอย | I21: / | O21: อาคารบ่อขยะ | R21: /
B22: ในอาคาร ยี่ห้อ Hikvision รุ่น HVS-2CD2721Go-l
A23: 5 | B23: กล้องโทรทัศน์วงจรปิดชนิดเครือข่าย แบบมุมมองคงที่สำหรับติดตั้งภาย | C23: 454 | D23: 64 | E23: 0173 | F23: 21 ก.ย.64 | G23: 16000 | H23: ส่วนการโยธา / งานกำจัดขยะมูลฝอย | I23: / | O23: อาคารบ่อขยะ | R23: /
B24: ในอาคาร ยี่ห้อ Hikvision รุ่น HVS-2CD2721Go-l
A25: 6 | B25: อุปกรณ์บันทึกภาพผ่านเครือข่าย แบบ 8 ช่อง ยี่ห้อ Hikvision รุ่น | C25: 454 | D25: 64 | E25: 0174 | F25: 21 ก.ย.64 | G25: 21000 | H25: ส่วนการโยธา / งานกำจัดขยะมูลฝอย | I25: / | O25: อาคารบ่อขยะ | R25: /
B26: DS-7608NI-K2
A27: 7 | B27: อุปกรณ์กระจายสัญญาณแบบ PoE (PoE 2 Switch) ขนาด 8 ช่อง | C27: 454 | D27: 64 | E27: 0175 | F27: 21 ก.ย.64 | G27: 8000 | H27: ส่วนการโยธา / งานกำจัดขยะมูลฝอย | I27: / | O27: อาคารบ่อขยะ | R27: /
B28: ยี่ห้อ D-Link รุ่น DGS-1210-10P
G29: =SUM(G15:G28) -> 109000
A30: 456 | B30: (เครื่องรับโทรทัศน์)
A31: 1 | B31: โทรทัศน์สีขนาด 25 นิ้ว | C31: 456 | D31: 47 | E31: 0057 | F31: 16 มี.ค.47 | G31: 15000 | H31: ส่วนการโยธา / งานกำจัดขยะมูลฝอย | J31: / | O31: ขอจำหน่าย | P31: 1 | S31: /
A32: 2 | B32: จอทีวี Aconatic ขนาด 43 นิ้ว | C32: 456 | D32: 66 | E32: 0157 | F32: 24162 | G32: 19795 | H32: ส่วนการโยธา /ฝ่ายสวนสาธารณะ/ สวนเวียงละกอน | I32: / | R32: /
G33: =SUM(G30:G32) -> 34795 | R33: =COUNTA(R7:R32) -> 12 | S33: =COUNTA(S7:S32) -> 1 | T33: =COUNTA(T7:T32) -> 0 | U33: =COUNTA(U7:U32) -> 0 | V33: =COUNTA(V7:V32) -> 0 | W33: =COUNTA(W7:W32) -> 0
G34: =G9+G13+G33+G29 -> 287763.5
B36: (ลงชื่อ) ประธานกรรมการ | G36: (ลงชื่อ) | J36: กรรมการ
B37: (นางสาวสุทธินี พูลสวัสดิ์) | H37: (นายอนุพงษ์ คำฟู)
B38: นักวิชาการสุขาภิบาลปฏิบัติการ | H38: วิศวกรสุขาภิบาลปฏิบัติการ
B40: (ลงชื่อ) กรรมการและเลขานุการ
B41: (นายสิทธิพล ธรรมสาร)
B42: นายช่างเครื่องกลชำนาญงาน
B45: งานสวนสาธารณะ | G45: =[7]งานสวนสาธารณะ!G17 -> 163763.5
B46: ฝ่ายช่างสุขาภิบาล | G46: ='[7]ฝ่ายช่างสุขาภิบาล งานกำจัดขยะฯ'!G25 -> 124000
G47: =SUM(G45:G46) -> 287763.5

Sheet 7.ครุภัณฑ์วิทยาศาสตร์ฯ
A1: ทะเบียนรายงานผลการตรวจนับครุภัณฑ์ ประจำปีงบประมาณ 2567
A2: ส่วนการโยธา สำนักช่าง
A3: 7. ครุภัณฑ์วิทยาศาสาตร์การแพทย์
A4: ลำดับที่ | B4: รายการ | C4: หมายเลขครุภัณฑ์ | F4: วันเดือนปี | G4: ราคาที่ได้ | H4: สถานที่ใช้งาน | I4: สภาพครุภัณฑ์ | O4: หมายเหตุ
F5: ที่ได้มา | I5: ใช้ได้ | J5: ชำรุด | K5: เสื่อมสภาพ | L5: สูญหาย | M5: เก็บไว้นาน | N5: หมดความจำเป็น
A6: 201 | B6: (กล้องจุลทรรศน์)
A7: 1 | B7: กล้องจุลทรรศน์ | C7: 201 | D7: 24 | E7: 0002 | F7: 10 มี.ค. 24 | G7: 19500 | H7: ส่วนการโยธา / งานวิเคราะห์คุณภาพน้ำ | I7: / | O7: ตึกช่างสุขาภิบาล | R7: /
A8: 2 | B8: กล้องจุลทรรศน์ | C8: 201 | D8: 67 | E8: 0008 | G8: 145000 | H8: งานแบบแผนและก่อสร้าง/ฝ่ายช่างสุขาภิบาล/ส่วนการโยธา | O8: อจน.
G9: =SUM(G7:G8) -> 164500
A10: 227 | B10: (เครื่องตรวจคุณภาพน้ำ)
A11: 1 | B11: เครื่องตรวจสอบคุณภาพน้ำ เครื่องวัดปริมาณ O2 ที่ละลายในน้ำและวัด | C11: 227 | D11: 44 | E11: 0001 | F11: 5 เม.ย. 44 | G11: 61820 | H11: ส่วนการโยธา / งานวิเคราะห์คุณภาพน้ำ | J11: / | O11: โรงจัดการคุณภาพน้ำ | P11: 1 | S11: /
B12: ค่าความเป็นกรด - ด่าง แบบพกพา (SER NA 00270016 , SER RN 01050118)
A13: 2 | B13: เครื่องตรวจวัดคุณภาพน้ำอัตโนมัติ ยี่ห้อ Commandorสีขาว แบบตู้สถานี | C13: 227 | D13: 52 | E13: 0002 | F13: 8 เม.ย. 52 | G13: 300000 | H13: ส่วนการโยธา / งานวิเคราะห์คุณภาพน้ำ/สุรชาติ | J13: / | O13: ถ.วังขวา | P13: 2 | S13: /
B14: รุ่น Data logger CT-10 | O14: (ตรงข้ามวัดสิงห์ชัย)
G15: =SUM(G11:G13) -> 361820
A16: 289 | B16: (เครื่องชั่ง)
A17: 1 | B17: เครื่องชั่งชนิดละเอียด | C17: 289 | D17: 67 | E17: 0064 | G17: 85000 | H17: งานแบบแผนและก่อสร้าง/ฝ่ายช่างสุขาภิบาล/ส่วนการโยธา | I17: / | O17: อจน. | R17: /
A18: 2 | B18: เครื่องชั่งชนิดหยาบ | C18: 289 | D18: 67 | E18: 0065 | G18: 45000 | H18: งานแบบแผนและก่อสร้าง/ฝ่ายช่างสุขาภิบาล/ส่วนการโยธา | I18: / | O18: อจน. | R18: /
G19: =SUM(G17:G18) -> 130000
A20: 298 | B20: (เครื่องวัดอุณหภูมิ)
A21: 1 | B21: เครื่องวัดอุณหภูมิระบบินฟาเรดทางหน้าผาก | C21: 298 | D21: 64 | E21: 0053 | F21: 29 ม.ค.64 | G21: 2195 | H21: ฝ่ายสวนสาธารณะ/โรงพัสดุ | I21: / | R21: /
A22: 2 | B22: เครื่องวัดอุณหภูมิระบบินฟาเรดทางหน้าผาก | C22: 298 | D22: 64 | E22: 0054 | F22: 29 ม.ค.64 | G22: 2195 | H22: ฝ่ายสวนสาธารณะ/โรงพัสดุ | I22: / | R22: /
A23: 3 | B23: เครื่องวัดอุณหภูมิระบบินฟาเรดทางหน้าผาก | C23: 298 | D23: 64 | E23: 0055 | F23: 29 ม.ค.64 | G23: 2195 | H23: ฝ่ายสวนสาธารณะ/สวนเขลางค์ | I23: / | R23: /
A24: 4 | B24: เครื่องวัดอุณหภูมิอินฟราเรด ชนิดมีขาตั้ง ใช้พลังงานไฟฟ้า | C24: 298 | D24: 64 | E24: 0074 | F24: 30 ธ.ค.65 | G24: 1720 | H24: ส่วนการโยธา | I24: / | O24: ตู้ธุรการ | R24: /
A25: 5 | B25: เครื่องวัดอุณหภูมิอินฟราเรด ชนิดมีขาตั้ง ใช้พลังงานไฟฟ้า | C25: 298 | D25: 64 | E25: 0075 | F25: 30 ธ.ค.65 | G25: 1720 | H25: ส่วนการโยธา | I25: / | O25: ตู้ธุรการ | R25: /
G26: =SUM(G21:G25) -> 10025
A27: 299 | B27: (ครุภัณฑ์วิทยาศาสตร์และการแพทย์)
A28: 1 | B28: อ่างน้ำควบคุมอุณหภูมิ | C28: 299 | D28: 67 | E28: 0001 | G28: 90000 | H28: งานแบบแผนและก่อสร้าง/ฝ่ายช่างสุขาภิบาล/ส่วนการโยธา | I28: / | O28: อจน. | R28: /
G29: =G28 -> 90000 | R29: =COUNTA(R7:R28) -> 9 | S29: =COUNTA(S7:S28) -> 2 | T29: =COUNTA(T7:T28) -> 0 | U29: =COUNTA(U7:U28) -> 0 | V29: =COUNTA(V7:V28) -> 0 | W29: =COUNTA(W7:W28) -> 0
G30: =G9+G15+G26 -> 536345
B32: (ลงชื่อ) ประธานกรรมการ | G32: (ลงชื่อ) | J32: กรรมการ
B33: (นางสาวสุทธินี พูลสวัสดิ์) | H33: (นายอนุพงษ์ คำฟู)
B34: นักวิชาการสุขาภิบาลปฏิบัติการ | H34: วิศวกรสุขาภิบาลปฏิบัติการ
B36: (ลงชื่อ) กรรมการและเลขานุการ
B37: (นายสิทธิพล ธรรมสาร)
B38: นายช่างเครื่องกลชำนาญงาน
B40: งานสวนสาธารณะ | F40: =[8]ฝ่ายสวนสาธารณะ!G11 -> 6585
B41: ฝ่ายช่างสุขาภิบาล | F41: ='[8]สุขาภิบาล งานวิเคราะห์คุณภาพน้ำ'!G15 -> 381320
B42: งานธุรการ | F42: =[8]งานธุการ!G10 -> 3440
F43: =SUM(F40:F42) -> 391345

Sheet 8.ครุภัณฑ์งานบ้านฯ
A1: ทะเบียนรายงานผลการตรวจนับครุภัณฑ์ ประจำปีงบประมาณ 2567
A2: ส่วนการโยธา สำนักช่าง
A3: 8.ครุภัณฑ์งานบ้านงานครัว
A4: ลำดับที่ | B4: รายการ | C4: หมายเลขครุภัณฑ์ | F4: วันเดือนปี | G4: ราคาที่ได้ | H4: สถานที่ใช้งาน | I4: สภาพครุภัณฑ์ | O4: หมายเหตุ
F5: ที่ได้มา | I5: ใช้ได้ | J5: ชำรุด | K5: เสื่อมสภาพ | L5: สูญหาย | M5: เก็บไว้นาน | N5: หมดความจำเป็น
A6: 434 | B6: (ม่านม้วน)
A7: 1 | B7: ม่านม้วนขนาด 1.0x2.05 ซม. สีขาว | C7: 434 | D7: 62 | E7: 0069 | F7: 6 ก.ย.62 | G7: 5125 | H7: ฝ่ายสวนสาธารณะ /สวนเขลางค์ | I7: / | O7: อาคารสุขาภิบาล (เดิม) | R7: /
A8: 2 | B8: ม่านม้วนขนาด 1.0x2.05 ซม. สีขาว | C8: 434 | D8: 62 | E8: 0070 | F8: 6 ก.ย.62 | G8: 5125 | H8: ฝ่ายสวนสาธารณะ /สวนเขลางค์ | I8: / | O8: อาคารสุขาภิบาล (เดิม) | R8: /
A9: 3 | B9: ม่านม้วนขนาด 1.0x2.05 ซม. สีขาว | C9: 434 | D9: 62 | E9: 0071 | F9: 6 ก.ย.62 | G9: 5125 | H9: ฝ่ายสวนสาธารณะ /สวนเขลางค์ | I9: / | O9: อาคารสุขาภิบาล (เดิม) | R9: /
A10: 4 | B10: ม่านม้วนขนาด 1.35x1.35 ซม. สีขาว | C10: 434 | D10: 62 | E10: 0072 | F10: 6 ก.ย.62 | G10: 4556.25 | H10: ฝ่ายสวนสาธารณะ /สวนเขลางค์ | I10: / | O10: อาคารสุขาภิบาล (เดิม) | R10: /
G11: =SUM(G7:G10) -> 19931.25
A12: 439 | B12: ( เครื่องทำน้ำเย็น)
A13: 1 | B13: เครื่องทำน้ำเย็น แบบใช้ขวด | C13: 439 | D13: 40 | E13: 0050 | F13: 27 พ.ย.40 | G13: 3300 | H13: ผ่ายสวนสาธารณะ/โรงพัสดุ | I13: / | R13: /
A14: 2 | B14: เครื่องทำน้ำเย็นแบบใช้ขวด ยี่ห้อ STANDARD | C14: 439 | D14: 44 | E14: 0053 | F14: 22 มี.ค.65 | G14: 3200 | H14: ส่วนการโยธา /งานไฟฟ้าสาธารณะ | I14: / | R14: /
A15: 3 | B15: เครื่องทำน้ำเย็น | C15: 439 | D15: 46 | E15: 0068 | F15: 18 เม.ย.46 | G15: 3200 | H15: ส่วนการโยธา /งานธุรการ | K15: / | O15: ขอจำหน่าย | Q15: 1 | T15: /
A16: 4 | B16: เครื่องทำน้ำเย็น | C16: 439 | D16: 47 | E16: 0073 | F16: 16 มี.ค.47 | G16: 3700 | H16: ส่วนการโยธา /งานธุรการ | K16: / | O16: ขอจำหน่าย | Q16: 2 | T16: /
A17: 5 | B17: เครื่องทำน้ำเย็นแบบใช้ขวด | C17: 439 | D17: 46 | E17: 0066 | F17: 18 เม.ย.46 | G17: 3200 | H17: ส่วนการโยธา/งานบำรุงรักษาทางและสะพาน | I17: / | O17: โอนจากส่วนควบคุมอาคารและผังเมือง สำนักช่าง | P17: รับ ยธ ที่ 565/66 ลว.4 ส.ค.66 | R17: /
G18: =SUM(G13:G17) -> 16600
A19: 441 | B19: (เครื่องตัดหญ้า)
A20: 1 | B20: เครื่องตัดหญ้าข้อแข็ง | C20: 441 | D20: 48 | E20: 0096 | F20: 29 ส.ค. 48 | G20: 9000 | H20: ส่วนการโยธา / งานกำจัดขยะมูลฝอย | J20: / | O20: ขอจำหน่าย | Q20: 1 | S20: /
A21: 2 | B21: เครื่องตัดหญ้าแบบล้อจักรยาน | C21: 441 | D21: 48 | E21: 0098 | F21: 29 ส.ค. 48 | G21: 9700 | H21: ส่วนการโยธา / งานกำจัดขยะมูลฝอย | J21: / | O21: ขอจำหน่าย | Q21: 2 | S21: /
A22: 3 | B22: เครื่องตัดหญ้าแบบสะพาย ยี่ห้อ ฮอนด้า รุ่น UMK435 | C22: 441 | D22: 50 | E22: 0111 | F22: 3 พ.ค. 50 | G22: 9000 | H22: ส่วนการโยธา / งานบำรุงรักษาและซ่อมแซม | I22: / | O22: บ่อหมัก | R22: /
A23: 4 | B23: เครื่องตัดหญ้าแบบสะพาย ยี่ห้อ ฮอนด้า รุ่น UMK435 | C23: 441 | D23: 50 | E23: 0112 | F23: 3 พ.ค. 50 | G23: 9000 | H23: ส่วนการโยธา / งานบำรุงรักษาและซ่อมแซม | I23: / | O23: บ่อหมัก | R23: /
A24: 5 | B24: เครื่องตัดหญ้า ชนิดเข็น 2 ล้อ ยี่ห้อฮอนด้า รุ่น GX160T | C24: 441 | D24: 50 | E24: 0113 | F24: 3 พ.ค. 50 | G24: 9700 | H24: ส่วนการโยธา / งานบำรุงรักษาและซ่อมแซม | I24: / | O24: บ่อหมัก | R24: /
A25: 6 | B25: เครื่องตัดหญ้าแบบสะพาย | C25: 441 | D25: 50 | E25: 0114 | F25: 3 พ.ค. 50 | G25: 9700 | H25: ส่วนการโยธา / งานบำรุงรักษาและซ่อมแซม | I25: / | O25: บ่อหมัก | R25: /
A26: 7 | B26: เครื่องตัดหญ้า 4 ล้อ ยี่ห้อ HONDA | C26: 441 | D26: 50 | E26: 0115 | F26: 3 พ.ค. 50 | G26: 12000 | H26: ส่วนการโยธา / งานบำรุงรักษาและซ่อมแซม | I26: / | O26: บ่อหมัก | R26: /
A27: 8 | B27: เครื่องตัดหญ้าข้อแข็ง แบบสะพาย ยี่ห้อ Honda UMK435T รุ่น GX35 | C27: 441 | D27: 62 | E27: 0152 | F27: 7 ม.ค.62 | G27: 8600 | H27: ฝ่ายสวนสาธารณะ/โรงพัสดุ/ห้องพัสดุ 2 | I27: / | R27: /
A28: 9 | B28: เครื่องตัดหญ้าแบบข้อแข็ง ยี่ห้อ HONDA รุ่น UMK435 | C28: 441 | D28: 64 | E28: 0166 | F28: 14 ก.ย.64 | G28: 9300 | H28: ฝ่ายสวนสาธารณะ/ใช้งานชุดตัดหญ้า | I28: / | R28: /
A29: 10 | B29: เครื่องตัดหญ้าแบบข้อแข็ง ยี่ห้อ HONDA รุ่น UMK435 | C29: 441 | D29: 64 | E29: 0167 | F29: 14 ก.ย.64 | G29: 9300 | H29: ฝ่ายสวนสาธารณะ/ใช้งานชุดตัดหญ้า | I29: / | R29: /
A30: 11 | B30: เครื่องตัดหญ้าแบบข้อแข็ง ยี่ห้อ HONDA รุ่น UMK435 | C30: 441 | D30: 64 | E30: 0168 | F30: 14 ก.ย.64 | G30: 9300 | H30: ฝ่ายสวนสาธารณะ/ใช้งานชุดตัดหญ้า | I30: / | R30: /
A31: 12 | B31: เครื่องตัดหญ้าแบบข้อแข็ง ยี่ห้อ HONDA รุ่น UMK435 | C31: 441 | D31: 64 | E31: 0169 | F31: 14 ก.ย.64 | G31: 9300 | H31: ฝ่ายสวนสาธารณะ/ใช้งานชุดตัดหญ้า | I31: / | R31: /
A32: 13 | B32: เครื่องตัดหญ้าแบบข้อแข็ง ยี่ห้อ HONDA รุ่น UMK435 | C32: 441 | D32: 64 | E32: 0170 | F32: 14 ก.ย.64 | G32: 9300 | H32: ฝ่ายสวนสาธารณะ/ใช้งานชุดตัดหญ้า | I32: / | R32: /
A33: 14 | B33: เครื่องตัดหญ้าแบบข้อแข็ง ยี่ห้อ HONDA รุ่น UMK435 | C33: 441 | D33: 64 | E33: 0171 | F33: 14 ก.ย.64 | G33: 9300 | H33: ฝ่ายสวนสาธารณะ/ใช้งานชุดตัดหญ้า | I33: / | R33: /
A34: 15 | B34: เครื่องตัดหญ้าแบบข้ออ่อน ยี่ห้อ HONDA รุ่น UMR435 | C34: 441 | D34: 64 | E34: 0172 | F34: 14 ก.ย.64 | G34: 10800 | H34: ฝ่ายสวนสาธารณะ/ใช้งานสวนภิรมย์ธาร | I34: / | R34: /
A35: 16 | B35: เครื่องตัดหญ้าแบบข้ออ่อน ยี่ห้อ HONDA รุ่น UMR435 | C35: 441 | D35: 64 | E35: 0173 | F35: 14 ก.ย.64 | G35: 10800 | H35: ฝ่ายสวนสาธารณะ/ใช้งานชุดตัดหญ้า | I35: / | R35: /
A36: 17 | B36: เครื่องตัดหญ้าแบบข้ออ่อน ยี่ห้อ HONDA รุ่น UMR435 | C36: 441 | D36: 64 | E36: 0174 | F36: 14 ก.ย.64 | G36: 10800 | H36: ฝ่ายสวนสาธารณะ/ใช้งานชุดตัดหญ้า | I36: / | R36: /
A37: 18 | B37: เครื่องตัดหญ้าแบบข้ออ่อน ยี่ห้อ HONDA รุ่น UMR435 | C37: 441 | D37: 64 | E37: 0175 | F37: 14 ก.ย.64 | G37: 10800 | H37: ฝ่ายสวนสาธารณะ/ใช้งานชุดตัดหญ้า | I37: / | R37: /
A38: 19 | B38: เครื่องตัดหญ้าแบบข้ออ่อน ยี่ห้อ HONDA รุ่น UMR435 | C38: 441 | D38: 64 | E38: 0176 | F38: 14 ก.ย.64 | G38: 10800 | H38: ฝ่ายสวนสาธารณะ/ใช้งานชุดตัดหญ้า | I38: / | R38: /
... A44: 25 | B44: เครื่องตัดหญ้าแบบล้อจักรยาน ยี่ห้อ HONDA รุ่น GX160 | C44: 441 | D44: 64 | E44: 0182 | F44: 14 ก.ย.64 | G44: 12000 | H44: ฝ่ายสวนสาธารณะ/ใช้งานชุดตัดหญ้า | I44: / | R44: /
A45: 26 | B45: เครื่องตัดหญ้าแบบข้อแข็ง | C45: 441 | D45: 67 | E45: 0203 | F45: 24560 | G45: 8800 | H45: งานกำจัดมูลฝอยและสื่งปฏิกูล/ฝ่ายช่างสุขาภิบาล/ส่วนการโยธา | I45: / | O45: บ่อขยะ | R45: /
A46: 27 | B46: เครื่องตัดหญ้าแบบข้อแข็ง | C46: 441 | D46: 67 | E46: 0204 | F46: 24560 | G46: 8800 | H46: งานกำจัดมูลฝอยและสื่งปฏิกูล/ฝ่ายช่างสุขาภิบาล/ส่วนการโยธา | I46: / | O46: บ่อขยะ | R46: /
A47: 28 | B47: เครื่องตัดหญ้าแบบข้อแข็ง | C47: 441 | D47: 67 | E47: 0205 | F47: 24560 | G47: 8800 | H47: งานกำจัดมูลฝอยและสื่งปฏิกูล/ฝ่ายช่างสุขาภิบาล/ส่วนการโยธา | I47: / | O47: บ่อขยะ | R47: /
A48: 29 | B48: เครื่องตัดหญ้าแบบข้อแข็ง | C48: 441 | D48: 67 | E48: 0206 | F48: 24560 | G48: 8800 | H48: งานกำจัดมูลฝอยและสื่งปฏิกูล/ฝ่ายช่างสุขาภิบาล/ส่วนการโยธา | I48: / | O48: บ่อหมัก | R48: /
G49: =SUM(G20:G48) -> 292500
A50: 635 | B50: (เครื่องตัดแต่งพุ่มไม้)
A51: 1 | B51: เครื่องตัดแต่งพุ่มไม้ ยี่ห้อ KASEI รุ่น SLP600S | C51: 635 | D51: 64 | E51: 0003 | F51: 23634 | G51: 6050 | H51: ฝ่ายสวนสาธารณะ/ใช้งานชุดตัดแต่ง | I51: / | R51: /
A52: 2 | B52: เครื่องตัดแต่งพุ่มไม้ ยี่ห้อ KASEI รุ่น SLP600S | C52: 635 | D52: 64 | E52: 0004 | F52: 23634 | G52: 6050 | H52: ฝ่ายสวนสาธารณะ/ใช้งานชุดตัดแต่ง | I52: / | R52: /
A53: 3 | B53: เครื่องตัดแต่งพุ่มไม้ ยี่ห้อ KASEI รุ่น SLP600S | C53: 635 | D53: 64 | E53: 0006 | F53: 23634 | G53: 6050 | H53: ฝ่ายสวนสาธารณะ/ใช้งานชุดตัดแต่ง | I53: / | R53: /
A54: 4 | B54: เครื่องตัดแต่งพุ่มไม้ | C54: 635 | D54: 67 | E54: 0009 | F54: 24564 | G54: 14900 | H54: ฝ่ายสวนสาธารณะ/งานควบคุมและบำรุงรักษาสวนสาธารณะ | I54: / | R54: /
A55: 5 | B55: เครื่องตัดแต่งพุ่มไม้ | C55: 635 | D55: 67 | E55: 0010 | F55: 24564 | G55: 14900 | H55: ฝ่ายสวนสาธารณะ/งานควบคุมและบำรุงรักษาสวนสาธารณะ | I55: / | R55: /
A56: 6 | B56: เครื่องตัดแต่งพุ่มไม้ | C56: 635 | D56: 67 | E56: 0011 | F56: 24564 | G56: 14900 | H56: ฝ่ายสวนสาธารณะ/งานควบคุมและบำรุงรักษาสวนสาธารณะ | I56: / | R56: /
A57: 7 | B57: เครื่องตัดแต่งพุ่มไม้ | C57: 635 | D57: 67 | E57: 0012 | F57: 24564 | G57: 14900 | H57: ฝ่ายสวนสาธารณะ/งานควบคุมและบำรุงรักษาสวนสาธารณะ | I57: / | R57: /
A58: 8 | B58: เครื่องตัดแต่งพุ่มไม้ | C58: 635 | D58: 67 | E58: 0013 | F58: 24564 | G58: 14900 | H58: ฝ่ายสวนสาธารณะ/งานควบคุมและบำรุงรักษาสวนสาธารณะ | I58: / | R58: /
G59: =SUM(G51:G58) -> 92650
A60: 701 | B60: (เครื่องกรองน้ำ)
A61: 1 | B61: เครื่องกรองน้ำ | C61: 701 | D61: 55 | E61: 0023 | F61: 15 พ.ย. 55 | G61: 270000 | H61: ส่วนการโยธา / งานสวนสาธารณะ /ข้างป้อมห้าแยก | I61: / | R61: /
G62: =SUM(G61:G61) -> 270000
A63: 711 | B63: (ถังเก็บน้ำ)
A64: 1 | B64: ถังเก็บน้ำบนดินไฟเบอร์กลาสขนาดบรรจุ 5 ลบ.ม.พร้อมฐาน | C64: 711 | D64: 58 | E64: 0047 | F64: 21 ม.ค.58 | G64: 19300 | H64: ฝ่ายสวนสาธารณะ/ หน้าศาลากลางเก่า | I64: / | R64: /
A65: 2 | B65: ถังเก็บน้ำบนดินไฟเบอร์กลาสขนาดบรรจุ 5 ลบ.ม.พร้อมฐาน | C65: 711 | D65: 58 | E65: 0048 | F65: 21 ม.ค.58 | G65: 19300 | H65: ฝ่ายสวนสาธารณะ/ หน้าศาลากลางเก่า | I65: / | R65: /
G66: =SUM(G64:G65) -> 38600
A67: 722 | B67: (เครื่องเป่าพ่นลม)
A68: 1 | B68: เครื่องเป่าพ่นลมใบไม้ ยี่ห้อ KASEI รุ่น EB500 | C68: 722 | D68: 64 | E68: 0001 | F68: 23634 | G68: 6000 | H68: ฝ่ายสวนสาธารณะ/โรงพัสดุ | I68: / | R68: /
A69: 2 | B69: เครื่องเป่าพ่นลมใบไม้ ยี่ห้อ KASEI รุ่น EB500 | C69: 722 | D69: 64 | E69: 0002 | F69: 23634 | G69: 6000 | H69: ฝ่ายสวนสาธารณะ/โรงพัสดุ | I69: / | R69: /
A70: 3 | B70: เครื่องเป่าพ่นลมใบไม้ ยี่ห้อ KASEI รุ่น EB500 | C70: 722 | D70: 64 | E70: 0003 | F70: 23634 | G70: 6000 | H70: ฝ่ายสวนสาธารณะ/โรงพัสดุ | I70: / | R70: /
A71: 4 | B71: เครื่องเป่าพ่นลมใบไม้ ยี่ห้อ KASEI รุ่น EB500 | C71: 722 | D71: 64 | E71: 0004 | F71: 23634 | G71: 6000 | H71: ฝ่ายสวนสาธารณะ/โรงพัสดุ | I71: / | R71: /
A72: 5 | B72: เครื่องเป่าพ่นลมใบไม้ ยี่ห้อ KASEI รุ่น EB500 | C72: 722 | D72: 64 | E72: 0005 | F72: 23634 | G72: 6000 | H72: ฝ่ายสวนสาธารณะ/โรงพัสดุ | I72: / | R72: /
G73: =SUM(G68:G72) -> 30000
G74: =G73+G66+G62+G59+G49+G18+G11 -> 760281.25 | R74: =COUNTA(R7:R73) -> 50 | S74: =COUNTA(S7:S73) -> 2 | T74: =COUNTA(T7:T73) -> 2 | U74: =COUNTA(U7:U73) -> 0 | V74: =COUNTA(V7:V73) -> 0 | W74: =COUNTA(W7:W73) -> 0
B76: (ลงชื่อ) ประธานกรรมการ | G76: (ลงชื่อ) | J76: กรรมการ
B77: (นางสาวสุทธินี พูลสวัสดิ์) | H77: (นายอนุพงษ์ คำฟู)
B78: นักวิชาการสุขาภิบาลปฏิบัติการ | H78: วิศวกรสุขาภิบาลปฏิบัติการ
B80: (ลงชื่อ) กรรมการและเลขานุการ
B81: (นายสิทธิพล ธรรมสาร)
B82: นายช่างเครื่องกลชำนาญงาน
B84: งานธุรการ | F84: =[9]งานธุรการ!G10 -> 6900
B85: ฝ่ายสาธารณูปโภค | F85: ='[9]ฝ่ายสาธารณูปโภค ไฟฟ้าสาธารณะ'!G9 -> 3200
B86: ฝ่ายสวนสาธารณะ | F86: =[9]ฝ่ายสวนสาธารณะ!G58 -> 637681.25
B87: กลุ่มงานเครื่องจักรกล | F87: =#REF! -> #REF!
B88: ฝ่ายช่างสุขาภิบาล | F88: ='[9]ฝ่ายช่างสุขาภิบาล งานกำจัดขยะมู'!G14 -> 18700
F89: =SUM(F84:F88) -> #REF! | G89: =F89-G74 -> #REF!

Sheet 9.ครุภัณฑ์โรงงาน
A1: ทะเบียนรายงานผลการตรวจนับครุภัณฑ์ ประจำปีงบประมาณ 2567
A2: ส่วนการโยธา สำนักช่าง
A3: 9.ครุภัณฑ์โรงงาน
A4: ลำดับที่ | B4: รายการ | C4: หมายเลขครุภัณฑ์ | F4: วันเดือนปี | G4: ราคาที่ได้ | H4: สถานที่ใช้งาน | I4: สภาพครุภัณฑ์ | O4: หมายเหตุ
F5: ที่ได้มา | I5: ใช้ได้ | J5: ชำรุด | K5: เสื่อมสภาพ | L5: สูญหาย | M5: เก็บไว้นาน | N5: หมดความจำเป็น
A6: 059 | B6: (สว่าน สว่านไฟฟ้า)
A7: 1 | B7: สว่านไฟฟ้าเจาะเหล็ก ใช้ดอกสว่าน ขนาด 1/2" ยี่ห้อ MAKITA 1 ตัว | C7: 059 | D7: 43 | E7: 0027 | F7: 7 มี.ค.43 | G7: 2700 | H7: ส่วนการโยธา / ศูนย์เครื่องจักรฯ | I7: / | S7: /
A8: 2 | B8: สว่านกระแทกไร้สาย 2 ระบบ ชนิดปรับแรง | C8: 059 | D8: 59 | E8: 0034 | F8: 9 มี.ค. 59 | G8: 22500 | H8: ส่วนการโยธา / งานบำรุงรักษาอาคารและสถานที่ | I8: / | O8: ช่างอรุณ | S8: /
A9: 3 | B9: สว่านไฟฟ้า ยี่ห้อมากีต้า รุ่น HR4013 กำลังไฟ 1100 | C9: 059 | D9: 62 | E9: 0035 | F9: 13 ธ.ค.61 | G9: 24000 | H9: ส่วนการโยธา / งานบำรุงรักษาและซ่อมแซม | I9: / | S9: /
G10: =SUM(G7:G9) -> 49200
A11: 060 | B11: (ตู้เชื่อมไฟฟ้า)
A12: 1 | B12: แก๊สอซิเทลีน สำเร็จพร้อมเกย์อัด พร้อมอุปกรณ์รวม 7 รายการ 1 ชุด | C12: 060 | D12: 31 | E12: 0002 | F12: 23 ธ.ค.32 | G12: 6920 | H12: ส่วนการโยธา / ศูนย์เครื่องจักรฯ | I12: / | S12: /
A13: 2 | B13: เครื่องเชื่อมเหล็ก 500 แอมป์ ยี่ห้อ พลัง | C13: 060 | D13: 40 | E13: 0012 | F13: 22 พ.ค.40 | G13: 22000 | H13: ส่วนการโยธา / งานบำรุงรักษาอาคารและสถานที่ | I13: / | O13: ห้องเชื่อมเหล็ก | S13: /
A14: 3 | B14: เครื่องเชื่อมไฟฟ้า ยี่ห้อ พลัง(โรงงาน) | C14: 060 | D14: 43 | E14: 0013 | F14: 17 ก.พ. 43 | G14: 21500 | H14: ส่วนการโยธา / งานบำรุงรักษาและซ่อมแซม | I14: / | O14: บ่อหมัก | S14: /
A15: 4 | B15: ตู้เชื่อมไฟฟ้า ขนาด 200 แอมป์ ยี่ห้อ WELPRD สีแดง(โรงงาน) | C15: 060 | D15: 51 | E15: 0014 | F15: 3 ม.ค. 51 | G15: 21500 | H15: ส่วนการโยธา / งานบำรุงรักษาและซ่อมแซม | I15: / | O15: บ่อหมัก | S15: /
A16: 5 | B16: ชุดเชิ่อมและตัดแก๊ส (โรงงาน) | C16: 060 | D16: 55 | E16: 0015 | F16: 25 ก.ค. 55 | G16: 17500 | H16: ส่วนการโยธา / งานบำรุงรักษาและซ่อมแซม | I16: / | O16: บ่อหมัก | S16: /
A17: 6 | B17: ชุดตัดเชิ่อมแก๊ส ยี่ห้อ TANAKA | C17: 060 | D17: 59 | E17: 0016 | F17: 1 เม.ย. 59 | G17: 39400 | H17: ส่วนการโยธา / งานบำรุงรักษาอาคารและสถานที่ | I17: / | O17: ห้องเชื่อมเหล็ก | S17: /
A18: 7 | B18: ตู้เชื่อมไฟฟ้า ระบบอินเวสเตอร์ ยี่ห้อ POWELL | C18: 060 | D18: 60 | E18: 0017 | F18: 30 มี.ค. 60 | G18: 23500 | H18: ส่วนการโยธา / งานบำรุงรักษาอาคารและสถานที่ | I18: / | O18: ห้องเชื่อมเหล็ก | S18: /
A19: 8 | B19: เครื่องเชื่อมไฟฟ้า Longwell ระบบอินเวอร์เตอร์ MMA 170 | C19: 060 | D19: 66 | E19: 0018 | F19: 23 ธ.ค.65 | G19: 10200 | H19: ส่วนการโยธา / งานบำรุงรักษาอาคารและสถานที่ | I19: / | O19: ของงานไฟฟ้าสาธารณะ | S19: /
G20: =SUM(G12:G19) -> 162520
A21: 067 | B21: (เครื่องไสไม้ไฟฟ้า)
A22: 1 | B22: กบไฟฟ้า 5 นิ้ว ยี่ห้อมาร์กีต้า | C22: 067 | D22: 45 | E22: 0016 | F22: 8 ก.ค. 45 | G22: 6300 | H22: ส่วนการโยธา / งานบำรุงรักษาและซ่อมแซม | I22: / | O22: บ่อหมัก | S22: /
G23: =SUM(G22:G22) -> 6300
A24: 068 | B24: (เลื่อย หินเจีย เครื่องเจีย)
A25: 1 | B25: เครื่องเจียร/ตัดแบบมือถือ 7 นิ้ว ยี่ห้อมากีต้า รุ่น LP 1500 | C25: 068 | D25: 45 | E25: 0021 | F25: 1 เม.ย. 45 | G25: 5100 | H25: ส่วนการโยธา / งานบำรุงรักษาและซ่อมแซม | I25: / | O25: บ่อหมัก | S25: /
A26: 2 | B26: เลื่อยกล ยี่ห้อ ฮีโร่ | C26: 068 | D26: 45 | E26: 0022 | F26: 1 เม.ย. 45 | G26: 14500 | H26: ส่วนการโยธา / งานบำรุงรักษาและซ่อมแซม | I26: / | O26: บ่อหมัก | S26: /
A27: 3 | B27: เลื่อยวงเดือนไฟฟ้า 9 นิ้ว ยี่ห้อมากีต้า รุ่น 5900 | C27: 068 | D27: 47 | E27: 0023 | F27: 2 เม.ย. 47 | G27: 6800 | H27: ส่วนการโยธา / งานบำรุงรักษาและซ่อมแซม | I27: / | O27: บ่อหมัก | S27: /
A28: 4 | B28: เลื่อยฉลุไฟฟ้า ขับด้วยมอเตอร์ไฟฟ้า ยี่ห้อมากีต้า รุ่น 4300 | C28: 068 | D28: 47 | E28: 0024 | F28: 2 เม.ย. 47 | G28: 4900 | H28: ส่วนการโยธา / งานบำรุงรักษาและซ่อมแซม | I28: / | O28: บ่อหมัก | S28: /
A29: 5 | B29: เครื่องเจียร/ตัด 4 นิ้ว 570 วัตต์ ยี่ห้อมากีต้า รุ่น 9500 NB | C29: 068 | D29: 52 | E29: 0025 | F29: 17 ก.พ. 52 | G29: 3300 | H29: ส่วนการโยธา /งานบำรุงรักษาและซ่อมแซม | I29: / | O29: บ่อหมัก | S29: /
A30: 6 | B30: เลื่อยยนต์ 25" ยี่ห้อ STIHLS สี่ส้ม-ขาว | C30: 068 | D30: 56 | E30: 0030 | F30: 9 ธ.ค. 56 | G30: 49000 | H30: ส่วนการโยธา / งานสวนสาธารณะ | I30: / | S30: /
G31: =SUM(G25:G30) -> 83600
A32: 074 | B32: (เครื่องอัดจารบี)
A33: 1 | B33: ถังอัดจารบีแบบใช้ความดันลมพร้อมหัวฉีด ขนาดความจุ20 ลิตร ยี่ห้อ RAASM 1 ชุด | C33: 074 | D33: 45 | E33: 0004 | F33: 4 ก.ย.45 | G33: 25680 | H33: ส่วนการโยธา / ศูนย์เครื่องจักรฯ | I33: / | S33: /
A34: 2 | B34: ถังเติมน้ำมันเฟืองท้ายมีเกจ์วัดแบบมีโยก ยี่ห้อ ACTELL รุ่น HO-32 (1 ถัง) | C34: 074 | D34: 45 | E34: 0005 | F34: 6 ก.ย.45 | G34: 13500 | H34: ส่วนการโยธา / ศูนย์เครื่องจักรฯ | I34: / | S34: /
G35: =SUM(G33:G34) -> 39180
A36: 075 | B36: (แม่แรง แท่นไฮโดรลิค)
A37: 1 | B37: แม่แรงตะเข้ ขนาดยกน้ำหนักได้ 5 ตัน | C37: 075-30-0003 | F37: 27 มี.ค.30 | G37: 19500 | H37: ส่วนการโยธา / ศูนย์เครื่องจักรฯ | I37: / | S37: /
A38: 2 | B38: แม่แรงอัดไฮโดรลิคยกเกียร์ จำนวน 1 ชุด | C38: 075-33-0004 | F38: 15 พ.ค.33 | G38: 22000 | H38: ส่วนการโยธา / ศูนย์เครื่องจักรฯ | I38: / | O38: แก้ไขราคาเพิ่มเติมจากกองคลัง | S38: /
A39: 3 | B39: ชุดแท่นอัดไฮโดรลิค ขนาด 1 1/2 ตัน จำนวน 1ชุด | C39: 075-33-0005 | F39: 15 พ.ค.33 | G39: 33000 | H39: ส่วนการโยธา / ศูนย์เครื่องจักรฯ | I39: / | O39: แก้ไขราคาเพิ่มเติมจากกองคลัง | S39: /
A40: 4 | B40: แม่แรงไฮโดรลิค ชนิดจระเข้ ขนาด 10 ตัน 1 ตัว | C40: 075-35-0006 | F40: 11 มี.ค.35 | G40: 28400 | H40: ส่วนการโยธา / ศูนย์เครื่องจักรฯ | I40: / | S40: /
A41: 5 | B41: แม่แรงไฮโดรลิค ชนิดจระเข้ ขนาด 5 ตัน 1 ตัว | C41: 075-35-0007 | F41: 11 มี.ค.35 | G41: 18700 | H41: ส่วนการโยธา / ศูนย์เครื่องจักรฯ | I41: / | S41: /
A42: 6 | B42: แม่แรงตีนช้าง ยี่ห้อ คายาบ่า | C42: 075-35-0009 | F42: 12 มี.ค.35 | G42: 2480 | H42: ส่วนการโยธา / ศูนย์เครื่องจักรฯ | I42: / | S42: /
A43: 7 | B43: แม่แรงแยกส่วน ขนาด 10 ตัน พร้อมอุปกรณ์ 1 ชุด | C43: 075-37-0010 | F43: 15 มิ.ย.37 | G43: 26750 | H43: ส่วนการโยธา / ศูนย์เครื่องจักรฯ | I43: / | O43: แก้ไขราคาเพิ่มเติมจากกองคลัง | S43: /
A44: 8 | B44: แม่แรงไฮดรอลิคสำหรับยกเพลากลาง แบบ 3 ขา ใช้คันโยกขึ้นลงได้ | C44: 075-40-0012 | F44: 20 มี.ค.40 | G44: 15000 | H44: ส่วนการโยธา / ศูนย์เครื่องจักรฯ | I44: / | O44: แก้ไขวันที่เพิ่มเติมจากกองคลัง | S44: /
A45: 9 | B45: แม่แรงตะเฆ่ตัน ยี่ห้อ HAMCo จำนวน 1 ตัว (สีส้ม) | C45: 075-43-0013 | F45: 7 มี.ค.43 | G45: 9500 | H45: ส่วนการโยธา / ศูนย์เครื่องจักรฯ | I45: / | O45: แก้ไขราคาเพิ่มเติมจากกองคลัง | S45: /
A46: 10 | B46: แม่แรงตะเฆ่ ขนาด 3.5 ตัน ยี่ห้อ PRINE รุ่น 3.5 ตัน 1 ตัว (สีแดง) | C46: 075-48-0014 | F46: 23 มี.ค.48 | G46: 11500 | H46: ส่วนการโยธา / ศูนย์เครื่องจักรฯ | I46: / | O46: แก้ไขวันที่เพิ่มเติมจากกองคลัง | S46: /
A47: 11 | B47: แท่นไฮดรอลิกยกมอเตอร์ไซค์ BR-500 จำนวน 1ชุด | C47: 075-52-0015 | F47: 10 มี.ค.52 | G47: 35000 | H47: ส่วนการโยธา / ศูนย์เครื่องจักรฯ | I47: / | O47: แก้ไขวันที่ | S47: /
G48: =SUM(G37:G47) -> 221830
A49: 088 | B49: (ประแจ ปากกา)
A50: 1 | B50: ปากกาจับเหล็ก ขนาด 6" ชนิดหมุนอัดด้วยมือ 1 ตัว | C50: 088-29-0003 | F50: 23 ม.ค.29 | G50: 1150 | H50: ส่วนการโยธา / ศูนย์เครื่องจักรฯ | I50: / | S50: /
A51: 2 | B51: กุญแจลมถอดล้อรถยนต์ พร้อมลูกบล๊อค 1 ขุด | C51: 088-30-0005 | F51: 19 มี.ค.30 | G51: 15000 | H51: ส่วนการโยธา / ศูนย์เครื่องจักรฯ | I51: / | S51: /
A52: 3 | B52: ประแจบล็อกชุดใหญ่ ใช้หัวสวมลูกปล๊อก ขนาด Ø 3/4" | C52: 088-33-0006 | F52: 4 มิ.ย.33 | G52: 8800 | H52: ส่วนการโยธา / ศูนย์เครื่องจักรฯ | I52: / | S52: /
A53: 4 | B53: ประแจปอนด์ Ø 1/2" จำนวน 1 ตัว | C53: 088-34-0018 | F53: 9 เม.ย.34 | G53: 6490 | H53: ส่วนการโยธา / ศูนย์เครื่องจักรฯ | I53: / | S53: /
A54: 5 | B54: กุญแจโซ่ แบบขันแป๊บน้ำ ขนาดจับได้ Ø 1" - 4" | C54: 088-35-0021 | F54: 3 มี.ค.35 | G54: 5243 | H54: ส่วนการโยธา / ศูนย์เครื่องจักรฯ | I54: / | S54: /
A55: 6 | B55: กุญแจโซ่ แบบขันแป๊บน้ำ ขนาดจับได้ Ø 1" - 4" | C55: 088-35-0022 | F55: 3 มี.ค.35 | G55: 5243 | H55: ส่วนการโยธา / ศูนย์เครื่องจักรฯ | I55: / | S55: /
A56: 7 | B56: ประแจบล๊อคเส้นผ่าศูนย์กลาง 3/4" | C56: 088-35-0023 | F56: 11 มี.ค.35 | G56: 11400 | H56: ส่วนการโยธา / ศูนย์เครื่องจักรฯ | I56: / | S56: /
A57: 8 | B57: ประแจแป๊บน้ำ ขนาด 2" 1 ตัว | C57: 088-35-0024 | F57: 11 มี.ค.35 | G57: 1750 | H57: ส่วนการโยธา / ศูนย์เครื่องจักรฯ | I57: / | S57: /
A58: 9 | B58: ประแจแป๊บน้ำ ขนาด 4" 1 ตัว | C58: 088-35-0025 | F58: 11 มี.ค.35 | G58: 3500 | H58: ส่วนการโยธา / ศูนย์เครื่องจักรฯ | I58: / | S58: /
A59: 10 | B59: บล็อกลมถอดน๊อต จำนวน 1 ตัว | C59: 088-39-0027 | F59: 17 มิ.ย.39 | G59: 3500 | H59: ส่วนการโยธา / ศูนย์เครื่องจักรฯ | I59: / | S59: /
A60: 11 | B60: ประแจถอดน๊อต(ฟรีลมขนาด3/8") ยี่ห้อTOKU รุ่นM120P | C60: 088-48-0028 | F60: 23 ก.ย.48 | G60: 12500 | H60: ส่วนการโยธา / ศูนย์เครื่องจักรฯ | I60: / | S60: /
A61: 12 | B61: ปากกาจับชิ้นงาน | C61: 088-58-0029 | F61: 12 พ.ค. 58 | G61: 9900 | H61: ส่วนการโยธา / ศูนย์เครื่องจักรฯ | I61: / | O61: เพิ่มงบปี 58 เพิ่มเติม | S61: /
G62: =SUM(G50:G61) -> 84476
A63: 089 | B63: (มอเตอร์ เครื่องชาร์ทแบตเตอรี่)
A64: 1 | B64: มอเตอร์หินเจียร ชนิดตั้งแท่นมอเตอร์ ขนาด1/3 แรงม้า จำนวน 1 ตัว | C64: 089 | D64: 35 | E64: 0006 | F64: 3 มี.ค.35 | G64: 1800 | H64: ส่วนการโยธา / ศูนย์เครื่องจักรฯ | I64: / | S64: /
A65: 2 | B65: เครื่องเจียรมือ ขนาด100x16x6 มม. ยี่ห้อ มาร์กีต้า รุ่น9500 N 1ชุด | C65: 089 | D65: 38 | E65: 0008 | F65: 14 ก.ย.38 | G65: 3000 | H65: ส่วนการโยธา / ศูนย์เครื่องจักรฯ | I65: / | S65: /
A66: 3 | B66: เครื่องชาร์จแบตเตอรี่ จำนวน 1 เครื่อง | C66: 089 | D66: 39 | E66: 0009 | F66: 14 มิ.ย.39 | G66: 1850 | H66: ส่วนการโยธา / ศูนย์เครื่องจักรฯ | I66: / | S66: /
A67: 4 | B67: เครื่องเจียร์ตัด ยี่ห้อ มาร์กีการ์ | C67: 089 | D67: 43 | E67: 0010 | F67: 17 ก.พ. 43 | G67: 5400 | H67: ส่วนการโยธา / งานบำรุงรักษาและซ่อมแซม | I67: / | O67: บ่อหมัก | S67: /
A68: 5 | B68: เครื่องเจียรไฟฟ้า ขนาด 7 นิ้ว Makita รุ่น GA 7060 ขนาด 2200 W | C68: 089 | D68: 66 | E68: 0013 | F68: 23 ธ.ค.66 | G68: 5900 | H68: ส่วนการโยธา / งานบำรุงรักษาอาคารและสถานที่ | I68: / | O68: ช.เวลก | S68: /
G69: =SUM(G64:G68) -> 17950
A70: 099 | B70: (เครนยกของ , ลอกยกของ)
A71: 1 | B71: เครนยกของตั้งอยู่บนล้อไม่น้อยกว่า 3 ล้อ มีอุปกรณ์พร้อมขอเกี่ยว1 ชุด | C71: 099 | D71: 34 | E71: 0001 | F71: 3 เม.ย.34 | G71: 37000 | H71: ส่วนการโยธา / ศูนย์เครื่องจักรฯ | I71: / | S71: /
G72: =SUM(G71) -> 37000
A73: 103 | B73: (ชุดดูดแป๊บ)
A74: 1 | B74: ชุดดูดแป๊บ | C74: 103 | D74: 34 | E74: 0003 | F74: 9 เม.ย 34 | G74: 2490 | H74: ส่วนการโยธา / งานบำรุงรักษาอาคารและสถานที่ | I74: / | S74: /
A75: 2 | B75: พัดลมโรงงาน ชนิดมีล้อเลื่อน Ø 24" 1 ชุด | C75: 103 | D75: 34 | E75: 0004 | F75: 9 เม.ย.34 | G75: 3590 | H75: ส่วนการโยธา / ศูนย์เครื่องจักรฯ | I75: / | S75: /
A76: 3 | B76: ชุดดูดลูกปืน แบบประกอบและแบน 2 ขา 1 ชุด | C76: 103 | D76: 34 | E76: 0007 | F76: 9 เม.ย.34 | G76: 4790 | H76: ส่วนการโยธา / ศูนย์เครื่องจักรฯ | I76: / | S76: /
A77: 4 | B77: ชุดบานแป๊บเหล็ก พร้อมชุดตัด 1 ชุด | C77: 103 | D77: 34 | E77: 0008 | F77: 9 เม.ย.34 | G77: 3490 | H77: ส่วนการโยธา / ศูนย์เครื่องจักรฯ | I77: / | S77: /
A78: 5 | B78: เหล็กดูดลูกปืนขนาด 30-16 มม. ขนาดขาเลื่อน100-300มม. | C78: 103 | D78: 37 | E78: 0011 | F78: 15 มิ.ย.37 | G78: 5992 | H78: ส่วนการโยธา / ศูนย์เครื่องจักรฯ | I78: / | S78: /
A79: 6 | B79: ชุดดูดลูกปืน ประกอบด้วยชนิด 60/1 และ 62/1 ( 1ชุด) | C79: 103 | D79: 52 | E79: 0012 | F79: 10 มี.ค.52 | G79: 5500 | H79: ส่วนการโยธา / ศูนย์เครื่องจักรฯ | I79: / | S79: /
G80: =SUM(G74:G79) -> 25852
A81: 104 | B81: (ทั่งตีเหล็ก)
A82: 1 | B82: ทั่งตีเหล็ก ขนาด น้ำหนัก 50 กก. 1 ตัว | C82: 104 | D82: 35 | E82: 0001 | F82: 3 มี.ค.35 | G82: 2200 | H82: ส่วนการโยธา / ศูนย์เครื่องจักรฯ | I82: / | S82: /
G83: =SUM(G82) -> 2200
A84: 108 | B84: (เครื่องผลิตน้ำมันไบโอดีเซล)
A85: 1 | B85: เครื่องผลิตน้ำมันไบโอดีเซล | C85: 108 | D85: 52 | E85: 0001 | F85: 7 เม.ย. 52 | G85: 85000 | H85: ส่วนการโยธา / งานกำจัดมูลฝอยฯ | K85: / | O85: ขอจำหน่าย | R85: 1 | U85: /
G86: =SUM(G85) -> 85000
A87: 112 | B87: (เครื่องเย็บปากถุง)
A88: 1 | B88: เครื่องเย็บปากถุงปุ๋ย(อื่นๆ) | C88: 112 | D88: 43 | E88: 0001 | F88: 17 ก.พ. 43 | G88: 20000 | H88: ส่วนการโยธา / งานกำจัดมูลฝอยฯ | J88: / | O88: บ่อหมัก | P88: 1 | T88: /
G89: =SUM(G88) -> 20000
A90: 115 | B90: (เครื่องอัดขยะ)
A91: 1 | B91: เครื่องอัดขยะ | C91: 115 | D91: 49 | E91: 0001 | F91: 25 ก.ย.49 | G91: 2600000 | H91: ส่วนการโยธา / งานกำจัดมูลฝอยฯ | K91: / | O91: ขอจำหน่าย | Q91: 1 | U91: /
A92: 2 | B92: เครื่องชั่งขยะมูลฝอย | C92: 115 | D92: 49 | E92: 0002 | F92: 25 ก.ย.49 | G92: 700000 | H92: ส่วนการโยธา / งานกำจัดมูลฝอยฯ | I92: / | O92: บ่อขยะ | S92: /
G93: =SUM(G91:G92) -> 3300000
A94: 116 | B94: (เครื่องฉีดน้ำ)
A95: 1 | B95: เครื่องฉีดน้ำแรงสูง | C95: 116 | D95: 49 | E95: 0002 | F95: 25 ก.ย.49 | G95: 120000 | H95: ส่วนการโยธา / งานกำจัดมูลฝอยฯ | J95: / | O95: ขอจำหน่าย | P95: 2 | T95: /
A96: 2 | B96: อุปกรณ์เครื่องมือซ่อมบำรุง | C96: 116 | D96: 49 | E96: 0003 | F96: 25 ก.ย.49 | G96: 150000 | H96: ส่วนการโยธา / งานกำจัดมูลฝอยฯ | J96: / | O96: ขอจำหน่าย | P96: 3 | T96: /
A97: 3 | B97: อุปกรณ์ปูแผ่นยางทั้งระบบ (บ่อขยะกล้วยแพะ) | C97: 116 | D97: 49 | E97: 0004 | F97: 25 ก.ย.49 | G97: 1800000 | H97: ส่วนการโยธา / งานกำจัดมูลฝอยฯ | I97: / | O97: บ่อขยะ | S97: /
A98: 4 | B98: อุปกรณ์บำบัดน้ำเสีย (บ่อขยะกล้วยแพะ) | C98: 116 | D98: 49 | E98: 0005 | F98: 25 ก.ย.49 | G98: 450000 | H98: ส่วนการโยธา / งานกำจัดมูลฝอยฯ | I98: / | O98: บ่อขยะ | S98: /
G99: =SUM(G95:G98) -> 2520000
A100: 421 | B100: (เครื่องทำความสะอาดแรงดันสูง)
...

Sheet 10.ครุภัณฑ์กีฬา
A1: ทะเบียนรายงานผลการตรวจนับครุภัณฑ์ ประจำปีงบประมาณ 2567
A2: ส่วนการโยธา สำนักช่าง
A3: 10.ครุภัณฑ์กีฬา
A4: ลำดับที่ | B4: รายการ | C4: หมายเลขครุภัณฑ์ | F4: วันเดือนปี | G4: ราคาที่ได้ | H4: สถานที่ใช้งาน | I4: สภาพครุภัณฑ์ | O4: หมายเหตุ
F5: ที่ได้มา | I5: ใช้ได้ | J5: ชำรุด | K5: เสื่อมสภาพ | L5: สูญหาย | M5: เก็บไว้นาน | N5: หมดความจำเป็น
A6: 806 | B6: ( กีฬา)
A7: 1 | B7: บาร์เดี่ยว | C7: 806 | D7: 55 | E7: 0001 | F7: 23 ก.ค. 55 | G7: 14000 | H7: ส่วนการโยธา /ฝ่ายสวนสาธารณะ(สนามเด็กเล่นสวนประตูเวียง) | I7: / | R7: /
A8: 2 | B8: บาร์เดี่ยว 3 ระดับ | C8: 806 | D8: 55 | E8: 0002 | F8: 23 ก.ค. 55 | G8: 27000 | H8: ส่วนการโยธา /ฝ่ายสวนสาธารณะ(สนามเด็กเล่นสวนประตูเวียง) | I8: / | R8: /
A9: 3 | B9: วิดพื้น | C9: 806 | D9: 55 | E9: 0003 | F9: 23 ก.ค. 55 | G9: 9000 | H9: ส่วนการโยธา /ฝ่ายสวนสาธารณะ(สนามเด็กเล่นสวนประตูเวียง) | I9: / | R9: /
A10: 4 | B10: กระโดดข้าม | C10: 806 | D10: 55 | E10: 0004 | F10: 23 ก.ค. 55 | G10: 25000 | H10: ส่วนการโยธา /ฝ่ายสวนสาธารณะ(สนามเด็กเล่นสวนประตูเวียง) | I10: / | R10: /
A11: 5 | B11: ห้อยโหน | C11: 806 | D11: 55 | E11: 0005 | F11: 23 ก.ค. 55 | G11: 72000 | H11: ส่วนการโยธา /ฝ่ายสวนสาธารณะ(สนามเด็กเล่นสวนประตูเวียง) | I11: / | R11: /
A12: 6 | B12: ฝึกกำลังแขน | C12: 806 | D12: 55 | E12: 0006 | F12: 23 ก.ค. 55 | G12: 35000 | H12: ส่วนการโยธา /ฝ่ายสวนสาธารณะ(สนามเด็กเล่นสวนประตูเวียง) | I12: / | R12: /
A13: 7 | B13: ก้าวกระโดด | C13: 806 | D13: 55 | E13: 0007 | F13: 23 ก.ค. 55 | G13: 37000 | H13: ส่วนการโยธา /ฝ่ายสวนสาธารณะ(สนามเด็กเล่นสวนประตูเวียง) | I13: / | R13: /
A14: 8 | B14: บาร์คู่ | C14: 806 | D14: 55 | E14: 0008 | F14: 23 ก.ค. 55 | G14: 18000 | H14: ส่วนการโยธา /ฝ่ายสวนสาธารณะ(สนามเด็กเล่นสวนประตูเวียง) | I14: / | R14: /
A15: 9 | B15: ชุดสะพานระวิง | C15: 806 | D15: 55 | E15: 0009 | F15: 23 ก.ค. 55 | G15: 170000 | H15: ส่วนการโยธา /ฝ่ายสวนสาธารณะ(สนามเด็กเล่นสวนประตูเวียง) | I15: / | R15: /
A16: 10 | B16: ชิงช้า | C16: 806 | D16: 55 | E16: 0012 | F16: 23 ก.ค. 55 | G16: 44000 | H16: ส่วนการโยธา /ฝ่ายสวนสาธารณะ(สนามเด็กเล่นสวนประตูเวียง) | I16: / | R16: /
A17: 11 | B17: คานทรงตัว | C17: 806 | D17: 55 | E17: 0015 | F17: 23 ก.ค. 55 | G17: 8000 | H17: ส่วนการโยธา /ฝ่ายสวนสาธารณะ(สนามเด็กเล่นสวนประตูเวียง) | I17: / | R17: /
A18: 12 | B18: เครื่องจักรยานปั่นเอน ซ้าย-ขวา | C18: 806 | D18: 63 | E18: 0074 | F18: 2 ต.ค.62 | G18: 7950 | H18: ส่วนการโยธา /ฝ่ายสวนสาธารณะ(สวนเขลางค์) | I18: / | R18: /
... A43: 37 | B43: ซิทอัพคู่ | C43: 806 | D43: 63 | E43: 0099 | F43: 2 ต.ค.62 | G43: 12450 | H43: ส่วนการโยธา /ฝ่ายสวนสาธารณะ(สวนเขลางค์) | I43: / | R43: /
G44: =SUM(G7:G43) -> 708909
A45: 807 | B45: (เครื่องออกกำลังกาย(บริหารกล้ามเนื้อ)
A46: 1 | B46: เครื่องนวดหลังคลายกล้ามเนื้อ | C46: 807 | D46: 51 | E46: 0047 | F46: 11 เม.ย.51 | G46: 165000 | H46: ฝ่ายสวนสาธารณะ (สวนสาธารณะเขลางค์) | I46: / | O46: ฝั่งอาคารวัฒนธรรม | R46: /
A47: 2 | B47: เครื่องนั่งปั่นจักรยานอบอุ่นร่างกายท่อนล่าง | C47: 807 | D47: 51 | E47: 0048 | F47: 11 เม.ย.51 | G47: 200000 | H47: ฝ่ายสวนสาธารณะ (สวนสาธารณะเขลางค์) | I47: / | O47: ฝั่งอาคารวัฒนธรรม | R47: /
A48: 3 | B48: เครื่องบริหารหัวไหล่และหน้าอก | C48: 807 | D48: 51 | E48: 0049 | F48: 11 เม.ย.51 | G48: 200000 | H48: ฝ่ายสวนสาธารณะ (สวนสาธารณะเขลางค์) | I48: / | O48: ฝั่งอาคารวัฒนธรรม | R48: /
A49: 4 | B49: เครื่องบิดเอว | C49: 807 | D49: 51 | E49: 0050 | F49: 11 เม.ย.51 | G49: 163000 | H49: ฝ่ายสวนสาธารณะ (สวนสาธารณะเขลางค์) | I49: / | O49: ฝั่งอาคารวัฒนธรรม | R49: /
A50: 5 | B50: เครื่องจักรยานก้าวเดิน | C50: 807 | D50: 51 | E50: 0051 | F50: 11 เม.ย.51 | G50: 200000 | H50: ฝ่ายสวนสาธารณะ (สวนสาธารณะเขลางค์) | I50: / | O50: ฝั่งอาคารวัฒนธรรม | R50: /
A51: 6 | B51: เครื่องบริหารนวดเท้า | C51: 807 | D51: 51 | E51: 0052 | F51: 11 เม.ย.51 | G51: 180000 | H51: ฝ่ายสวนสาธารณะ (สวนสาธารณะเขลางค์) | I51: / | O51: ฝั่งอาคารวัฒนธรรม | R51: /
A52: 7 | B52: เครื่องบริหารแขนและหัวไหล่อบอุ่นร่างกายท่อนบน | C52: 807 | D52: 51 | E52: 0053 | F52: 11 เม.ย.51 | G52: 200000 | H52: ฝ่ายสวนสาธารณะ (สวนสาธารณะเขลางค์) | I52: / | O52: ฝั่งอาคารวัฒนธรรม | R52: /
A53: 8 | B53: เครื่องล้อหมุนบริหารหัวไหล่ | C53: 807 | D53: 51 | E53: 0054 | F53: 11 เม.ย.51 | G53: 190000 | H53: ฝ่ายสวนสาธารณะ (สวนสาธารณะเขลางค์) | I53: / | O53: ฝั่งอาคารวัฒนธรรม | R53: /
A54: 9 | B54: เครื่องบาร์โหนทรงตัว | C54: 807 | D54: 51 | E54: 0055 | F54: 11 เม.ย.51 | G54: 190000 | H54: ฝ่ายสวนสาธารณะ (สวนสาธารณะเขลางค์) | I54: / | O54: ฝั่งอาคารวัฒนธรรม | R54: /
A55: 10 | B55: เครื่องกระดานซิทอัพ | C55: 807 | D55: 51 | E55: 0056 | F55: 11 เม.ย.51 | G55: 160000 | H55: ฝ่ายสวนสาธารณะ (สวนสาธารณะเขลางค์) | I55: / | O55: ฝั่งอาคารวัฒนธรรม | R55: /
A56: 11 | B56: เครื่องฝึกก้าวเดิน | C56: 807 | D56: 51 | E56: 0057 | F56: 11 เม.ย.51 | G56: 150000 | H56: ฝ่ายสวนสาธารณะ (สวนสาธารณะเขลางค์) | I56: / | O56: ฝั่งอาคารวัฒนธรรม | R56: /
A57: 12 | B57: ชุดฝึกก้าวเดิน | C57: 807 | D57: 51 | E57: 0058 | F57: 11 เม.ย.51 | G57: 200000 | H57: ฝ่ายสวนสาธารณะ (สวนสาธารณะเขลางค์) | I57: / | O57: ฝั่งอาคารวัฒนธรรม | R57: /
... A60: 15 | B60: ชุดจักรยานก้าวเดิน | C60: 807 | D60: 51 | E60: 0061 | F60: 11 เม.ย.51 | G60: 200000 | H60: ฝ่ายสวนสาธารณะ (สวนสาธารณะเขลางค์) | I60: / | O60: ฝั่งอาคารวัฒนธรรม | R60: /
A61: 16 | B61: อุปกรณ์ล้อหมุนบริหารไหล่ | C61: 807 | D61: 55 | E61: 0020 | F61: 23 ก.ค. 55 | G61: 47000 | H61: ฝ่ายสวนสาธารณะ(สนามเด็กเล่นสวนประตูเวียง) | I61: / | R61: /
A62: 17 | B62: อุปกรณ์บริหารไหล่และหน้าอก | C62: 807 | D62: 55 | E62: 0021 | F62: 23 ก.ค. 55 | G62: 48000 | H62: ฝ่ายสวนสาธารณะ(สนามเด็กเล่นสวนประตูเวียง) | I62: / | R62: /
A63: 18 | B63: อุปกรณ์จักรยานเดินก้าว | C63: 807 | D63: 55 | E63: 0022 | F63: 23 ก.ค. 55 | G63: 48000 | H63: ฝ่ายสวนสาธารณะ(สนามเด็กเล่นสวนประตูเวียง) | I63: / | R63: /
A64: 19 | B64: อุปกรณ์นวดหลังและขา | C64: 807 | D64: 55 | E64: 0023 | F64: 23 ก.ค. 55 | G64: 38000 | H64: ฝ่ายสวนสาธารณะ(สนามเด็กเล่นสวนประตูเวียง) | I64: / | R64: /
A65: 20 | B65: อุปกรณ์โหนตัว | C65: 807 | D65: 55 | E65: 0024 | F65: 23 ก.ค. 55 | G65: 29000 | H65: ฝ่ายสวนสาธารณะ(สนามเด็กเล่นสวนประตูเวียง) | I65: / | R65: /
A66: 21 | B66: อุปกรณ์บริหารเอว | C66: 807 | D66: 55 | E66: 0025 | F66: 23 ก.ค. 55 | G66: 52000 | H66: ฝ่ายสวนสาธารณะ(สนามเด็กเล่นสวนประตูเวียง) | I66: / | R66: /
A67: 22 | B67: ลูกตุ้มแกว่งตัว | C67: 807 | D67: 55 | E67: 0026 | F67: 23 ก.ค. 55 | G67: 49000 | H67: ฝ่ายสวนสาธารณะ(สนามเด็กเล่นสวนประตูเวียง) | I67: / | R67: /
A68: 23 | B68: อุปกรณ์ฝึกการเดิน (คู่) | C68: 807 | D68: 55 | E68: 0027 | F68: 23 ก.ค. 55 | G68: 52500 | H68: ฝ่ายสวนสาธารณะ(สนามเด็กเล่นสวนประตูเวียง) | I68: / | R68: /
A69: 24 | B69: อุปกรณ์ฝึกการเดิน (เดี่ยว) | C69: 807 | D69: 55 | E69: 0028 | F69: 23 ก.ค. 55 | G69: 38000 | H69: ฝ่ายสวนสาธารณะ(สนามเด็กเล่นสวนประตูเวียง) | I69: / | R69: /
A70: 25 | B70: อุปกรณ์จักรยานบริหารหน้าท้อง | C70: 807 | D70: 55 | E70: 0029 | F70: 23 ก.ค. 55 | G70: 39000 | H70: ฝ่ายสวนสาธารณะ(สนามเด็กเล่นสวนประตูเวียง) | I70: / | R70: /
A71: 26 | B71: อุปกรณ์ฝึกการเดินคู่ | C71: 807 | D71: 55 | E71: 0030 | F71: 23 ก.ค. 55 | G71: 52000 | H71: ฝ่ายสวนสาธารณะ(สนามเด็กเล่นสวนประตูเวียง) | I71: / | R71: /
A72: 27 | B72: อุปกรณ์ล้อหมุนบริหารเท้า | C72: 807 | D72: 55 | E72: 0031 | F72: 23 ก.ค. 55 | G72: 40000 | H72: ฝ่ายสวนสาธารณะ(สนามเด็กเล่นสวนประตูเวียง) | I72: / | R72: /
... A108: 63 | B108: ลู่วิ่งอเนกประสงค์ | C108: 807 | D108: 64 | E108: 0094 | F108: 11 เม.ย.51 | G108: 29400 | H108: ฝ่ายสวนสาธารณะ (สวนสาธารณะเขื่อนยาง) | I108: / | R108: /
G109: =SUM(G46:G108) -> 4420500
A110: 808 | B110: ( อุปกรณ์เด็กเล่น)
A111: 1 | B111: ชุดการเล่นกลางแจ้ง (15 รายการ) | C111: 808 | D111: 51 | E111: 0001 | F111: 11 เม.ย.51 | G111: 589000 | H111: ฝ่ายสวนสาธารณะ (สวนสาธารณะเขลางค์) | I111: / | O111: ฝั่งคลีนิคฟัน | R111: /
A112: 2 | B112: สปริงโยกรูปสัตว์ | C112: 808 | D112: 51 | E112: 0002 | F112: 11 เม.ย.51 | G112: 28000 | H112: ฝ่ายสวนสาธารณะ (สวนสาธารณะเขลางค์) | I112: / | O112: ฝั่งคลีนิคฟัน | R112: /
A113: 3 | B113: กระดานหกรูปสัตว์ | C113: 808 | D113: 51 | E113: 0003 | F113: 11 เม.ย.51 | G113: 40000 | H113: ฝ่ายสวนสาธารณะ (สวนสาธารณะเขลางค์) | I113: / | O113: ฝั่งคลีนิคฟัน | R113: /
A114: 4 | B114: ม้าหมุน 3 ที่นั่ง | C114: 808 | D114: 51 | E114: 0004 | F114: 11 เม.ย.51 | G114: 52000 | H114: ฝ่ายสวนสาธารณะ (สวนสาธารณะเขลางค์) | I114: / | O114: ฝั่งคลีนิคฟัน | R114: /
A115: 5 | B115: ปีนป่าย | C115: 808 | D115: 51 | E115: 0005 | F115: 11 เม.ย.51 | G115: 90000 | H115: ฝ่ายสวนสาธารณะ (สวนสาธารณะเขลางค์) | I115: / | O115: ฝั่งคลีนิคฟัน | R115: /
G116: =SUM(G111:G115) -> 799000
A117: 811 | B117: ( อุปกรณ์กีฬา)
A118: 1 | B118: เสาสนามเซปัคตะกร้อเหล็กกลมล้อยาง | C118: 811 | D118: 66 | E118: 0001 | F118: 20 ธ.ค.65 | G118: 15247.5 | H118: ฝ่ายสวนสาธารณะ (สวนสาธารณะเขลางค์) | I118: / | R118: /
A119: 2 | B119: เสาสนามเซปัคตะกร้อเหล็กกลมล้อยาง | C119: 811 | D119: 66 | E119: 0002 | F119: 20 ธ.ค.65 | G119: 15247.5 | H119: ฝ่ายสวนสาธารณะ (สวนสาธารณะเขลางค์) | I119: / | R119: /
A120: 3 | B120: เสาแบตมินตันระบบเฟืองแบบล้อเลื่อนพร้อมตาข่าย | C120: 811 | D120: 66 | E120: 0003 | F120: 20 ธ.ค.65 | G120: 15247.5 | H120: ฝ่ายสวนสาธารณะ (สวนสาธารณะเขลางค์) | I120: / | R120: /
A121: 4 | B121: เสาแบตมินตันระบบเฟืองแบบล้อเลื่อนพร้อมตาข่าย | C121: 811 | D121: 66 | E121: 0004 | F121: 20 ธ.ค.65 | G121: 15247.5 | H121: ฝ่ายสวนสาธารณะ (สวนสาธารณะเขลางค์) | I121: / | R121: /
A122: 5 | B122: เสาบาสเกตบอลพร้อมแป้นห่วงตาข่าย | C122: 811 | D122: 66 | E122: 0005 | F122: 20 ธ.ค.65 | G122: 62595 | H122: ฝ่ายสวนสาธารณะ (สวนสาธารณะเขลางค์) | I122: / | R122: /
A123: 6 | B123: เสาฟุตซอลเหล็กกลมพร้อมตาข่าย | C123: 811 | D123: 66 | E123: 0006 | F123: 20 ธ.ค.65 | G123: 20330 | H123: ฝ่ายสวนสาธารณะ (สวนสาธารณะเขลางค์) | I123: / | R123: /
A124: 7 | B124: เสาฟุตซอลเหล็กกลมมาตรฐานพร้อมตาข่าย | C124: 811 | D124: 66 | E124: 0007 | F124: 7 ก.ย 66 | G124: 20330 | H124: ฝ่ายสวนสาธารณะ (สวนสาธารณะเขื่อนยาง) | I124: / | R124: /
A125: 8 | B125: เสาตะกร้อเหล็กกลมพร้อมาข่ายชนิดมีเฟืองและล้อยาง | C125: 811 | D125: 66 | E125: 0008 | F125: 7 ก.ย 66 | G125: 15242.15 | H125: ฝ่ายสวนสาธารณะ (สวนสาธารณะเขื่อนยาง) | I125: / | R125: /
A126: 9 | B126: เสาแบดมินตันเหล็กกลมพร้อมตาข่ายชนิดมีเฟืองและล้อยาง | C126: 811 | D126: 66 | E126: 0009 | F126: 7 ก.ย 66 | G126: 15242.15 | H126: ฝ่ายสวนสาธารณะ (สวนสาธารณะเขื่อนยาง) | I126: / | R126: /
A127: 10 | B127: เสาแบดมินตันเหล็กกลมพร้อมตาข่ายชนิดมีเฟืองและล้อยาง | C127: 811 | D127: 66 | E127: 0010 | F127: 7 ก.ย 66 | G127: 15242.15 | H127: ฝ่ายสวนสาธารณะ (สวนสาธารณะเขื่อนยาง) | I127: / | R127: /
G128: =SUM(G118:G127) -> 209971.45 | R128: =COUNTA(R7:R127) -> 115 | S128: =COUNTA(S7:S127) -> 0 | T128: =COUNTA(T7:T127) -> 0 | U128: =COUNTA(U7:U127) -> 0 | V128: =COUNTA(V7:V127) -> 0 | W128: =COUNTA(W7:W127) -> 0
G129: =G44+G109+G116+G128 -> 6138380.5
B131: (ลงชื่อ) ประธานกรรมการ | G131: (ลงชื่อ) | J131: กรรมการ
B132: (นางสาวสุทธินี พูลสวัสดิ์) | H132: (นายอนุพงษ์ คำฟู)
B133: นักวิชาการสุขาภิบาลปฏิบัติการ | H133: วิศวกรสุขาภิบาลปฏิบัติการ
B135: (ลงชื่อ) กรรมการและเลขานุการ
B136: (นายสิทธิพล ธรรมสาร)
B137: นายช่างเครื่องกลชำนาญงาน

Sheet 11.ครุภัณฑ์สำรวจ
A1: ทะเบียนรายงานผลการตรวจนับครุภัณฑ์ ประจำปีงบประมาณ 2567
A2: ส่วนการโยธา สำนักช่าง
A3: 11.ครุภัณฑ์สำรวจ
A4: ลำดับที่ | B4: รายการ | C4: หมายเลขครุภัณฑ์ | F4: วันเดือนปี | G4: ราคาที่ได้ | H4: สถานที่ใช้งาน | I4: สภาพครุภัณฑ์ | O4: หมายเหตุ
F5: ที่ได้มา | I5: ใช้ได้ | J5: ชำรุด | K5: เสื่อมสภาพ | L5: สูญหาย | M5: เก็บไว้นาน | N5: หมดความจำเป็น
A6: 051 | B6: (ไม้สตาฟฟ์)
A7: 1 | B7: ไม้สต๊าฟ ยี่ห้อนิคอน (ของแถม) | C7: 051 | D7: 43 | E7: 0003 | F7: 17 ก.พ. 43 | G7: 5000 | H7: ส่วนการโยธา / งานบำรุงรักษาและซ่อมแซม | I7: / | O7: อนุพงษ์ | Q7: /
G8: =SUM(G7) -> 5000
A9: 078 | B9: (กล้องระดับ)
A10: 1 | B10: กล้องระดับยี่ห้อนิคอน อัตโนมัติพร้อมขาตั้ง เลขเครื่อง 211085 | C10: 078 | D10: 43 | E10: 0003 | F10: 17 ก.พ. 43 | G10: 24000 | H10: ส่วนการโยธา / งานบำรุงรักษาและซ่อมแซม | I10: / | O10: อนุพงษ์ | Q10: /
A11: 2 | B11: กล้องระดับอัตโนมัติ (กำลังขยาย 32 เท่า) | C11: 078 | D11: 64 | E11: 0007 | F11: 3 มี.ค.64 | G11: 27900 | H11: ส่วนการโยธา / งานบำรุงรักษาและซ่อมแซม | I11: / | O11: อนุพงษ์ | Q11: /
A12: 3 | B12: กล้องระดับ ขนาดกำลังขยาย 30 เท่า ยี่ห้อ TOPCON รุ่น AT-B2 | C12: 078 | D12: 64 | E12: 0008 | F12: 19 ส.ค.64 | G12: 30600 | H12: ส่วนการโยธา / งานบำรุงรักษาและซ่อมแซม | I12: / | O12: อนุพงษ์ | Q12: /
G13: =SUM(G10:G12) -> 82500
A14: 079 | B14: (เครื่องหาพิกัด)
A15: 1 | B15: เครื่องหาพิกัดด้วยสัญญาณดาวเทียมแบบพกพา | C15: 079 | D15: 64 | E15: 0007 | F15: 19 ส.ค.64 | G15: 24500 | H15: ส่วนการโยธา / งานบำรุงรักษาและซ่อมแซม | I15: / | O15: อนุพงษ์ | Q15: /
A16: 2 | B16: เครื่องหาพิกัดด้วยสัญญาณดาวเทียมแบบพกพา | C16: 079 | D16: 64 | E16: 0008 | F16: 19 ส.ค.64 | G16: 24500 | H16: ส่วนการโยธา / งานบำรุงรักษาและซ่อมแซม | I16: / | O16: อนุพงษ์ | Q16: /
G17: =SUM(G15:G16) -> 49000
G18: =G17+G13+G8 -> 136500 | Q18: =COUNTA(Q7:Q17) -> 6 | R18: =COUNTA(R7:R17) -> 0 | S18: =COUNTA(S7:S17) -> 0 | T18: =COUNTA(T7:T17) -> 0 | U18: =COUNTA(U7:U17) -> 0 | V18: =COUNTA(V7:V17) -> 0
B20: (ลงชื่อ) ประธานกรรมการ | G20: (ลงชื่อ) | J20: กรรมการ
B21: (นางสาวสุทธินี พูลสวัสดิ์) | H21: (นายอนุพงษ์ คำฟู)
B22: นักวิชาการสุขาภิบาลปฏิบัติการ | H22: วิศวกรสุขาภิบาลปฏิบัติการ
B24: (ลงชื่อ) กรรมการและเลขานุการ
B25: (นายสิทธิพล ธรรมสาร)
B26: นายช่างเครื่องกลชำนาญงาน

Sheet 12.ครุภัณฑ์คอมฯ
A1: ทะเบียนรายงานผลการตรวจนับครุภัณฑ์ ประจำปีงบประมาณ 2567
A2: ส่วนการโยธา สำนักช่าง
A3: 12.ครุภัณฑ์คอมพิวเตอร์
A4: ลำดับที่ | B4: รายการ | C4: หมายเลขครุภัณฑ์ | F4: วันเดือนปี | G4: ราคาที่ได้ | H4: สถานที่ใช้งาน | I4: สภาพครุภัณฑ์ | O4: หมายเหตุ
F5: ที่ได้มา | I5: ใช้ได้ | J5: ชำรุด | K5: เสื่อมสภาพ | L5: สูญหาย | M5: เก็บไว้นาน | N5: หมดความจำเป็น
A6: 416 | B6: (เครื่องคอมพิวเตอร์)
A7: 1 | B7: เครื่องคอมพิวเตอร์ ยี่ห้อ WINWAY พร้อมเครื่องปรินเตอร์ ยี่ห้อ SHARP รุ่น AJ-6010 1 ชุด | C7: 416-45-0118 | F7: 24 มิ.ย.45 | G7: 51885 | H7: ส่วนโยธา/งานธุรการ | I7: / | O7: จิราภรณ์ | R7: /
A8: 2 | B8: เครื่องคอมพิวเตอร์ ยี่ห้อ Powell พร้อมเครื่องปริ้นเตอร์ | C8: 416-47-0221 | F8: 21 พ.ค.47 | G8: 47754.1 | H8: ส่วนการโยธา/งานบำบัดน้ำเสีย | I8: / | O8: วิชุดา (ปริ้นชำรุด) | P8: โอน จากงานธุรการวันที่ 3 พ.ย.64 | R8: /
A9: 3 | B9: เครื่องคอมพิวเตอร์ POWELL รุ่น P 4300 CF | C9: 416-47-0222 | F9: 21 พ.ค.47 | G9: 0 | H9: ส่วนโยธา/งานธุรการ | I9: / | O9: ขอจำหน่าย | P9: * ยอดเงินเอามาตัดกับการจำหน่ายจอภาพ 15 สค.61 | R9: /
A10: 4 | B10: เครื่องคอมพิวเตอร์ 1 ชุด | C10: 416-48-0324 | F10: 25 ม.ค. 48 | G10: 27000 | H10: ส่วนการโยธา / งานกำจัดขยะมูลฝอย | I10: / | O10: ธนัญญา | R10: /
A11: 5 | B11: เครื่องคอมฯ CPU HP (ลูกข่าย) | C11: 416-51-0389 | F11: 29 พ.ค.51 | G11: 23400 | H11: ส่วนโยธา/งานธุรการ | I11: / | O11: มธุสร (จ้างเหมา) | R11: /
A12: 6 | B12: เครื่องคอมพิวเตอร์ ยี่ห้อ Powell (CPU HP) (ลูกข่าย) | C12: 416-51-0392 | F12: 29 พ.ค.51 | G12: 23400 | H12: งานธุรการ (ช่างสุขาฯ เดิม) | K12: / | O12: ขอจำหน่าย | P12: 1 | T12: /
A13: 7 | B13: เครื่องสำรองไฟ SYNDOME (ลูกข่าย) | C13: 416-51-0426 | F13: 29 พ.ค.51 | G13: 7000 | H13: ส่วนโยธา/งานธุรการ | J13: / | O13: ขอจำหน่าย | P13: 1 | S13: /
A14: 8 | B14: เครื่องสำรองไฟ SYNDOME (ลูกข่าย) | C14: 416-51-0428 | F14: 29 พ.ค.51 | G14: 7000 | H14: งานธุรการ (ช่างสุขาฯ เดิม) | I14: / | O14: เสวก | R14: /
A15: 9 | B15: จอคอมพิวเตอร์ LCD HP (ลูกข่าย) | C15: 416-51-0492 | F15: 29 พ.ค.51 | G15: 11600 | H15: ส่วนโยธา/งานธุรการ | I15: / | O15: มธุสร (จ้างเหมา) | R15: /
A16: 10 | B16: จอคอมพิวเตอร์ LCD HP (ลูกข่าย) | C16: 416-51-0495 | F16: 29 พ.ค.51 | G16: 11600 | H16: ส่วนโยธา/งานธุรการ | I16: / | R16: /
A17: 11 | B17: เครื่องคอมพิวเตอร์ (CPU) HP COMPAQ DC 5800MT | C17: 416-52-0594 | F17: 1 ก.ค. 52 | G17: 20400 | H17: ส่วนการโยธา / งานบำรุงรักษาและซ่อมแซม | I17: / | O17: เสวก | R17: /
A18: 12 | B18: จอคอมพิวเตอร์ LCD 23 นิ้ว HP 2309 M เทา-ดำ | C18: 416-52-0596 | F18: 1 ก.ค. 52 | G18: 7000 | H18: ส่วนการโยธา / งานบำรุงรักษาและซ่อมแซม | I18: / | O18: เสวก | R18: /
A19: 13 | B19: จอคอมพิวเตอร์ LCD 23 นิ้ว HP 2309 M เทา-ดำ | C19: 416-52-0601 | F19: 1 ก.ค. 52 | G19: 7000 | H19: ส่วนโยธา/งานบำรุงรักษาอาคารและสถานที่/งานศิลป์ | I19: / | O19: อรุณ | R19: /
A20: 14 | B20: คอมพิวเตอร์ (cpu ยี่ห้อ hp พร้อมเครื่องสำรองไฟ จำนวน 1 ชุด) | C20: 416-53-0647 | F20: 18 พ.ย.53 | G20: 32400 | H20: ส่วนโยธา/งานธุรการ | J20: / | P20: 2 * เครื่องสำรองไฟชำรุด | S20: /
A21: 15 | B21: จอคอมพิวเตอร์ LCD HP 19 นิ้ว | C21: 416-53-0648 | F21: 18 พ.ย.53 | G21: 4000 | H21: ส่วนการโยธา / งานบำรุงรักษาทางและสะพาน | J21: / | O21: จิราภรณ์ | P21: 3 | S21: /
A22: 16 | B22: เครื่องพิมพ์คอมพิวเตอร์ ยี่ห้อ Canon E 510 สีดำ | C22: 416-58-0828 | F22: 8 ก.ค.58 | G22: 3300 | H22: ส่วนโยธา/งานธุรการ | I22: / | O22: วิชุดา | R22: /
A23: 17 | B23: เครื่องคอมพิวเตอร์ สเปก CORE I5 มีหน่วยความจำรอง คือ DDR m (133) 4 GB พร้อมอุปกรณ์ (CPU) | C23: 416-58-0829 | F23: 22 ก.ค 58 | G23: 15000 | H23: ส่วนโยธา/งานธุรการ | I23: / | O23: ณัฐนิชา | R23: /
A24: 18 | B24: เครื่องปริ้นเตอร์ยี่ห้อ EPSON L220 พร้อมแท้งค์ | C24: 416-59-0835 | F24: 18 ก.พ 59 | G24: 5250 | H24: ส่วนการโยธา | I24: / | O24: เมธ์วดี | R24: /
A25: 19 | B25: เครื่องคอมพิวเตอร์ | C25: 416-59-0916 | F25: 21689 | G25: 17000 | H25: ส่วนการโยธา | I25: / | O25: ภัทรพร | R25: /
A26: 20 | B26: จอภาพ LCS 19.5" | C26: 416-59-0917 | F26: 21689 | G26: 5000 | H26: ส่วนการโยธา | I26: / | O26: ภัทรพร | R26: /
A27: 21 | B27: เครื่องสำรองไฟ ขนาด 800 VA 480 วัตต์ | C27: 416-59-0918 | F27: 21689 | G27: 3100 | H27: ส่วนการโยธา | J27: / | O27: ขอจำหน่าย | P27: 4 | S27: /
A28: 22 | B28: เครื่องคอมพิวเตอร์ | C28: 416-59-0871 | F28: 21693 | G28: 22519 | H28: ส่วนการโยธา | I28: / | O28: ชนิดา | R28: /
A29: 23 | B29: จอภาพ LCS 18.5" | C29: 416-59-0872 | F29: 21693 | G29: 5000 | H29: ส่วนการโยธา | I29: / | O29: ชนิดา | R29: /
A30: 24 | B30: เครื่องคอมพิวเตอร์ ยี่ห้อ Acer รุ่น ES2740G Core13-10105 | C30: 416-65-2007 | F30: 23899 | G30: 12710 | H30: ส่วนการโยธา / งานบำรุงรักษาอาคารและสถานที่ | I30: / | O30: อรรถกร ของงานไฟฟ้าสาธารณะ | R30: /
A31: 25 | B31: จอคอมพิวเตอร์ ยี่ห้อ Acer รุ่น V206HQL จอแบน LED 19.5" | C31: 416-65-2008 | F31: 23899 | G31: 3790 | H31: ส่วนการโยธา / งานบำรุงรักษาอาคารและสถานที่ | I31: / | O31: อรรถกร ของงานไฟฟ้าสาธารณะ | R31: /
A32: 26 | B32: เครื่องคอมพิวเตอร์ ยี่ห้อ Acer รุ่น ES2740G Core13-10105 | C32: 416-65-2009 | F32: 23899 | G32: 12710 | H32: ส่วนการโยธา / ฝ่ายสวนสาธารณะ | I32: / | R32: /
A33: 27 | B33: จอคอมพิวเตอร์ ยี่ห้อ Acer รุ่น V206HQL จอแบน LED 19.5" | C33: 416-65-2010 | F33: 23899 | G33: 3790 | H33: ส่วนการโยธา /ฝ่ายสวนสาธารณะ | I33: / | R33: /
A34: 28 | B34: เครื่องคอมพิวเตอร์ ยี่ห้อ Acer รุ่น ES2740G Core13-10105 | C34: 416-65-2011 | F34: 23899 | G34: 12710 | H34: ส่วนการโยธา / งานกำจัดมูลฝอยฯ | I34: / | O34: สุพัตรา | R34: /
A35: 29 | B35: จอคอมพิวเตอร์ ยี่ห้อ Acer รุ่น V206HQL จอแบน LED 19.5" | C35: 416-65-2012 | F35: 23899 | G35: 3790 | H35: ส่วนการโยธา / งานกำจัดมูลฝอยฯ | I35: / | O35: สุพัตรา | R35: /
A36: 30 | B36: เครื่องคอมพิวเตอร์ ยี่ห้อ Acer รุ่น ES2740G Core13-10105 | C36: 416-65-2013 | F36: 23899 | G36: 12710 | H36: ส่วนการโยธา / งานกำจัดมูลฝอยฯ | I36: / | O36: สุทธินี | R36: /
A37: 31 | B37: จอคอมพิวเตอร์ ยี่ห้อ Acer รุ่น V206HQL จอแบน LED 19.5" | C37: 416-65-2014 | F37: 23899 | G37: 3790 | H37: ส่วนการโยธา / งานกำจัดมูลฝอยฯ | I37: / | O37: สุทธินี | R37: /
A38: 32 | B38: เครื่องสำรองไฟ ยี่ห้อ ZIRCON รุ่น ICT-1 ขนาด 800 AV 480 W | C38: 416-65-2019 | F38: 23899 | G38: 1500 | H38: ส่วนการโยธา / งานกำจัดมูลฝอยฯ | I38: / | O38: สุพัตรา | R38: /
A39: 33 | B39: เครื่องสำรองไฟ ยี่ห้อ ZIRCON รุ่น ICT-1 ขนาด 800 AV 480 W | C39: 416-65-2020 | F39: 23899 | G39: 1500 | H39: ส่วนการโยธา / งานกำจัดมูลฝอยฯ | I39: / | O39: วิชุดา | R39: /
A40: 34 | B40: เครื่องคอมพิวเตอร์สำหรับงานประมวลผลแบบที่ 1 ยี่ห้อ ACER | C40: 416-65-2021 | F40: 23899 | G40: 17710 | H40: ส่วนการโยธา/งานวางแผนและบริหารเครื่องจักรฯ | I40: / | O40: พิมทิพย์ | R40: /
B41: รุ่น ES2740G Core15-10400
A42: 35 | B42: จอคอมพิวเตอร์ ยี่ห้อ Acer รุ่น V206HQL จอแบน LED 19.5" | C42: 416-65-2022 | F42: 23899 | G42: 3790 | H42: ส่วนการโยธา/งานวางแผนและบริหารเครื่องจักรฯ | I42: / | O42: พิมทิพย์ | R42: /
A43: 36 | B43: เครื่องคอมพิวเตอร์สำหรับงานประมวลผลแบบที่ 1 ยี่ห้อ ACER | C43: 416-65-2023 | F43: 23899 | G43: 17710 | H43: ส่วนการโยธา / งานบำรุงรักษาอาคารและสถานที่ | I43: / | O43: จารุภาส | R43: /
B44: รุ่น ES2740G Core15-10400
A45: 37 | B45: จอคอมพิวเตอร์ ยี่ห้อ Acer รุ่น V206HQL จอแบน LED 19.5" | C45: 416-65-2024 | F45: 23899 | G45: 3790 | H45: ส่วนการโยธา / งานบำรุงรักษาอาคารและสถานที่ | I45: / | O45: จารุภาส | R45: /
A46: 38 | B46: เครื่องคอมพิวเตอร์สำหรับงานประมวลผลแบบที่ 1 ยี่ห้อ ACER | C46: 416-65-2025 | F46: 23899 | G46: 17710 | H46: ส่วนการโยธา / งานกำจัดมูลฝอยฯ | I46: / | O46: อุษณีพร | R46: /
B47: รุ่น ES2740G Core15-10400
A48: 39 | B48: จอคอมพิวเตอร์ ยี่ห้อ Acer รุ่น V206HQL จอแบน LED 19.5" | C48: 416-65-2026 | F48: 23899 | G48: 3790 | H48: ส่วนการโยธา / งานกำจัดมูลฝอยฯ | I48: / | O48: อุษณีพร | R48: /
A49: 40 | B49: เครื่องพิมพ์ Multifunction ยี่ห้อ Brother รุ่น DCP-T720W แบบฉีด | C49: 416-65-2038 | F49: 23899 | G49: 7000 | H49: ส่วนการโยธา / งานบำรุงรักษาอาคารและสถานที่ | I49: / | O49: อรรถกร ของงานไฟฟ้าสาธารณะ | R49: /
B50: หมึก พร้อมติดตั้งถังหมึก (lnk Tank Printer)
A51: 41 | B51: เครื่องพิมพ์ Multifunction ยี่ห้อ Brother รุ่น DCP-T720W แบบฉีด | C51: 416-65-2039 | F51: 23899 | G51: 7000 | H51: ส่วนการโยธา / งานกำจัดมูลฝอยฯ | I51: / | O51: อุษณีพร | R51: /
B52: หมึก พร้อมติดตั้งถังหมึก (lnk Tank Printer)
A53: 42 | B53: เครื่องพิมพ์แบบฉีดหมึก(lnk Printer) สำหรับกระดาษ A3 แบบฉีดหมึก | C53: 416-65-2040 | F53: 23899 | G53: 5000 | H53: ส่วนการโยธา / งานบำรุงรักษาอาคารและสถานที่ | I53: / | O53: ศตวรรษ | R53: /
B54: รุ่นOfficejet Pro 7720 Wide Format All-ln-One Printer
A55: 43 | B55: เครื่องสำรองไฟฟ้า ZIRCON รุ่น EMPOW ขนาด 1KVA 1200VA720W | C55: 416-65-2042 | F55: 23899 | G55: 3000 | H55: ส่วนการโยธา / งานบำรุงรักษาอาคารและสถานที่ | I55: / | O55: จารุภาส | R55: /
A56: 44 | B56: เครื่องสำรองไฟฟ้า ZIRCON รุ่น EMPOW ขนาด 1KVA 1200VA720W | C56: 416-65-2043 | F56: 23899 | G56: 3000 | H56: ส่วนการโยธา / งานบำรุงรักษาอาคารและสถานที่ | I56: / | O56: อรรถกร ของงานไฟฟ้าสาธารณะ | R56: /
A57: 45 | B57: เครื่องสำรองไฟฟ้า ZIRCON รุ่น EMPOW ขนาด 1KVA 1200VA720W | C57: 416-65-2049 | F57: 23899 | G57: 3000 | H57: ส่วนการโยธา / ฝ่ายสวนสาธารณะ | I57: / | R57: /
A58: 46 | B58: เครื่องสำรองไฟฟ้า ZIRCON รุ่น EMPOW ขนาด 1KVA 1200VA720W | C58: 416-65-2050 | F58: 23899 | G58: 3000 | H58: ส่วนการโยธา / งานกำจัดมูลฝอยฯ | I58: / | O58: อุษณีพร | R58: /
A59: 47 | B59: เครื่องพิมพ์ชนิด Dot Matrix Peinyer ยี่ห้อ OKI รุ่น ML790Plus | C59: 416-65-2051 | F59: 23899 | G59: 16500 | H59: ส่วนการโยธา / งานกำจัดมูลฝอยฯ | I59: / | O59: อุษณีพร | R59: /
B60: แบบแคร่สั้น
A61: 48 | B61: หมึก พร้อมติดตั้งถังหมึก (lnk Tank Printer) | C61: 416 | D61: 66 | E61: 2202 | F61: 24162 | G61: 40660 | H61: ส่วนการโยธา/งานสวนสาธารณะ/ห้องรองกิตติ | I61: / | O61: (ฝายแม่น้ำวัง เขื่อนยาง) | P61: ***คอมพิวเตอร์ประมวลผล | R61: /
A62: 49 | B62: จอมอนิเตอร์ LED ขนาด 50 นิ้ว | C62: 416 | D62: 66 | E62: 2285 | F62: 243503 | G62: 17498.43 | H62: ส่วนการโยธา/งานสวนสาธารณะ/สวนเขื่อนยาง | I62: / | R62: /
A63: 50 | B63: จอมอนิเตอร์ LED ขนาด 50 นิ้ว | C63: 416 | D63: 66 | E63: 2286 | F63: 243503 | G63: 17498.43 | H63: ส่วนการโยธา/งานสวนสาธารณะ/สวนเขื่อนยาง | I63: / | R63: /
A64: 51 | B64: สแกนเนอร์ สำหรับงานเก็บเอกสารระดับศูนย์บริการแบบที่ 2 | C64: 416 | D64: 66 | E64: 2300 | F64: 243572 | G64: 13750 | H64: ส่วนการโยธา/งานธุรการ | I64: / | O64: ทิพย์ธัญญา | R64: /
A65: 52 | B65: เครื่องสำรองไฟฟ้าขนาด 800 VA | C65: 416 | D65: 66 | E65: 2301 | F65: 243572 | G65: 1190 | H65: ส่วนการโยธา/งานธุรการ | I65: / | O65: ภัทรพร | R65: /
A66: 53 | B66: เครื่องสำรองไฟฟ้าขนาด 800 VA | C66: 416 | D66: 66 | E66: 2302 | F66: 243572 | G66: 1190 | H66: ส่วนการโยธา/งานธุรการ | I66: / | O66: ทิพย์ธัญญา | R66: /
A67: 54 | B67: เครื่องสำรองไฟฟ้าขนาด 800 VA | C67: 416 | D67: 66 | E67: 2303 | F67: 243572 | G67: 1190 | H67: ส่วนการโยธา/งานธุรการ | I67: / | O67: เมธ์วดี | R67: /
A68: 55 | B68: เครื่องสำรองไฟฟ้าขนาด 1 kVA | C68: 416 | D68: 66 | E68: 2304 | F68: 243572 | G68: 1790 | H68: ส่วนการโยธา/ฝ่ายช่างสุขาภิบาล/งานกำจัดขยะมูลฝอยและสิ่งปฏิกูล | I68: / | O68: สุทธินี | R68: /
A69: 56 | B69: เครื่องคอมพิวเตอร์สำหรับประมวลผล แบบที่ 2 (CPU) | C69: 416 | D69: 66 | E69: 2305 | F69: 243572 | G69: 28200 | H69: ส่วนการโยธา/ฝ่ายช่างสุขาภิบาล/งานแบบแผนและก่อสร้าง | I69: / | O69: อนุพงษ์ | R69: /
A70: 57 | B70: จอภาพขนาด 23.8 นิ้ว | C70: 416 | D70: 66 | E70: 2306 | F70: 243572 | G70: 2800 | H70: ส่วนการโยธา/ฝ่ายช่างสุขาภิบาล/งานแบบแผนและก่อสร้าง | I70: / | O70: อจน. | R70: /
A71: 58 | B71: เครื่องพิมพ์แบบ Multifunction แบบฉีดหมึกพร้อมติดตั้งถังหมีกพิมพ์ | C71: 416 | D71: 66 | E71: 2307 | F71: 243572 | G71: 6900 | H71: ส่วนการโยธา/ฝ่ายช่างสุขาภิบาล/งานแบบแผนและก่อสร้าง | I71: / | O71: อจน. | R71: /
A72: 59 | B72: เครื่องสำรองไฟฟ้าขนาด 1 kVA | C72: 416 | D72: 66 | E72: 2308 | F72: 243572 | G72: 1790 | H72: ส่วนการโยธา/ฝ่ายช่างสุขาภิบาล/งานแบบแผนและก่อสร้าง | I72: / | O72: อจน. | R72: /
G73: =SUM(G7:G72) -> 673064.96
A74: 545 | B74: (กล้องถ่ายวีดีโอ กล้องวงจรปิด )
A75: 1 | B75: กล้องวงจรปิดชนิดเครือข่ายนอกสำนักงาน | C75: 454 | D75: 66 | E75: 0187 | F75: 7 ก.ย 66 | G75: 5400 | H75: ส่วนการโยธา/งานสวนสาธารณะ/สวนเขื่อนยาง | I75: / | R75: /
A76: 2 | B76: กล้องวงจรปิดชนิดเครือข่ายนอกสำนักงาน | C76: 454 | D76: 66 | E76: 0188 | F76: 7 ก.ย 66 | G76: 5400 | H76: ส่วนการโยธา/งานสวนสาธารณะ/สวนเขื่อนยาง | I76: / | R76: /
A77: 3 | B77: กล้องวงจรปิดชนิดเครือข่ายนอกสำนักงาน | C77: 454 | D77: 66 | E77: 0189 | F77: 7 ก.ย 66 | G77: 5400 | H77: ส่วนการโยธา/งานสวนสาธารณะ/สวนเขื่อนยาง | I77: / | R77: /
A78: 4 | B78: กล้องวงจรปิดชนิดเครือข่ายนอกสำนักงาน | C78: 454 | D78: 66 | E78: 0190 | F78: 7 ก.ย 66 | G78: 5400 | H78: ส่วนการโยธา/งานสวนสาธารณะ/สวนเขื่อนยาง | I78: / | R78: /
A79: 5 | B79: กล้องวงจรปิดชนิดเครือข่ายนอกสำนักงาน | C79: 454 | D79: 66 | E79: 0191 | F79: 7 ก.ย 66 | G79: 5400 | H79: ส่วนการโยธา/งานสวนสาธารณะ/สวนเขื่อนยาง | I79: / | R79: /
A80: 6 | B80: กล้องวงจรปิดชนิดเครือข่ายนอกสำนักงาน | C80: 454 | D80: 66 | E80: 0192 | F80: 7 ก.ย 66 | G80: 5400 | H80: ส่วนการโยธา/งานสวนสาธารณะ/สวนเขื่อนยาง | I80: / | R80: /
A81: 7 | B81: กล้องวงจรปิดชนิดเครือข่ายนอกสำนักงาน | C81: 454 | D81: 66 | E81: 0193 | F81: 7 ก.ย 66 | G81: 5400 | H81: ส่วนการโยธา/งานสวนสาธารณะ/สวนเขื่อนยาง | I81: / | R81: /
A82: 8 | B82: กล้องวงจรปิดชนิดเครือข่ายนอกสำนักงาน | C82: 454 | D82: 66 | E82: 0194 | F82: 7 ก.ย 66 | G82: 5400 | H82: ส่วนการโยธา/งานสวนสาธารณะ/สวนเขื่อนยาง | I82: / | R82: /
A83: 9 | B83: กล้องวงจรปิดชนิดเครือข่ายนอกสำนักงาน | C83: 454 | D83: 66 | E83: 0195 | F83: 7 ก.ย 66 | G83: 5400 | H83: ส่วนการโยธา/งานสวนสาธารณะ/สวนเขื่อนยาง | I83: / | R83: /
A84: 10 | B84: กล้องวงจรปิดชนิดเครือข่ายนอกสำนักงาน | C84: 454 | D84: 66 | E84: 0196 | F84: 7 ก.ย 66 | G84: 5400 | H84: ส่วนการโยธา/งานสวนสาธารณะ/สวนเขื่อนยาง | I84: / | R84: /
A85: 11 | B85: กล้องวงจรปิดชนิดเครือข่ายนอกสำนักงาน | C85: 454 | D85: 66 | E85: 0197 | F85: 7 ก.ย 66 | G85: 5400 | H85: ส่วนการโยธา/งานสวนสาธารณะ/สวนเขื่อนยาง | I85: / | R85: /
A86: 12 | B86: กล้องวงจรปิดชนิดเครือข่ายนอกสำนักงาน | C86: 454 | D86: 66 | E86: 0198 | F86: 7 ก.ย 66 | G86: 5400 | H86: ส่วนการโยธา/งานสวนสาธารณะ/สวนเขื่อนยาง | I86: / | R86: /
... A110: 36 | B110: อุปกรณ์บันทึกภาพเครือข่าย 8 ช่อง | C110: 454 | D110: 66 | E110: 0221 | F110: 7 ก.ย 66 | G110: 24997.76 | H110: ส่วนการโยธา/งานสวนสาธารณะ/สวนเขื่อนยาง | I110: / | R110: /
G111: =SUM(G75:G110) -> 272791.03
B112: ตัวกระจายสัญญาณ (430)
A113: 1 | B113: ตัวกระจายสัญญาณขนาด 8 พอร์ต | C113: 430 | D113: 66 | E113: 0009 | F113: 7 ก.ย 66 | G113: 9430.97 | H113: ส่วนการโยธา/งานสวนสาธารณะ/สวนเขื่อนยาง | I113: / | R113: /
A114: 2 | B114: ตัวกระจายสัญญาณขนาด 8 พอร์ต | C114: 430 | D114: 66 | E114: 0010 | F114: 7 ก.ย 66 | G114: 9430.97 | H114: ส่วนการโยธา/งานสวนสาธารณะ/สวนเขื่อนยาง | I114: / | R114: /
A115: 3 | B115: ตัวกระจายสัญญาณขนาด 8 พอร์ต | C115: 430 | D115: 66 | E115: 0011 | F115: 7 ก.ย 66 | G115: 9430.97 | H115: ส่วนการโยธา/งานสวนสาธารณะ/สวนเขื่อนยาง | I115: / | R115: /
A116: 4 | B116: ตัวกระจายสัญญาณขนาด 8 พอร์ต | C116: 430 | D116: 66 | E116: 0012 | F116: 7 ก.ย 66 | G116: 9430.98 | H116: ส่วนการโยธา/งานสวนสาธารณะ/สวนเขื่อนยาง | I116: / | R116: /
G117: =SUM(G113:G116) -> 37723.89
G118: =G117+G111+G73 -> 983579.88 | R118: =COUNTA(R7:R117) -> 94 | S118: =COUNTA(S7:S117) -> 5 | T118: =COUNTA(T7:T117) -> 1 | U118: =COUNTA(U7:U117) -> 0 | V118: =COUNTA(V7:V117) -> 0 | W118: =COUNTA(W7:W117) -> 0
B120: (ลงชื่อ) ประธานกรรมการ | G120: (ลงชื่อ) | J120: กรรมการ
B121: (นางสาวสุทธินี พูลสวัสดิ์) | H121: (นายอนุพงษ์ คำฟู)
B122: นักวิชาการสุขาภิบาลปฏิบัติการ | H122: วิศวกรสุขาภิบาลปฏิบัติการ
B124: (ลงชื่อ) กรรมการและเลขานุการ
B125: (นายสิทธิพล ธรรมสาร)
...

Sheet 13.ครุภัณฑ์อื่น
A1: ทะเบียนรายงานผลการตรวจนับครุภัณฑ์ ประจำปีงบประมาณ 2566
A2: ฝ่ายสวนสาธารณะ ส่วนการโยธา สำนักช่าง
A3: 13.ครุภัณฑ์อื่นๆ
A4: ลำดับที่ | B4: รายการ | C4: หมายเลขครุภัณฑ์ | F4: วันเดือนปี | G4: ราคาที่ได้ | H4: สถานที่ใช้งาน | I4: สภาพครุภัณฑ์ | O4: หมายเหตุ
F5: ที่ได้มา | I5: ใช้ได้ | J5: ชำรุด | K5: เสื่อมสภาพ | L5: สูญหาย | M5: เก็บไว้นาน | N5: หมดความจำเป็น
A6: 192 | B6: ป้าย
A7: 1 | B7: ป้ายชื่อถนน | C7: 192 | D7: 67 | E7: 0060 | F7: 24612 | G7: 5286.69 | H7: ฝ่ายสาธารณูปโภค/งานบำรุงรักษาอาคารและสถานที่ | I7: / | Q7: /
A8: 2 | B8: ป้ายชื่อถนน | C8: 192 | D8: 67 | E8: 0060/1 | F8: 24612 | G8: 5286.69 | H8: ฝ่ายสาธารณูปโภค/งานบำรุงรักษาอาคารและสถานที่ | I8: / | Q8: /
A9: 3 | B9: ป้ายชื่อถนน | C9: 192 | D9: 67 | E9: 0060/2 | F9: 24612 | G9: 5286.69 | H9: ฝ่ายสาธารณูปโภค/งานบำรุงรักษาอาคารและสถานที่ | I9: / | Q9: /
A10: 4 | B10: ป้ายชื่อถนน | C10: 192 | D10: 67 | E10: 0060/3 | F10: 24612 | G10: 5286.69 | H10: ฝ่ายสาธารณูปโภค/งานบำรุงรักษาอาคารและสถานที่ | I10: / | Q10: /
A11: 5 | B11: ป้ายชื่อถนน | C11: 192 | D11: 67 | E11: 0061 | F11: 24612 | G11: 5286.69 | H11: ฝ่ายสาธารณูปโภค/งานบำรุงรักษาอาคารและสถานที่ | I11: / | Q11: /
A12: 6 | B12: ป้ายชื่อถนน | C12: 192 | D12: 67 | E12: 0061/1 | F12: 24612 | G12: 5286.69 | H12: ฝ่ายสาธารณูปโภค/งานบำรุงรักษาอาคารและสถานที่ | I12: / | Q12: /
A13: 7 | B13: ป้ายชื่อถนน | C13: 192 | D13: 67 | E13: 0062 | F13: 24612 | G13: 5286.69 | H13: ฝ่ายสาธารณูปโภค/งานบำรุงรักษาอาคารและสถานที่ | I13: / | Q13: /
A14: 8 | B14: ป้ายชื่อถนน | C14: 192 | D14: 67 | E14: 0062/1 | F14: 24612 | G14: 5286.69 | H14: ฝ่ายสาธารณูปโภค/งานบำรุงรักษาอาคารและสถานที่ | I14: / | Q14: /
A15: 9 | B15: ป้ายชื่อถนน | C15: 192 | D15: 67 | E15: 0063 | F15: 24612 | G15: 5286.69 | H15: ฝ่ายสาธารณูปโภค/งานบำรุงรักษาอาคารและสถานที่ | I15: / | Q15: /
A16: 10 | B16: ป้ายชื่อถนน | C16: 192 | D16: 67 | E16: 0063/1 | F16: 24612 | G16: 5286.69 | H16: ฝ่ายสาธารณูปโภค/งานบำรุงรักษาอาคารและสถานที่ | I16: / | Q16: /
A17: 11 | B17: ป้ายชื่อถนน | C17: 192 | D17: 67 | E17: 0064 | F17: 24612 | G17: 5286.69 | H17: ฝ่ายสาธารณูปโภค/งานบำรุงรักษาอาคารและสถานที่ | I17: / | Q17: /
A18: 12 | B18: ป้ายชื่อถนน | C18: 192 | D18: 67 | E18: 0064/1 | F18: 24612 | G18: 5286.69 | H18: ฝ่ายสาธารณูปโภค/งานบำรุงรักษาอาคารและสถานที่ | I18: / | Q18: /
... A96: 90 | B96: ป้ายบอกสถานที่ในเขตเทศบาลนครลำปาง | C96: 192 | D96: 67 | E96: 0165 | F96: 24612 | G96: 11744.79 | H96: ฝ่ายสาธารณูปโภค/งานบำรุงรักษาอาคารและสถานที่ | I96: / | Q96: /
G97: =SUM(G7:G96) -> 666666.18
A98: 200 | B98: (หัวน้ำพุ)
A99: 1 | B99: หัวน้ำพุทองเหลือง (อื่นๆ) | C99: 200 | D99: 55 | E99: 0001 | F99: 29 ต.ค.55 | G99: 85000 | H99: ส่วนการโยธา / ฝ่ายสวนสาธารณะ | I99: / | Q99: /
A100: 2 | B100: หัวน้ำพุทองเหลือง (อื่นๆ) | C100: 200 | D100: 55 | E100: 0002 | F100: 29 ต.ค.55 | G100: 85000 | H100: ส่วนการโยธา / ฝ่ายสวนสาธารณะ | I100: / | Q100: /
A101: 1 | B101: ประติมากรรมกลางแจ้งรูปปั้นมังกร | C101: 888 | D101: 66 | E101: 0004 | F101: 243525 | G101: 900000 | H101: ส่วนการโยธา/งานบำรุงรักษาอาคารและสถานที่
G102: =SUM(G99:G101) -> 1070000
A103: 488 | B103: ( ปืน, ระบบเซนเซอร์ตรวจนับคน)
A104: 1 | B104: ปืนลูกซอง ขนาดเบอร์ 12 บรรจุ 5 นัด แบบสไลด์แอ๊คชั่น | C104: 488 | D104: 34 | E104: 0001 | F104: 21 มี.ค.34 | G104: 12000 | H104: ส่วนการโยธา / ฝ่ายสวนสาธารณะ | I104: / | Q104: /
G105: =SUM(G104) -> 12000
A106: 888 | B106: ประติมากรรมกลางแจ้ง (888)
A107: 1 | B107: ประติมากรรมกลางแจ้งโลหะ/ไม้/ปูน ขนาด 1.00x1.50 ม. | C107: 888 | D107: 66 | E107: 0001 | F107: 7 ก.ย 66 | G107: 107000 | H107: ส่วนการโยธา/งานสวนสาธารณะ/สวนเขื่อนยาง | I107: / | O107: นก | Q107: /
A108: 2 | B108: ประติมากรรมกลางแจ้งโลหะ/ไม้/ปูน ขนาด 1.00x1.50 ม. | C108: 888 | D108: 66 | E108: 0002 | F108: 7 ก.ย 66 | G108: 107000 | H108: ส่วนการโยธา/งานสวนสาธารณะ/สวนเขื่อนยาง | I108: / | O108: ม้า | Q108: /
A109: 3 | B109: ประติมากรรมกลางแจ้งโลหะ/ไม้/ปูน ขนาด 1.00x1.50 ม. | C109: 888 | D109: 66 | E109: 0003 | F109: 7 ก.ย 66 | G109: 107000 | H109: ส่วนการโยธา/งานสวนสาธารณะ/สวนเขื่อนยาง | J109: / | O109: ลูกโลก | P109: 1 | R109: /
G110: =SUM(G107:G109) -> 321000 | Q110: =COUNTA(Q7:Q109) -> 95 | R110: =COUNTA(R7:R109) -> 1 | S110: =COUNTA(S7:S109) -> 0 | T110: =COUNTA(T7:T109) -> 0 | U110: =COUNTA(U7:U109) -> 0 | V110: =COUNTA(V7:V109) -> 0
G111: =G102+G105+G110 -> 1403000
B113: (ลงชื่อ) ประธานกรรมการ | G113: (ลงชื่อ) | J113: กรรมการ
B114: (นางสาวสุทธินี พูลสวัสดิ์) | H114: (นายอนุพงษ์ คำฟู)
B115: นักวิชาการสุขาภิบาลปฏิบัติการ | H115: วิศวกรสุขาภิบาลปฏิบัติการ
B117: (ลงชื่อ) กรรมการและเลขานุการ
B118: (นายสิทธิพล ธรรมสาร)
B119: นายช่างเครื่องกลชำนาญงาน

Sheet 14.ครุภัณฑ์ต่ำกว่าเกณฑ์
A1: ทะเบียนรายงานผลการตรวจนับครุภัณฑ์ (ต่ำกว่าเกณฑ์) ประจำปีงบประมาณ 2567
G2: ส่วนการโยธา สำนักช่าง | N2: (ต่ำกว่าเกณฑ์)
A3: ลำดับที่ | B3: รายการ | C3: หมายเลขครุภัณฑ์ | G3: วันเดือนปี | H3: ราคาที่ได้ | I3: สถานที่ใช้งาน | J3: สภาพครุภัณฑ์ | P3: หมายเหตุ
G4: ที่ได้มา | J4: ใช้ได้ | K4: ชำรุด | L4: เสื่อมสภาพ | M4: สูญหาย | N4: เก็บไว้นาน | O4: หมดความจำเป็น
A5: 1. ครุภัณฑ์สำนักงาน
A6: 400 | B6: (โต๊ะ)
A7: 1 | B7: โต๊ะพับขาซ่อนหน้าเหล็ก (71x116 cm) | C7: 400-55-0005 | F7: (ต) | G7: 1 ก.พ. 55 | H7: 850 | I7: ส่วนการโยธา / งานบำรุงรักษาอาคารและสถานที่ | L7: / | P7: ขอจำหน่าย | Q7: 1 | U7: /
A8: 2 | B8: โต๊ะพับขาซ่อนหน้าเหล็ก (71x116 cm) | C8: 400-55-0006 | F8: (ต) | G8: 1 ก.พ. 55 | H8: 850 | I8: ส่วนการโยธา / งานบำรุงรักษาอาคารและสถานที่ | L8: / | P8: ขอจำหน่าย | Q8: 2 | U8: /
A9: 3 | B9: โต๊ะพับขาซ่อนหน้าเหล็ก (71x116 cm) | C9: 400-55-0007 | F9: (ต) | G9: 1 ก.พ. 55 | H9: 850 | I9: ส่วนการโยธา / งานบำรุงรักษาอาคารและสถานที่ | L9: / | P9: ขอจำหน่าย | Q9: 3 | U9: /
A10: 4 | B10: โต๊ะพับขาซ่อนหน้าเหล็ก (71x116 cm) | C10: 400-55-0008 | F10: (ต) | G10: 1 ก.พ. 55 | H10: 850 | I10: ส่วนการโยธา / งานบำรุงรักษาอาคารและสถานที่ | L10: / | P10: ขอจำหน่าย | Q10: 4 | U10: /
A11: 5 | B11: โต๊ะพับขาซ่อนหน้าเหล็ก (71x116 cm) | C11: 400-55-0009 | F11: (ต) | G11: 1 ก.พ. 55 | H11: 850 | I11: ส่วนการโยธา / งานบำรุงรักษาอาคารและสถานที่ | L11: / | P11: ขอจำหน่าย | Q11: 5 | U11: /
A12: 6 | B12: โต๊ะพับขาซ่อนหน้าเหล็ก (71x116 cm) | C12: 400-55-0010 | F12: (ต) | G12: 1 ก.พ. 55 | H12: 850 | I12: ส่วนการโยธา / งานบำรุงรักษาอาคารและสถานที่ | L12: / | P12: ขอจำหน่าย | Q12: 6 | U12: /
A13: 7 | B13: โต๊ะพับขาซ่อนหน้าเหล็ก (71x116 cm) | C13: 400-55-0011 | F13: (ต) | G13: 1 ก.พ. 55 | H13: 850 | I13: ส่วนการโยธา / งานบำรุงรักษาอาคารและสถานที่ | L13: / | P13: ขอจำหน่าย | Q13: 7 | U13: /
A14: 8 | B14: โต๊ะพับขาซ่อนหน้าเหล็ก (71x116 cm) | C14: 400-55-0012 | F14: (ต) | G14: 1 ก.พ. 55 | H14: 850 | I14: ส่วนการโยธา / งานบำรุงรักษาอาคารและสถานที่ | L14: / | P14: ขอจำหน่าย | Q14: 8 | U14: /
A15: 9 | B15: โต๊ะพับขาซ่อนหน้าเหล็ก (71x116 cm) | C15: 400-55-0013 | F15: (ต) | G15: 1 ก.พ. 55 | H15: 850 | I15: ส่วนการโยธา / งานบำรุงรักษาอาคารและสถานที่ | L15: / | P15: ขอจำหน่าย | Q15: 9 | U15: /
A16: 10 | B16: โต๊ะพับขาซ่อนหน้าเหล็ก (71x116 cm) | C16: 400-55-0014 | F16: (ต) | G16: 1 ก.พ. 55 | H16: 850 | I16: ส่วนการโยธา / งานบำรุงรักษาอาคารและสถานที่ | L16: / | P16: ขอจำหน่าย | Q16: 10 | U16: /
A17: 11 | B17: โต๊ะพับขาซ่อนหน้าเหล็ก (71x116 cm) | C17: 400-55-0015 | F17: (ต) | G17: 1 ก.พ. 55 | H17: 850 | I17: ส่วนการโยธา / งานบำรุงรักษาอาคารและสถานที่ | L17: / | P17: ขอจำหน่าย | Q17: 11 | U17: /
A18: 12 | B18: โต๊ะพับขาซ่อนหน้าเหล็ก (71x116 cm) | C18: 400-55-0016 | F18: (ต) | G18: 1 ก.พ. 55 | H18: 850 | I18: ส่วนการโยธา / งานบำรุงรักษาอาคารและสถานที่ | L18: / | P18: ขอจำหน่าย | Q18: 12 | U18: /
... A164: 158 | B164: โต๊ะพับขาเหล็ก ขาเหล็กพับได้ (71 x 116 x 74 cm) | C164: 400-57-0216 | F164: (ต) | G164: 11 เม.ย.57 | H164: 900 | I164: ส่วนการโยธา / งานบำรุงรักษาอาคารและสถานที่ | L164: / | P164: ขอจำหน่าย | Q164: 158 | U164: /
A165: 159 | B165: โต๊ะคอมพิวเตอร์ ขนาด 1.20 ม. | C165: 400-57-0247 | F165: (ต) | G165: 27 มิ.ย.57 | H165: 2900 | I165: ส่วนโยธา/งานธุรการ | J165: / | P165: จารุภาส | S165: /
A166: 160 | B166: โต๊ะทำงาน ระดับ 3-6 จำนวน 1 ตัว | C166: 400-57-0250 | F166: (ต) | G166: 5 ก.ย.57 | H166: 4900 | I166: ส่วนโยธา/งานธุรการ | J166: / | P166: สว่าง | S166: /
H167: =SUM(H7:H166) -> 144100
A168: 401 | B168: (เก้าอี้)
A169: 1 | B169: เก้าอี้พลาสติก ชนิดหนา | C169: 401-55-0027 | F169: (ต) | G169: 14 ก.พ. 55 | H169: 250 | I169: ส่วนการโยธา / งานบำรุงรักษาอาคารและสถานที่ | L169: / | P169: ขอจำหน่าย | Q169: 159 | U169: /
A170: 2 | B170: เก้าอี้พลาสติก ชนิดหนา | C170: 401-55-0028 | F170: (ต) | G170: 14 ก.พ. 55 | H170: 250 | I170: ส่วนการโยธา / งานบำรุงรักษาอาคารและสถานที่ | L170: / | P170: ขอจำหน่าย | Q170: 160 | U170: /
A171: 3 | B171: เก้าอี้พลาสติก ชนิดหนา | C171: 401-55-0029 | F171: (ต) | G171: 14 ก.พ. 55 | H171: 250 | I171: ส่วนการโยธา / งานบำรุงรักษาอาคารและสถานที่ | L171: / | P171: ขอจำหน่าย | Q171: 161 | U171: /
A172: 4 | B172: เก้าอี้พลาสติก ชนิดหนา | C172: 401-55-0030 | F172: (ต) | G172: 14 ก.พ. 55 | H172: 250 | I172: ส่วนการโยธา / งานบำรุงรักษาอาคารและสถานที่ | L172: / | P172: ขอจำหน่าย | Q172: 162 | U172: /
A173: 5 | B173: เก้าอี้พลาสติก ชนิดหนา | C173: 401-55-0031 | F173: (ต) | G173: 14 ก.พ. 55 | H173: 250 | I173: ส่วนการโยธา / งานบำรุงรักษาอาคารและสถานที่ | L173: / | P173: ขอจำหน่าย | Q173: 163 | U173: /
A174: 6 | B174: เก้าอี้พลาสติก ชนิดหนา | C174: 401-55-0032 | F174: (ต) | G174: 14 ก.พ. 55 | H174: 250 | I174: ส่วนการโยธา / งานบำรุงรักษาอาคารและสถานที่ | L174: / | P174: ขอจำหน่าย | Q174: 164 | U174: /
A175: 7 | B175: เก้าอี้พลาสติก ชนิดหนา | C175: 401-55-0033 | F175: (ต) | G175: 14 ก.พ. 55 | H175: 250 | I175: ส่วนการโยธา / งานบำรุงรักษาอาคารและสถานที่ | L175: / | P175: ขอจำหน่าย | Q175: 165 | U175: /
A176: 8 | B176: เก้าอี้พลาสติก ชนิดหนา | C176: 401-55-0034 | F176: (ต) | G176: 14 ก.พ. 55 | H176: 250 | I176: ส่วนการโยธา / งานบำรุงรักษาอาคารและสถานที่ | L176: / | P176: ขอจำหน่าย | Q176: 166 | U176: /
A177: 9 | B177: เก้าอี้พลาสติก ชนิดหนา | C177: 401-55-0035 | F177: (ต) | G177: 14 ก.พ. 55 | H177: 250 | I177: ส่วนการโยธา / งานบำรุงรักษาอาคารและสถานที่ | L177: / | P177: ขอจำหน่าย | Q177: 167 | U177: /
A178: 10 | B178: เก้าอี้พลาสติก ชนิดหนา | C178: 401-55-0036 | F178: (ต) | G178: 14 ก.พ. 55 | H178: 250 | I178: ส่วนการโยธา / งานบำรุงรักษาอาคารและสถานที่ | L178: / | P178: ขอจำหน่าย | Q178: 168 | U178: /
A179: 11 | B179: เก้าอี้พลาสติก ชนิดหนา | C179: 401-55-0037 | F179: (ต) | G179: 14 ก.พ. 55 | H179: 250 | I179: ส่วนการโยธา / งานบำรุงรักษาอาคารและสถานที่ | L179: / | P179: ขอจำหน่าย | Q179: 169 | U179: /
A180: 12 | B180: เก้าอี้พลาสติก ชนิดหนา | C180: 401-55-0038 | F180: (ต) | G180: 14 ก.พ. 55 | H180: 250 | I180: ส่วนการโยธา / งานบำรุงรักษาอาคารและสถานที่ | L180: / | P180: ขอจำหน่าย | Q180: 170 | U180: /
... A258: 90 | B258: เก้าอี้พลาสติก ชนิดหนา | C258: 401-55-0116 | F258: (ต) | G258: 14 ก.พ. 55 | H258: 250 | I258: ส่วนการโยธา / งานบำรุงรักษาอาคารและสถานที่ | L258: / | P258: ขอจำหน่าย | Q258: 248 | U258: /
A259: 91 | B259: เก้าอี้สำนักงาน รุ่น EURO 120-M ยี่ห้อ EUROPLAN | C259: 401-55-0353 | F259: (ต) | G259: 12 ก.ย.55 | H259: 2300 | I259: ส่วนการโยธา / งานบำรุงรักษาอาคารและสถานที่ | P259: ภัทรพร ของงานธุรการ
A260: 92 | B260: เก้าอี้สำนักงาน | C260: 401-55-0482 | F260: (ต) | G260: 18 ธ.ค.55 | H260: 2300 | I260: ส่วนการโยธา / งานบำรุงรักษาอาคารและสถานที่ | P260: ไพรัช ของงานธุรการ
A261: 93 | B261: เก้าอี้สำนักงาน | C261: 401-55-0483 | F261: (ต) | G261: 18 ธ.ค.55 | H261: 2300 | I261: ส่วนการโยธา / งานบำรุงรักษาอาคารและสถานที่ | J261: / | S261: /
A262: 94 | B262: เก้าอี้สำนักงาน พนักพิงสูงหนังเทียม | C262: 401-55-0492 | F262: (ต) | G262: 14 พ.ค.55 | H262: 3000 | I262: ส่วนการโยธา / งานบำรุงรักษาอาคารและสถานที่ | J262: / | P262: องอาจ | S262: /
A263: 95 | B263: เก้าอี้พลาสติก พนักพิง เกรด A ยี่ห้อซุปเปอร์แวร์ | C263: 401-56-0510 | F263: (ต) | G263: 6 ก.ย 56 | H263: 250 | I263: ส่วนการโยธา / งานบำรุงรักษาอาคารและสถานที่ | J263: / | P263: โรงพัสดุฯ | S263: /
A264: 96 | B264: เก้าอี้พลาสติก พนักพิง เกรด A ยี่ห้อซุปเปอร์แวร์ | C264: 401-56-0511 | F264: (ต) | G264: 6 ก.ย 56 | H264: 250 | I264: ส่วนการโยธา / งานบำรุงรักษาอาคารและสถานที่ | J264: / | P264: โรงพัสดุฯ | S264: /
A265: 97 | B265: เก้าอี้พลาสติก พนักพิง เกรด A ยี่ห้อซุปเปอร์แวร์ | C265: 401-56-0512 | F265: (ต) | G265: 6 ก.ย 56 | H265: 250 | I265: ส่วนการโยธา / งานบำรุงรักษาอาคารและสถานที่ | J265: / | P265: โรงพัสดุฯ | S265: /
A266: 98 | B266: เก้าอี้พลาสติก พนักพิง เกรด A ยี่ห้อซุปเปอร์แวร์ | C266: 401-56-0513 | F266: (ต) | G266: 6 ก.ย 56 | H266: 250 | I266: ส่วนการโยธา / งานบำรุงรักษาอาคารและสถานที่ | J266: / | P266: โรงพัสดุฯ | S266: /
A267: 99 | B267: เก้าอี้พลาสติก พนักพิง เกรด A ยี่ห้อซุปเปอร์แวร์ | C267: 401-56-0514 | F267: (ต) | G267: 6 ก.ย 56 | H267: 250 | I267: ส่วนการโยธา / งานบำรุงรักษาอาคารและสถานที่ | J267: / | P267: โรงพัสดุฯ | S267: /
A268: 100 | B268: เก้าอี้พลาสติก พนักพิง เกรด A ยี่ห้อซุปเปอร์แวร์ | C268: 401-56-0515 | F268: (ต) | G268: 6 ก.ย 56 | H268: 250 | I268: ส่วนการโยธา / งานบำรุงรักษาอาคารและสถานที่ | J268: / | P268: โรงพัสดุฯ | S268: /
A269: 101 | B269: เก้าอี้พลาสติก พนักพิง เกรด A ยี่ห้อซุปเปอร์แวร์ | C269: 401-56-0516 | F269: (ต) | G269: 6 ก.ย 56 | H269: 250 | I269: ส่วนการโยธา / งานบำรุงรักษาอาคารและสถานที่ | J269: / | P269: โรงพัสดุฯ | S269: /
A270: 102 | B270: เก้าอี้พลาสติก พนักพิง เกรด A ยี่ห้อซุปเปอร์แวร์ | C270: 401-56-0517 | F270: (ต) | G270: 6 ก.ย 56 | H270: 250 | I270: ส่วนการโยธา / งานบำรุงรักษาอาคารและสถานที่ | J270: / | P270: โรงพัสดุฯ | S270: /
A271: 103 | B271: เก้าอี้พลาสติก พนักพิง เกรด A ยี่ห้อซุปเปอร์แวร์ | C271: 401-56-0518 | F271: (ต) | G271: 6 ก.ย 56 | H271: 250 | I271: ส่วนการโยธา / งานบำรุงรักษาอาคารและสถานที่ | J271: / | P271: โรงพัสดุฯ | S271: /
A272: 104 | B272: เก้าอี้พลาสติก พนักพิง เกรด A ยี่ห้อซุปเปอร์แวร์ | C272: 401-56-0519 | F272: (ต) | G272: 6 ก.ย 56 | H272: 250 | I272: ส่วนการโยธา / งานบำรุงรักษาอาคารและสถานที่ | J272: / | P272: โรงพัสดุฯ | S272: /
A273: 105 | B273: เก้าอี้พลาสติก พนักพิง เกรด A ยี่ห้อซุปเปอร์แวร์ | C273: 401-56-0520 | F273: (ต) | G273: 6 ก.ย 56 | H273: 250 | I273: ส่วนการโยธา / งานบำรุงรักษาอาคารและสถานที่ | J273: / | P273: โรงพัสดุฯ | S273: /
... A354: 186 | B354: เก้าอี้สำนักงานพนักพิงสูง โมเทค | C354: 401-57-0799 | F354: (ต) | G354: 27 มิ.ย.57 | H354: 2000 | I354: ส่วนโยธา/งานธุรการ | J354: / | P354: อุษณีพร | S354: /
A355: 187 | B355: เก้าอี้สำนักงานพนักพิงสูง โมเทค | C355: 401-57-0800 | F355: (ต) | G355: 27 มิ.ย.57 | H355: 2000 | I355: ส่วนโยธา/งานธุรการ | J355: / | S355: /
A356: 188 | B356: เก้าอี้สำนักงานมีโซ๊ดปรับระดับได้ | C356: 401-57-0806 | F356: (ต) | G356: 7 ส.ค.57 | H356: 2000 | I356: ส่วนโยธา/งานธุรการ | J356: / | P356: จารุภาส | S356: /
A357: 189 | B357: เก้าอี้สำนักงานมีโช็คปรับระดับได้ | C357: 401-57-0807 | F357: (ต) | G357: 21039 | H357: 2000 | I357: ศูนย์เครื่องจักรฯ | J357: / | P357: พิมทิพย์ | S357: /
A358: 190 | B358: เก้าอี้สำนักงานมีโช็คปรับระดับได้ | C358: 401-57-0808 | F358: (ต) | G358: 21039 | H358: 2000 | I358: ศูนย์เครื่องจักรฯ | J358: / | P358: พิมทิพย์ | S358: /
A359: 191 | B359: เก้าอี้สำนักงานพนักพิงสูง โมเทค | C359: 401-57-0809 | F359: (ต) | G359: 21039 | H359: 3500 | I359: ส่วนการโยธา/งานธุรการ | J359: / | P359: อรุณ | S359: /
A360: 192 | B360: เก้าอี้ปรับเอน (06 RS 111) | C360: 401-58-0862 | F360: (ต) | G360: 29 มิ.ย.58 | H360: 4390 | I360: ส่วนการโยธา/งานธุรการ | L360: / | P360: ขอจำหน่าย | Q360: 249 | U360: /
A361: 193 | B361: เก้าอี้สำนักงาน (มีท้าวแขน พนักพิงสูง (BB2) | C361: 401-58-0919 | F361: (ต) | G361: 10 ก.ค.58 | H361: 3000 | I361: ส่วนการโยธา/งานธุรการ | J361: / | P361: องอาจ | S361: /
H362: =SUM(H169:H361) -> 76040
A363: 404 | B363: (ชั้นวาง)
A364: 1 | B364: ชั้นวางแฟ้มไม้ 4 ชั้น | C364: 404 | D364: 57 | E364: 0025 | F364: (ต) | G364: 21068 | H364: 1000 | I364: ส่วนการโยธา/งานธุรการ | J364: / | P364: เมธ์วดี | S364: /
H365: =SUM(H364) -> 1000
A366: 406 | B366: (ตู้)
A367: 1 | B367: ตู้เลื่อนทึบ ขนาด 4 ฟุต (Smart porm) | C367: 406 | D367: 57 | E367: 0070 | F367: (ต) | G367: 5 ก.ย.57 | H367: 3800 | I367: ส่วนโยธา/งานธุรการ | J367: / | P367: ชนิดา | S367: /
A368: 2 | B368: ตู้บานเลื่อนกระจก ยี่ห้อ TAIYO รุ่น R-024 | C368: 406 | D368: 56 | E368: 0033 | F368: (ต) | G368: 8 ม.ค. 56 | H368: 4100 | I368: ส่วนการโยธา / งานควบคุมและตรวจสอบฯ | J368: / | P368: ตึกช่างสุขาภิบาล | S368: /
A369: 3 | B369: ตู้บานเลื่อนกระจก ยี่ห้อ TAIYO รุ่น R-024 | C369: 406 | D369: 56 | E369: 0045 | F369: (ต) | G369: 12 ก.ค. 56 | H369: 4100 | I369: ส่วนการโยธา / งานควบคุมและตรวจสอบฯ | J369: / | P369: ตึกช่างสุขาภิบาล | S369: /
A370: 4 | B370: ตู้เหล็กเก็บเอกสาร 2 บาน เปิด ยี่ห้อ smart Form | C370: 406 | D370: 58 | E370: 0088 | F370: (ต) | G370: 18 ก.พ. 58 | H370: 3900 | I370: ส่วนการโยธา / งานบำรุงรักษาอาคารและสถานที่ | J370: / | P370: ห้องคนงาน (งานสถานที่) | S370: /
A371: 5 | B371: ตู้เหล็กเก็บเอกสาร 2 บาน เปิด ยี่ห้อ smart Form | C371: 406 | D371: 58 | E371: 0089 | F371: (ต) | G371: 18 ก.พ. 58 | H371: 3900 | I371: ส่วนการโยธา / งานบำรุงรักษาอาคารและสถานที่ | J371: / | P371: ห้องคนงาน (งานสถานที่) | S371: /
A372: 6 | B372: ตู้เหล็กเก็บเอกสาร 2 บาน เปิด ยี่ห้อ smart Form | C372: 406 | D372: 58 | E372: 0090 | F372: (ต) | G372: 18 ก.พ. 58 | H372: 3900 | I372: ส่วนการโยธา / งานบำรุงรักษาอาคารและสถานที่ | J372: / | P372: ห้องคนงาน (งานสถานที่) | S372: /
A373: 7 | B373: ตู้เหล็กเก็บเอกสาร 2 บาน เปิด ยี่ห้อ smart Form | C373: 406 | D373: 58 | E373: 0091 | F373: (ต) | G373: 18 ก.พ. 58 | H373: 3900 | I373: ส่วนการโยธา / งานบำรุงรักษาอาคารและสถานที่ | J373: / | P373: ห้องคนงาน (งานสถานที่) | S373: /
A374: 8 | B374: ตู้เหล็กบานเก็บเอกสาร บานเลื่อนกระจก | C374: 406 | D374: 58 | E374: 0092 | F374: (ต) | G374: 29 มิ.ย. 58 | H374: 3900 | I374: ส่วนการโยธา / งานเครื่องจักรแลและซ่อมบำรุง | J374: / | P374: หลังโต๊ะสุทธินี | S374: /
A375: 9 | B375: ตู้เอกสาร 1 บาน 6 ลิ้นชัก | C375: 406 | D375: 58 | E375: 0095 | F375: (ต) | G375: 17 มี.ค.58 | H375: 4557 | I375: งานสวนสาธารณะ (สำนักงาน) | J375: / | P375: สุทธิศักดิ์ | S375: /
A376: 10 | B376: ตู้บานเลื่อนทึบ 4 ฟุต Smart Form | C376: 406 | D376: 58 | E376: 0097 | F376: (ต) | G376: 30 มิ.ย.58 | H376: 3800 | I376: ส่วนการโยธา/งานธุรการ | J376: / | P376: โอนจากธุรการ สำนักช่าง | Q376: รับ ยธ ที่ 279/66 ลว.19 เม.ย.66 | S376: /
H377: =SUM(H367:H376) -> 39857
A378: 432 | B378: (พัดลม)
A379: 1 | B379: พัดลมตั้งพื้น 16 นิ้ว ยีห้อฮาตาชิ | C379: 432 | D379: 56 | E379: 0032 | F379: (ต) | G379: 11 มิ.ย.56 | H379: 1600 | I379: ส่วนโยธา/งานธุรการ | L379: / | P379: ขอจำหน่าย | Q379: 250 | U379: /
A380: 2 | B380: พัดลมตั้งพื้น 16 นิ้ว ยีห้อฮาตาชิ | C380: 432 | D380: 56 | E380: 0033 | F380: (ต) | G380: 11 มิ.ย.56 | H380: 1600 | I380: ส่วนโยธา/งานธุรการ | J380: / | P380: ตึกสุขาภิบาล | S380: /
A381: 3 | B381: พัดลมตั้งพื้น 16 นิ้ว ยีห้อฮาตาชิ | C381: 432 | D381: 56 | E381: 0034 | F381: (ต) | G381: 11 มิ.ย.56 | H381: 1600 | I381: ส่วนโยธา/งานธุรการ | L381: / | P381: ขอจำหน่าย | Q381: 251 | U381: /
A382: 4 | B382: พัดลม 3 ขา 24 นิ้ว ไม่มีล้อ | C382: 432 | D382: 58 | E382: 0046 | F382: (ต) | G382: 21 ส.ค.58 | H382: 3424 | I382: ส่วนการโยธา / งานบำรุงรักษาและซ่อมแซม | J382: / | P382: บ่อหมัก | S382: /
A383: 5 | B383: พัดลม 3 ขา 24 นิ้ว ไม่มีล้อ | C383: 432 | D383: 58 | E383: 0047 | F383: (ต) | G383: 21 ส.ค.58 | H383: 3424 | I383: ส่วนการโยธา / งานบำรุงรักษาและซ่อมแซม | J383: / | P383: บ่อหมัก | S383: /
H384: =SUM(H379:H383) -> 11648
A385: 2.ครุภัณฑ์ก่อสร้าง
A386: 005 | B386: (รถเข็น)
A387: 1 | B387: รถเข็นชนิดล้อคู่ จุไม่น้อยกว่า 60 ลิตร ตัวถังทำด้วยเหล็ก | C387: 005 | D387: 56 | E387: 0005 | F387: (ต) | G387: 4 ก.พ.56 | H387: 2450 | I387: ส่วนการโยธา / งานกำจัดมูลฝอยและสิ่งปฏิกูล | J387: / | P387: บ่อหมัก | S387: /
A388: 2 | B388: รถเข็นชนิดล้อคู่ จุไม่น้อยกว่า 60 ลิตร ตัวถังทำด้วยเหล็ก | C388: 005 | D388: 56 | E388: 0006 | F388: (ต) | G388: 4 ก.พ.56 | H388: 2450 | I388: ส่วนการโยธา / งานกำจัดมูลฝอยและสิ่งปฏิกูล | J388: / | P388: หน.สมวาส ยืม | S388: /
H389: =SUM(H387:H388) -> 4900
A390: 3.ครุภัณฑ์ไฟฟ้าวิทยุ
A391: 462 | B391: (เครื่องขยายเสียง)
A392: 1 | B392: โทรโข่ง ยี่ห้อ SR รุ่น TRM-762 W (ต) | C392: 462 | D392: 58 | E392: 0007 | F392: (ต) | G392: 2 ก.ย.58 | H392: 2700 | I392: ส่วนการโยธา / งานบำรุงรักษาและซ่อมแซม | P392: ตึกช่างสุขาภิบาล
H393: =SUM(H392:H392) -> 2700
A394: 4.ครุภัณฑ์โรงงาน
A395: 059 | B395: (สว่าน สว่านไฟฟ้า)
A396: 1 | B396: สว่านไฟฟ้า มือถือ ยี่ห้อมาร์กีต้า | C396: 059 | D396: 55 | E396: 0001 | F396: (ต) | G396: 6 ม.ค. 55 | H396: 2800 | I396: ส่วนการโยธา / งานบำรุงรักษาอาคารและสถานที่ | J396: / | P396: ห้องช.อรุณ | S396: /
A397: 2 | B397: สว่านไฟฟ้า มือถือ ยี่ห้อมาร์กีต้า | C397: 059 | D397: 55 | E397: 0002 | F397: (ต) | G397: 6 ม.ค. 55 | H397: 2800 | I397: ส่วนการโยธา / งานบำรุงรักษาอาคารและสถานที่ | J397: / | P397: ห้องช.อรุณ | S397: /
A398: 3 | B398: สว่านไฟฟ้า มือถือ ยี่ห้อมาร์กีต้า | C398: 059 | D398: 55 | E398: 0003 | F398: (ต) | G398: 6 ม.ค. 55 | H398: 2800 | I398: ส่วนการโยธา / งานบำรุงรักษาอาคารและสถานที่ | J398: / | S398: /
H399: =SUM(H396:H398) -> 8400
A400: 210 | B400: เครื่องเป่าลม
A401: 1 | B401: เครื่องเป่าลม มากีตาร์ รุ่น UB 110 | C401: 210 | D401: 55 | E401: 0001 | F401: (ต) | G401: 13 ก.ย. 55 | H401: 2300 | I401: ส่วนการโยธา / งานบำรุงรักษาอาคารและสถานที่ | P401: ไม่มี ไม่ใช่งานสถานที่
H402: 2300
...

Sheet 15.ครุภัณฑ์ไม่แสดงในงบ
A1: ทะเบียนรายงานผลการตรวจนับครุภัณฑ์ ประจำปีงบประมาณ 2567 (ไม่แสดงในงบฯ)
A2: ส่วนการโยธา สำนักช่าง
A3: 6.ครุภัณฑ์ไฟฟ้าและวิทยุ
A4: ลำดับที่ | B4: รายการ | C4: หมายเลขครุภัณฑ์ | F4: วันเดือนปี ที่ได้มา | G4: ราคาที่ได้ | H4: สถานที่ใช้งาน | I4: สภาพครุภัณฑ์ | O4: หมายเหตุ
I5: ใช้ได้ | J5: ชำรุด | K5: เสื่อมสภาพ | L5: สูญหาย | M5: เก็บไว้นาน | N5: หมดความจำเป็น
A6: 082 | B6: (ไฟฟ้าสาธารณะ)
A7: 1 | B7: โคมไฟถนน ขนาด2x18วัตต์ พร้อมอุปกรณ์ | C7: 082 | D7: 64 | E7: 2252 | F7: 1 เม.ย.64 | G7: 1250 | H7: ส่วนการโยธา / งานไฟฟ้าสาธารณะ | I7: / | R7: /
A8: 2 | B8: โคมไฟถนน ขนาด2x18วัตต์ พร้อมอุปกรณ์ | C8: 082 | D8: 64 | E8: 2253 | F8: 1 เม.ย.64 | G8: 1250 | H8: ส่วนการโยธา / งานไฟฟ้าสาธารณะ | I8: / | R8: /
A9: 3 | B9: โคมไฟถนน ขนาด2x18วัตต์ พร้อมอุปกรณ์ | C9: 082 | D9: 64 | E9: 2254 | F9: 1 เม.ย.64 | G9: 1250 | H9: ส่วนการโยธา / งานไฟฟ้าสาธารณะ | I9: / | R9: /
A10: 4 | B10: โคมไฟถนน ขนาด2x18วัตต์ พร้อมอุปกรณ์ | C10: 082 | D10: 64 | E10: 2255 | F10: 1 เม.ย.64 | G10: 1250 | H10: ส่วนการโยธา / งานไฟฟ้าสาธารณะ | I10: / | R10: /
A11: 5 | B11: โคมไฟถนน ขนาด2x18วัตต์ พร้อมอุปกรณ์ | C11: 082 | D11: 64 | E11: 2256 | F11: 1 เม.ย.64 | G11: 1250 | H11: ส่วนการโยธา / งานไฟฟ้าสาธารณะ | I11: / | R11: /
A12: 6 | B12: โคมไฟถนน ขนาด2x18วัตต์ พร้อมอุปกรณ์ | C12: 082 | D12: 64 | E12: 2257 | F12: 1 เม.ย.64 | G12: 1250 | H12: ส่วนการโยธา / งานไฟฟ้าสาธารณะ | I12: / | R12: /
A13: 7 | B13: โคมไฟถนน ขนาด2x18วัตต์ พร้อมอุปกรณ์ | C13: 082 | D13: 64 | E13: 2258 | F13: 1 เม.ย.64 | G13: 1250 | H13: ส่วนการโยธา / งานไฟฟ้าสาธารณะ | I13: / | R13: /
A14: 8 | B14: โคมไฟถนน ขนาด2x18วัตต์ พร้อมอุปกรณ์ | C14: 082 | D14: 64 | E14: 2259 | F14: 1 เม.ย.64 | G14: 1250 | H14: ส่วนการโยธา / งานไฟฟ้าสาธารณะ | I14: / | R14: /
A15: 9 | B15: โคมไฟถนน ขนาด2x18วัตต์ พร้อมอุปกรณ์ | C15: 082 | D15: 64 | E15: 2260 | F15: 1 เม.ย.64 | G15: 1250 | H15: ส่วนการโยธา / งานไฟฟ้าสาธารณะ | I15: / | R15: /
A16: 10 | B16: โคมไฟถนน ขนาด2x18วัตต์ พร้อมอุปกรณ์ | C16: 082 | D16: 64 | E16: 2261 | F16: 1 เม.ย.64 | G16: 1250 | H16: ส่วนการโยธา / งานไฟฟ้าสาธารณะ | I16: / | R16: /
A17: 11 | B17: โคมไฟถนน ขนาด2x18วัตต์ พร้อมอุปกรณ์ | C17: 082 | D17: 64 | E17: 2262 | F17: 1 เม.ย.64 | G17: 1250 | H17: ส่วนการโยธา / งานไฟฟ้าสาธารณะ | I17: / | R17: /
A18: 12 | B18: โคมไฟถนน ขนาด2x18วัตต์ พร้อมอุปกรณ์ | C18: 082 | D18: 64 | E18: 2263 | F18: 1 เม.ย.64 | G18: 1250 | H18: ส่วนการโยธา / งานไฟฟ้าสาธารณะ | I18: / | R18: /
... A631: 625 | B631: โคมไฟถนน ขนาด2x36วัตต์ พร้อมอุปกรณ์ | C631: 082 | D631: 64 | E631: 2876 | F631: 5 ส.ค.64 | G631: 1600 | H631: ส่วนการโยธา / งานไฟฟ้าสาธารณะ | I631: / | R631: /
G632: =SUM(G7:G631) -> 910000
G633: =G632 -> 910000 | R633: =COUNTA(R7:R632) -> 625 | S633: =COUNTA(S7:S632) -> 0 | T633: =COUNTA(T7:T632) -> 0 | U633: =COUNTA(U7:U632) -> 0 | V633: =COUNTA(V7:V632) -> 0 | W633: =COUNTA(W7:W632) -> 0
B635: (ลงชื่อ) ประธานกรรมการ | G635: (ลงชื่อ) | J635: กรรมการ
B636: (นางสาวสุทธินี พูลสวัสดิ์) | H636: (นายอนุพงษ์ คำฟู)
B637: นักวิชาการสุขาภิบาลปฏิบัติการ | H637: วิศวกรสุขาภิบาลปฏิบัติการ
B639: (ลงชื่อ) กรรมการและเลขานุการ
B640: (นายสิทธิพล ธรรมสาร)
B641: นายช่างเครื่องกลชำนาญงาน

Sheet 16.ที่ดินและสิ่งก่อสร้าง
A1: ทะเบียนรายงานผลการตรวจนับครุภัณฑ์ ประจำปีงบประมาณ 2567
A2: ส่วนการโยธา สำนักช่าง
A3: 1. ที่ดินและสิ่งก่อสร้าง (ที่ดิน)
A4: ลำดับที่ | B4: รายการ | C4: หมายเลขครุภัณฑ์ | F4: วันเดือนปี | G4: ราคาที่ได้ | H4: สถานที่ใช้งาน | I4: สภาพครุภัณฑ์ | O4: หมายเหตุ
F5: ที่ได้มา | I5: ใช้ได้ | J5: ชำรุด | K5: เสื่อมสภาพ | L5: สูญหาย | M5: เก็บไว้นาน | N5: หมดความจำเป็น
A6: 001 | B6: (ที่ดินสาธารณะ)
A7: 1 | B7: ที่ดิน สาธารณะประโยชน์ การเคหะชุมชนลำปาง | C7: 001 | D7: 62 | E7: 0245 | F7: 12 ก.ย.62 | G7: 5337885 | H7: ส่วนการโยธา | I7: / | R7: /
G8: =SUM(G7:G7) -> 5337885
A9: 3. ที่ดินและสิ่งก่อสร้าง (สิ่งก่อสร้างอื่น)
A10: 005 | B10: (อาคารสำนักงาน)
A11: 1 | B11: อาคารสำนักงานที่พักคนงานสวนสาธาณะเขลางค์นคร | C11: 005 | D11: 40 | E11: 0003 | F11: 14691 | G11: 2000000 | H11: ส่วนการโยธา/สวนสาธารณะเขลางค์นคร | I11: / | O11: สวนฯ เขลางค์ฯ | R11: /
A12: 2 | B12: ปรับปรุงอาคารสำนักงานสวนสาธารณะเขลางค์นครเป็นศูนย์ออกกำลังกาย | C12: 005 | D12: 40 | E12: 0003 | F12: 14691 | G12: 459000 | H12: ส่วนการโยธา/สวนสาธารณะเขลางค์นคร | I12: / | O12: สวนฯ เขลางค์ฯ | R12: /
A13: 3 | B13: อาคารสำนักงานบ่อขยะบ้านกล้วยแพะ | C13: 005 | D13: 49 | E13: 0010 | F13: 237312 | G13: 640000 | H13: ส่วนการโยธา/งานกำจัดขยะมูลฝอยฯ | J13: / | P13: 1 | S13: /
A14: 4 | B14: อาคารศาลา (เดิม) | C14: 005 | D14: 66 | E14: 0011 | F14: 7 ก.ย 66 | G14: 357341.39 | H14: สวนสาธารณะเขื่อนยาง | I14: / | R14: /
A15: 5 | B15: อาคารควบคุม | C15: 005 | D15: 67 | E15: 0012 | G15: 293088 | H15: งานแบบแผนและก่อสร้าง/ฝ่ายช่างสุขาภิบาล/ส่วนการโยธา | I15: / | O15: อจน. | R15: /
A16: 6 | B16: อาคารสำนักงาน | C16: 005 | D16: 67 | E16: 0013 | G16: 2088586 | H16: งานแบบแผนและก่อสร้าง/ฝ่ายช่างสุขาภิบาล/ส่วนการโยธา | I16: / | O16: อจน. | R16: /
G17: =SUM(G11:G16) -> 5838015.4
A18: 021 | B18: (อาคารเครื่องชั่ง)
A19: 1 | B19: อาคารเครื่องชั่งขยะ | C19: 021 | D19: 49 | E19: 0002 | F19: 237312 | G19: 252000 | H19: ส่วนการโยธา/งานกำจัดขยะมูลฝอยฯ | I19: / | O19: บ่อขยะ | R19: /
A20: 2 | B20: อาคารคัดแยกขยะรีไซเคิล | C20: 021 | D20: 49 | E20: 0003 | F20: 237312 | G20: 2100000 | H20: ส่วนการโยธา/งานกำจัดขยะมูลฝอยฯ | I20: / | O20: บ่อขยะ | R20: /
A21: 3 | B21: สายพานลำเลียงคัดแยกขยะ (ติดกับอาคาร) | C21: 021 | D21: 49 | E21: 0004 | F21: 237312 | G21: 1000000 | H21: ส่วนการโยธา/งานกำจัดขยะมูลฝอยฯ | K21: / | O21: บ่อขยะ | Q21: 1 | T21: /
A22: 4 | B22: อาคารโรงเก็บพัสดุขยะมูลฝอย | C22: 021 | D22: 49 | E22: 0005 | F22: 237312 | G22: 720000 | H22: ส่วนการโยธา/งานกำจัดขยะมูลฝอยฯ | I22: / | O22: บ่อขยะ | R22: /
A23: 5 | B23: อาคารปุ๋ยหมัก | C23: 021 | D23: 49 | E23: 0006 | F23: 237312 | G23: 384000 | H23: ส่วนการโยธา/งานกำจัดขยะมูลฝอยฯ | J23: / | O23: บ่อขยะ | P23: 2 | S23: /
A24: 6 | B24: อาคารเตาเผาขยะติดเชื้อพร้อมอุปกรณ์ | C24: 021 | D24: 49 | E24: 0007 | F24: 237312 | G24: 8000000 | H24: ส่วนการโยธา/งานกำจัดขยะมูลฝอยฯ | I24: / | O24: บ่อขยะ | R24: /
G25: =G24+G23+G22+G21+G20+G19 -> 12456000
A27: 090 | B27: (อาคารบ้านพัก)
A28: 1 | B28: อาคารบ้านพักคนงานบ่อขยะ | C28: 090 | D28: 49 | E28: 0030 | F28: 237312 | G28: 250000 | H28: ส่วนการโยธา/งานกำจัดขยะมูลฝอยฯ | J28: / | O28: บ่อขยะ | P28: 3 | S28: /
A29: 2 | B29: บ้านพักเจ้าหน้าที่ (เดิม) | C29: 090 | D29: 66 | E29: 0031 | F29: 7 ก.ย 66 | G29: 314953.8 | H29: สวนสาธารณะเขื่อนยาง | I29: / | R29: /
A30: 3 | B30: อาคารบ้านพัก | C30: 090 | D30: 67 | E30: 0032 | G30: 2202481 | H30: งานแบบแผนและก่อสร้าง/ฝ่ายช่างสุขาภิบาล/ส่วนการโยธา | I30: / | O30: อจน. | R30: /
G31: =SUM(G28:G30) -> 2767434.8
A32: 3. ที่ดินและสิ่งก่อสร้าง (สิ่งก่อสร้างอื่น)
A33: 014 | B33: (ลานกีฬา)
A34: 1 | B34: ลานกีฬาสวนสาธารณะเวียงละกอน | C34: 014 | D34: 62 | E34: 0001 | F34: 5-กย.-62 | G34: 6817490.8 | H34: ส่วนการโยธา/งานสวนสาธารณะ | I34: / | O34: สวนเวียงละกอน ท7 | R34: /
G35: =SUM(G34) -> 6817490.8
A36: 072 | B36: (ที่ดินและสิ่งก่อสร้าง)
A37: 1 | B37: อาคารร้านอาหารและห้องสุขา | C37: 072 | D37: 52 | E37: 0004 | F37: 24 มิ.ย.52 | G37: 1490832 | H37: ส่วนการโยธา/งานสวนสาธารณะ | I37: / | O37: สวนห้าแยกหอนาฬิกา | R37: /
A38: 2 | B38: ซุ้มขายขนม | C38: 072 | D38: 52 | E38: 0005 | F38: 24 มิ.ย.52 | G38: 27200 | H38: ส่วนการโยธา/งานสวนสาธารณะ | I38: / | O38: สวนห้าแยกหอนาฬิกา | R38: /
A39: 3 | B39: ซุ้มไม้เลื้อยระแนง+ร้านกาแฟ | C39: 072 | D39: 55 | E39: 0006 | F39: 23 ก.ค.55 | G39: 261779.54 | H39: ส่วนการโยธา/งานสวนสาธารณะ | I39: / | O39: สวนประตูเวียง | P39: ได้มาพร้อมกับก่อสร้างสวนสาธารณะประตูเวียง | R39: /
A40: 4 | B40: ร้านขายของที่ระลึก | C40: 072 | D40: 55 | E40: 0007 | F40: 29 ต.ค.55 | G40: 147900.96 | H40: ส่วนการโยธา / งานบำรุงรักษาอาคารและสถานที่ | I40: / | O40: ข้างวัดพระแก้ว | P40: อาคารที่ 1 | R40: /
A41: 5 | B41: ร้านบริการน้ำดื่ม-กาแฟ | C41: 072 | D41: 55 | E41: 0008 | F41: 29 ต.ค.55 | G41: 261521.95 | H41: ส่วนการโยธา / งานบำรุงรักษาอาคารและสถานที่ | I41: / | O41: ข้างวัดพระแก้ว | P41: อาคารที่ 3 | R41: /
A42: 6 | B42: ร้านขายของที่ระลึก | C42: 072 | D42: 55 | E42: 0009 | F42: 29 ต.ค.55 | G42: 147900.97 | H42: ส่วนการโยธา / งานบำรุงรักษาอาคารและสถานที่ | I42: / | O42: ข้างวัดพระแก้ว | P42: อาคารที่ 2 | R42: /
A43: 7 | B43: ศาลาพักผ่อน | C43: 072 | D43: 55 | E43: 0010 | F43: 29 ต.ค.55 | G43: 112968.11 | H43: ส่วนการโยธา / งานบำรุงรักษาอาคารและสถานที่ | I43: / | O43: ข้างวัดพระแก้ว | R43: /
G44: =SUM(G37:G43) -> 2450103.5
A45: 187 | B45: (อาคารห้องน้ำ - ส้วม)
A46: 1 | B46: อาคารห้องน้ำ-ส้วม ภายในสวนสาธารณะเขลางค์นคร | C46: 187 | D46: 62 | E46: 0013 | F46: 18 ม.ค.62 | G46: 923076 | H46: ส่วนการโยธา / งานสวนสาธารณะ | I46: / | R46: /
B47: พื้นที่ใช้สอยไม่น้อยกว่า 60 ตารางเมตร(อาคาร ค.ส.ล. ชั้นเดียว)
A48: 2 | B48: ห้องน้ำสาธารณะ (เดิม) | C48: 187 | D48: 66 | E48: 0015 | F48: 7 ก.ย 66 | G48: 339477 | H48: สวนสาธารณะเขื่อนยาง | I48: / | R48: /
A49: 3 | B49: ห้องน้ำสาธารณะ (ใหม่ มี 2 หลัง) | C49: 187 | D49: 66 | E49: 0016 | F49: 7 ก.ย 66 | G49: 1228255.5 | H49: สวนสาธารณะเขื่อนยาง | I49: / | R49: /
G50: =SUM(G46:G49) -> 2490808.5
A51: 183 | B51: (เสาธง)
A52: 1 | B52: เสาธง | C52: 183 | D52: 49 | E52: 0002 | F52: 237312 | G52: 20000 | H52: ส่วนการโยธา/งานกำจัดขยะมูลฝอยฯ | I52: / | O52: บ่อขยะ | R52: /
G53: =SUM(G52:G52) -> 20000
A54: 184 | B54: (ป้อมยาม)
A55: 1 | B55: ป้อมยาม | C55: 184 | D55: 49 | E55: 0005 | F55: 237312 | G55: 30000 | H55: ส่วนการโยธา/งานกำจัดขยะมูลฝอยฯ | I55: / | O55: บ่อขยะ | R55: /
A56: 2 | B56: ป้อมยาม | C56: 184 | D56: 67 | E56: 0006 | F56: 237313 | G56: 195824 | H56: งานแบบแผนและก่อสร้าง/ฝ่ายช่างสุขาภิบาล/ส่วนการโยธา | I56: / | O56: อจน. | R56: /
A57: 3 | B57: ป้อมยาม | C57: 184 | D57: 67 | E57: 0007 | F57: 237314 | G57: 195824 | H57: งานแบบแผนและก่อสร้าง/ฝ่ายช่างสุขาภิบาล/ส่วนการโยธา | I57: / | O57: อจน. | R57: /
G58: =SUM(G55:G57) -> 421648
A59: 191 | B59: (ปรับปรุงสวนสาธารณะ)
A60: 1 | B60: โครงการปรับปรุงสวนสาธารณะสวนเขลางค์นคร | C60: 191 | D60: 66 | E60: 0004 | F60: 20 ธ.ค.65 | G60: 8700000 | H60: ส่วนการโยธา / งานสวนสาธารณะ | I60: / | R60: /
B61: ค่าก่อสร้าง = 7,856,963 บาท / ค่าครุภัณฑ์ = 843,037 บาท
G62: =SUM(G60:G61) -> 8700000
A63: 256 | B63: (บ่อบาดาล)
A64: 1 | B64: บ่อบาดาลระบบน้ำ | C64: 256 | D64: 49 | E64: 0005 | F64: 237312 | G64: 120000 | H64: ส่วนการโยธา/งานกำจัดขยะมูลฝอยฯ | K64: / | O64: บ่อขยะ | Q64: 2 | T64: /
G65: =SUM(G64:G64) -> 120000
A66: 273 | B66: (ป้าย)
A67: 1 | B67: ป้ายโครงการ จำนวน 1 แห่ง | C67: 273 | D67: 49 | E67: 0039 | F67: 237312 | G67: 30000 | H67: ส่วนการโยธา/งานกำจัดขยะมูลฝอยฯ | I67: / | O67: บ่อขยะ | R67: /
G68: =SUM(G67:G67) -> 30000
A70: 281 | B70: (บ่อฝังกลบ)
A71: 1 | B71: บ่อฝังกลบ - รั้ว จำนวน 1 แห่ง | C71: 281 | D71: 49 | E71: 0003 | F71: 237312 | G71: 454000 | H71: ส่วนการโยธา/งานกำจัดขยะมูลฝอยฯ | I71: / | O71: บ่อขยะ | R71: /
A72: 2 | B72: ก่อสร้างบ่อฝังกลบมูลฝอย | C72: 281 | D72: 63 | E72: 0004 | F72: 23295 | G72: 2880000 | H72: ส่วนการโยธา/งานกำจัดขยะมูลฝอยฯ | I72: / | O72: บ่อขยะ | R72: /
A73: 3 | B73: โครงการก่อสร้างบ่อฝังกลบมูลฝอย | C73: 281 | D73: 64 | E73: 0005 | F73: 23964 | G73: 3250000 | H73: ส่วนการโยธา/งานกำจัดขยะมูลฝอยฯ | I73: / | O73: บ่อขยะ | R73: /
G74: =SUM(G71:G73) -> 6584000
A75: 283 | B75: (ลานจอดรถ)
A76: 1 | B76: ลานจอดรถ | C76: 283 | D76: 67 | E76: 0002 | G76: 61200 | H76: งานแบบแผนและก่อสร้าง/ฝ่ายช่างสุขาภิบาล/ส่วนการโยธา | I76: / | O76: อจน. | R76: /
G77: =SUM(G71:G73) -> 6584000
G78: =G77+G68+G65+G50+G58+G53+G35+G74+G62+G44+G31+G25+G17+G8 -> 60617386
A80: 110 | B80: (ระบบไฟฟ้า)
A81: 1 | B81: ระบบไฟฟ้า | C81: 110 | D81: 49 | E81: 0001 | F81: 237312 | G81: 2500000 | H81: ส่วนการโยธา/งานกำจัดขยะมูลฝอยฯ | I81: / | O81: บ่อขยะ | R81: /
G82: =SUM(G81:G81) -> 2500000
A83: 147 | B83: (ปรับปรุงอาคาร)
A84: แก้ไขเพิ่มเติมตามบันทึกจากกองคลังที่ ลป 52003/007 ลงวันที่ 11 มกราคม 2564 เรื่องขอปรับปรุงรายละเอียดการรับเพิ่มทรัพย์สินของเทศบาลนครลำปาง ในปีงบประมาณ 2563
A85: 1 | B85: ค่าปรับปรุงศาลาริมน้ำ สวนสาธารณะเขลางค์นคร | G85: 848408 | H85: ส่วนการโยธา/งานสวนสาธารณะ | I85: / | R85: /
A86: 2 | B86: ค่าปรับปรุงตกแต่งภูมิทัศน์ บริเวณศาลหลักเมือง | G86: 2174850 | H86: ส่วนการโยธา/งานสวนสาธารณะ | I86: / | R86: /
G87: =SUM(G85:G86) -> 3023258
G88: =G87+G82 -> 5523258 | R88: =COUNTA(R6:R87) -> 36 | S88: =COUNTA(S6:S87) -> 3 | T88: =COUNTA(T6:T87) -> 2 | U88: =COUNTA(U6:U87) -> 0 | V88: =COUNTA(V6:V87) -> 0 | W88: =COUNTA(W6:W87) -> 0
B90: (ลงชื่อ) ประธานกรรมการ | G90: (ลงชื่อ) | J90: กรรมการ
B91: (นางสาวสุทธินี พูลสวัสดิ์) | H91: (นายอนุพงษ์ คำฟู)
B92: นักวิชาการสุขาภิบาลปฏิบัติการ | H92: วิศวกรสุขาภิบาลปฏิบัติการ
B94: (ลงชื่อ) กรรมการและเลขานุการ
B95: (นายสิทธิพล ธรรมสาร)
B96: นายช่างเครื่องกลชำนาญงาน

Sheet ชำรุด_จำหน่าย 67
A1: ทะเบียนรายงานผลการตรวจนับครุภัณฑ์ ประจำปีงบประมาณ 2567
A2: ส่วนการโยธา สำนักช่าง
A3: 1.ครุภัณฑ์สำนักงาน
A4: ลำดับที่ | B4: รายการ | C4: หมายเลขครุภัณฑ์ | F4: วันเดือนปี | G4: ราคาที่ได้ | H4: สถานที่ใช้งาน | I4: สภาพครุภัณฑ์ | O4: หมายเหตุ
F5: ที่ได้มา | I5: ใช้ได้ | J5: ชำรุด | K5: เสื่อมสภาพ | L5: สูญหาย | M5: เก็บไว้นาน | N5: หมดความจำเป็น
A6: 401 | B6: (เก้าอี้)
A7: 1 | B7: เก้าอี้สนามโครงเหล็ก | C7: 401 | D7: 43 | E7: 3921 | F7: 15925 | G7: 5460 | H7: ส่วนการโยธา / งานสวนสาธารณะ/เรือนเพาะชำ | J7: / | O7: ขอจำหน่าย
A8: 2 | B8: เก้าอี้สนามโครงเหล็ก | C8: 401 | D8: 43 | E8: 3922 | F8: 15925 | G8: 5460 | H8: ส่วนการโยธา / งานสวนสาธารณะ/เรือนเพาะชำ | J8: / | O8: ขอจำหน่าย
A9: 3 | B9: เก้าอี้สนามโครงเหล็ก | C9: 401 | D9: 43 | E9: 3923 | F9: 15925 | G9: 5460 | H9: ส่วนการโยธา / งานสวนสาธารณะ/เรือนเพาะชำ | J9: / | O9: ขอจำหน่าย
A10: 4 | B10: เก้าอี้จัดเลี้ยง ขาชุบโครเมี่ยม สีกรม | C10: 401 | D10: 63 | E10: 9375 | F10: 22968 | G10: 327.1 | H10: ส่วนการโยธา / งานสวนสาธารณะ /สวนเขลางค์ | J10: / | O10: ขอจำหน่าย
A11: 5 | B11: เก้าอี้จัดเลี้ยง ขาชุบโครเมี่ยม สีกรม | C11: 401 | D11: 63 | E11: 9376 | F11: 22968 | G11: 327.1 | H11: ส่วนการโยธา / งานสวนสาธารณะ /สวนเขลางค์ | J11: / | O11: ขอจำหน่าย
A12: 6 | B12: เก้าอี้จัดเลี้ยง ขาชุบโครเมี่ยม สีกรม | C12: 401 | D12: 63 | E12: 9377 | F12: 22968 | G12: 327.1 | H12: ส่วนการโยธา / งานสวนสาธารณะ /สวนเขลางค์ | J12: / | O12: ขอจำหน่าย
A13: 7 | B13: เก้าอี้จัดเลี้ยง ขาชุบโครเมี่ยม สีกรม | C13: 401 | D13: 63 | E13: 9382 | F13: 22968 | G13: 327.1 | H13: ส่วนการโยธา / งานสวนสาธารณะ /สวนเขลางค์ | J13: / | O13: ขอจำหน่าย
A14: 8 | B14: เก้าอี้จัดเลี้ยง ขาชุบโครเมี่ยม สีกรม | C14: 401 | D14: 63 | E14: 9387 | F14: 22968 | G14: 327.1 | H14: ส่วนการโยธา / งานสวนสาธารณะ /สวนเขลางค์ | J14: / | O14: ขอจำหน่าย
A15: 9 | B15: เก้าอี้จัดเลี้ยง ขาชุบโครเมี่ยม สีกรม | C15: 401 | D15: 63 | E15: 9389 | F15: 22968 | G15: 327.1 | H15: ส่วนการโยธา / งานสวนสาธารณะ /สวนเขลางค์ | J15: / | O15: ขอจำหน่าย
A16: 10 | B16: เก้าอี้จัดเลี้ยง ขาชุบโครเมี่ยม สีกรม | C16: 401 | D16: 63 | E16: 9391 | F16: 22968 | G16: 327.1 | H16: ส่วนการโยธา / งานสวนสาธารณะ /สวนเขลางค์ | J16: / | O16: ขอจำหน่าย
A17: 11 | B17: เก้าอี้จัดเลี้ยง ขาชุบโครเมี่ยม สีกรม | C17: 401 | D17: 63 | E17: 9392 | F17: 22968 | G17: 327.1 | H17: ส่วนการโยธา / งานสวนสาธารณะ /สวนเขลางค์ | J17: / | O17: ขอจำหน่าย
A18: 12 | B18: เก้าอี้จัดเลี้ยง ขาชุบโครเมี่ยม สีกรม | C18: 401 | D18: 63 | E18: 9393 | F18: 22968 | G18: 327.1 | H18: ส่วนการโยธา / งานสวนสาธารณะ /สวนเขลางค์ | J18: / | O18: ขอจำหน่าย
... A25: 19 | B25: เก้าอี้จัดเลี้ยง ขาชุบโครเมี่ยม สีกรม | C25: 401 | D25: 63 | E25: 9428 | F25: 22968 | G25: 327.1 | H25: ส่วนการโยธา / งานสวนสาธารณะ /สวนเขลางค์ | J25: / | O25: ขอจำหน่าย
G26: =SUM(G7:G25) -> 21613.6
A27: ลำดับที่ | B27: รายการ | C27: หมายเลขครุภัณฑ์ | F27: วันเดือนปี | G27: ราคาที่ได้ | H27: สถานที่ใช้งาน | I27: สภาพครุภัณฑ์ | O27: หมายเหตุ
F28: ที่ได้มา | I28: ใช้ได้ | J28: ชำรุด | K28: เสื่อมสภาพ | L28: สูญหาย | M28: เก็บไว้นาน | N28: หมดความจำเป็น
A29: 402 | B29: ( ม้านั่ง) (ชุดโต๊ะสนาม)
A30: 1 | B30: ม้านั่งสนาม 61x120x77.5 ซม. | C30: 402 | D30: 51 | E30: 0773 | F30: 4 ธ.ค. 51 | G30: 6280 | H30: ส่วนการโยธา / งานสวนสาธารณะ /สวนเขลางค์ | J30: / | O30: ขอจำหน่าย
A31: 2 | B31: ม้านั่งสนาม 61x120x77.5 ซม. | C31: 402 | D31: 51 | E31: 0774 | F31: 4 ธ.ค. 51 | G31: 6280 | H31: ส่วนการโยธา / งานสวนสาธารณะ /สวนเขลางค์ | J31: / | O31: ขอจำหน่าย | Q31: /
A32: 3 | B32: ม้านั่งสำเร็จรูปขนาด 1.20x0.60x1.80 ม.ที่นั่งทำด้วยไม้ ขาเหล็กหล่อมีตราเทศบาล | C32: 402 | D32: 58 | E32: 0863 | F32: 21 ม.ค. 58 | G32: 10000 | H32: ส่วนการโยธา/ฝ่ายสวนสาธารณะ/โรงพัสดุ | J32: / | O32: ขอจำหน่าย
G33: =SUM(G30:G32) -> 22560
A34: 001 | B34: (รถตู้)
A35: 1 | B35: รถตู้ ยี่ห้อ มิตซูบิชิ รุ่น แอล300 (นก.587) | C35: 001-28-0003 | F35: 2 เม.ย.28 | G35: 306000 | H35: Carpool 1 | J35: / | O35: ขอจำหน่าย
G36: =SUM(G35) -> 306000
A37: 024 | B37: (รถจักรยานยนต์)
A38: 1 | B38: รถจักรยานยนต์ ยี่ห้อซูซูกิ รุ่น RC100 J สีแดงเข้ม (เลขทะเบียนเดิม ต - 6343 เปลี่ยนเป็น ขจง 539) | C38: 024-32-0041 | F38: 5 ม.ค.32 | G38: 28900 | H38: ส่วนโยธา/งานธุรการ | J38: / | O38: ขอจำหน่าย
A39: 2 | B39: รถจักรยานยนต์ ยี่ห้อ ซูซูกิ (ป 7115) | C39: 024-35-0052 | F39: 3 มี.ค.35 | G39: 27800 | H39: Carpool 2 | J39: / | O39: ขอจำหน่าย
A40: 3 | B40: รถจักรยานยนต์ ยี่ห้อ ยามาฮ่า รุ่น เมท (ขจง-542) สีแดง | C40: 024-39-0064 | F40: 14596 | G40: 38000 | H40: Carpool 2 | J40: / | O40: ขอจำหน่าย
A41: 4 | B41: รถจักรยานยนต์ ยี่ห้อ คาวาซากิ (กษษ-145) สีแดง | C41: 024-44-0071 | F41: 16164 | G41: 39000 | H41: Carpool 2 | J41: / | O41: ขอจำหน่าย
A42: 5 | B42: รถจักรยานยนต์ ยี่ห้อ ซูซูกิ (ขกข-249) สีดำ | C42: 024-44-0073 | F42: 235340 | G42: 38300 | H42: Carpool 2 | J42: / | O42: ขอจำหน่าย
A43: 6 | B43: รถจักรยานยนต์ ยี่ห้อ คาวาซากิ (ขขก-778) สีเทา | C43: 024-45-0077 | F43: 16664 | G43: 38500 | H43: Carpool 1 | J43: / | O43: ขอจำหน่าย
A44: 7 | B44: รถจักรยานยนต์ ยี่ห้อ ซูซูกิ (ขทธ 250) สีแดง | C44: 024-49-0099 | F44: 28 ธ.ค.49 | G44: 29600 | H44: Carpool 2 | J44: / | O44: ขอจำหน่าย
A45: 8 | B45: รถจักรยานยนต์ ยี่ห้อ แพทตินั่ม (ขนพ 892) สีน้ำเงิน | C45: 024-52-0100 | F45: 9 เม.ย.52 | G45: 25730 | H45: Carpool 2 | J45: / | O45: ขอจำหน่าย
A46: 9 | B46: รถจักรยานยนต์ ยี่ห้อ แพทตินั่ม (ขนพ 895) สีน้ำเงิน | C46: 024-52-0101 | F46: 9 เม.ย.52 | G46: 25730 | H46: Carpool 2 | J46: / | O46: ขอจำหน่าย
A47: 10 | B47: รถจักรยานยนต์ ยี่ห้อ แพทตินั่ม (ชนพ 893) สีน้ำเงิน | C47: 024-52-0102 | F47: 9 เม.ย.52 | G47: 25730 | H47: Carpool 2 | J47: / | O47: ขอจำหน่าย
A48: 11 | B48: รถจักรยานยนต์ ยี่ห้อ แพทตินั่ม (ขนพ 894) สีน้ำเงิน | C48: 024-52-0103 | F48: 9 เม.ย.52 | G48: 25730 | H48: Carpool 2 | J48: / | O48: ขอจำหน่าย
G49: =SUM(G38:G48) -> 343020
A50: 6. ครุภัณฑ์โฆษณาและเผยแพร่
A51: ลำดับที่ | B51: รายการ | C51: หมายเลขครุภัณฑ์ | F51: วันเดือนปี | G51: ราคาที่ได้ | H51: สถานที่ใช้งาน | I51: สภาพครุภัณฑ์ | O51: หมายเหตุ
F52: ที่ได้มา | I52: ใช้ได้ | J52: ชำรุด | K52: เสื่อมสภาพ | L52: สูญหาย | M52: เก็บไว้นาน | N52: หมดความจำเป็น
A53: 456 | B53: (เครื่องรับโทรทัศน์)
A54: 1 | B54: โทรทัศน์สีขนาด 25 นิ้ว | C54: 456 | D54: 47 | E54: 0057 | F54: 16 มี.ค.47 | G54: 15000 | H54: ส่วนการโยธา / งานกำจัดขยะมูลฝอย | J54: / | O54: ขอจำหน่าย
G55: =SUM(G54) -> 15000
A56: 8.ครุภัณฑ์งานบ้านงานครัว
A57: ลำดับที่ | B57: รายการ | C57: หมายเลขครุภัณฑ์ | F57: วันเดือนปี | G57: ราคาที่ได้ | H57: สถานที่ใช้งาน | I57: สภาพครุภัณฑ์ | O57: หมายเหตุ
F58: ที่ได้มา | I58: ใช้ได้ | J58: ชำรุด | K58: เสื่อมสภาพ | L58: สูญหาย | M58: เก็บไว้นาน | N58: หมดความจำเป็น
A59: 441 | B59: (เครื่องตัดหญ้า)
A60: 1 | B60: เครื่องตัดหญ้าข้อแข็ง | C60: 441 | D60: 48 | E60: 0096 | F60: 29 ส.ค. 48 | G60: 9000 | H60: ส่วนการโยธา / งานกำจัดขยะมูลฝอย | J60: / | O60: ขอจำหน่าย
A61: 2 | B61: เครื่องตัดหญ้าแบบล้อจักรยาน | C61: 441 | D61: 48 | E61: 0098 | F61: 29 ส.ค. 48 | G61: 9700 | H61: ส่วนการโยธา / งานกำจัดขยะมูลฝอย | J61: / | O61: ขอจำหน่าย
G62: =SUM(G60:G61) -> 18700
A63: 9.ครุภัณฑ์โรงงาน
A64: ลำดับที่ | B64: รายการ | C64: หมายเลขครุภัณฑ์ | F64: วันเดือนปี | G64: ราคาที่ได้ | H64: สถานที่ใช้งาน | I64: สภาพครุภัณฑ์ | O64: หมายเหตุ
F65: ที่ได้มา | I65: ใช้ได้ | J65: ชำรุด | K65: เสื่อมสภาพ | L65: สูญหาย | M65: เก็บไว้นาน | N65: หมดความจำเป็น
A66: 116 | B66: (เครื่องฉีดน้ำ)
A67: 1 | B67: เครื่องฉีดน้ำแรงสูง | C67: 116 | D67: 49 | E67: 0002 | F67: 25 ก.ย.49 | G67: 120000 | H67: ส่วนการโยธา / งานกำจัดมูลฝอยฯ | J67: / | O67: ขอจำหน่าย
A68: 2 | B68: อุปกรณ์เครื่องมือซ่อมบำรุง | C68: 116 | D68: 49 | E68: 0003 | F68: 25 ก.ย.49 | G68: 150000 | H68: ส่วนการโยธา / งานกำจัดมูลฝอยฯ | J68: / | O68: ขอจำหน่าย
G69: =SUM(G67:G68) -> 270000
A70: 12.ครุภัณฑ์คอมพิวเตอร์
A71: ลำดับที่ | B71: รายการ | C71: หมายเลขครุภัณฑ์ | F71: วันเดือนปี | G71: ราคาที่ได้ | H71: สถานที่ใช้งาน | I71: สภาพครุภัณฑ์ | O71: หมายเหตุ
F72: ที่ได้มา | I72: ใช้ได้ | J72: ชำรุด | K72: เสื่อมสภาพ | L72: สูญหาย | M72: เก็บไว้นาน | N72: หมดความจำเป็น
A73: 1 | B73: เครื่องสำรองไฟ SYNDOME (ลูกข่าย) | C73: 416-51-0426 | F73: 29 พ.ค.51 | G73: 7000 | H73: ส่วนโยธา/งานธุรการ | J73: / | O73: ขอจำหน่าย
A74: 2 | B74: เครื่องสำรองไฟ ขนาด 800 VA 480 วัตต์ | C74: 416-59-0918 | F74: 21689 | G74: 3100 | H74: ส่วนการโยธา | J74: / | O74: ขอจำหน่าย
G75: =SUM(G73:G74) -> 10100
B79: (ลงชื่อ) ประธานกรรมการ | G79: (ลงชื่อ) | J79: กรรมการ
B80: (นางสาวสุทธินี พูลสวัสดิ์) | H80: (นายอนุพงษ์ คำฟู)
B81: นักวิชาการสุขาภิบาลปฏิบัติการ | H81: วิศวกรสุขาภิบาลปฏิบัติการ
B83: (ลงชื่อ) กรรมการและเลขานุการ
B84: (นายสิทธิพล ธรรมสาร)
B85: นายช่างเครื่องกลชำนาญงาน

Sheet เสื่อมสภาพ_จำหน่าย 67
A1: ทะเบียนรายงานผลการตรวจนับครุภัณฑ์ ประจำปีงบประมาณ 2567
A2: ส่วนการโยธา สำนักช่าง
A3: 1.ครุภัณฑ์สำนักงาน
A4: ลำดับที่ | B4: รายการ | C4: หมายเลขครุภัณฑ์ | F4: วันเดือนปี | G4: ราคาที่ได้ | H4: สถานที่ใช้งาน | I4: สภาพครุภัณฑ์ | O4: หมายเหตุ
F5: ที่ได้มา | I5: ใช้ได้ | J5: ชำรุด | K5: เสื่อมสภาพ | L5: สูญหาย | M5: เก็บไว้นาน | N5: หมดความจำเป็น
A6: 400 | B6: (โต๊ะ)
A7: 1 | B7: โต๊ะ | C7: 400 | D7: 26 | E7: 0713 | F7: 46132 | G7: 4500 | H7: ส่วนการโยธา/งานธุรการ | K7: / | O7: ขอจำหน่าย
A8: 2 | B8: โต๊ะทำงานไม้อัดสัก | C8: 400 | D8: 32 | E8: 1877 | F8: 11984 | G8: 800 | H8: ส่วนการโยธา/งานธุรการ (ช่างสุขาฯ เดิม) | K8: / | O8: ขอจำหน่าย
A9: 3 | B9: โต๊ะทำงานเหล็ก | C9: 400 | D9: 43 | E9: 3752 | F9: 15751 | G9: 4400 | H9: ส่วนการโยธา/งานธุรการ/(ช่างสุขาฯ เดิม) | K9: / | O9: ขอจำหน่าย
A10: 4 | B10: โต๊ะทำงานเหล็ก | C10: 400 | D10: 43 | E10: 3753 | F10: 15751 | G10: 4400 | H10: ส่วนการโยธา/งานธุรการ/(ช่างสุขาฯ เดิม)/รอง | K10: / | O10: ขอจำหน่าย
A11: 5 | B11: โต๊ะทำงานไม้สัก | C11: 400 | D11: 43 | E11: 3756 | F11: 15751 | G11: 2600 | H11: ส่วนการโยธา/งานธุรการ/(ช่างสุขาฯ เดิม)ช่างเสวก | K11: / | O11: ขอจำหน่าย
A12: 6 | B12: โต๊ะคอมพิวเตอร์ | C12: 400 | D12: 44 | E12: 3972 | F12: 16206 | G12: 3200 | H12: ส่วนการโยธา / งานวิเคราะห์คุณภาพน้ำ | K12: / | O12: ขอจำหน่าย
A13: 7 | B13: โต๊ะเหล็ก | C13: 400 | D13: 44 | E13: 3982 | F13: 16314 | G13: 4345 | H13: ส่วนการโยธา/งานธุรการ (ช่างสุขาฯ เดิม) | K13: / | O13: ขอจำหน่าย
A14: 8 | B14: โต๊ะเหล็ก | C14: 400 | D14: 44 | E14: 3983 | F14: 16314 | G14: 4345 | H14: ส่วนการโยธา/งานธุรการ (ช่างสุขาฯ เดิม) | K14: / | O14: ขอจำหน่าย
A15: 9 | B15: โต๊ะคอมพิวเตอร์ | C15: 400 | D15: 44 | E15: 3985 | F15: 16314 | G15: 2500 | H15: งานธุรการ (ช่างสุขาฯ เดิม) | K15: / | O15: ขอจำหน่าย
A16: 10 | B16: โต๊ะพับเหล็ก | C16: 400 | D16: 59 | E16: 6027 | F16: 21662 | G16: 650 | H16: ส่วนการโยธา / งานบำรุงรักษาอาคารและสถานที่ | K16: / | O16: ขอจำหน่าย
A17: 11 | B17: โต๊ะพับเหล็ก | C17: 400 | D17: 59 | E17: 6028 | F17: 21662 | G17: 650 | H17: ส่วนการโยธา / งานบำรุงรักษาอาคารและสถานที่ | K17: / | O17: ขอจำหน่าย
A18: 12 | B18: โต๊ะพับเหล็ก | C18: 400 | D18: 59 | E18: 6029 | F18: 21662 | G18: 650 | H18: ส่วนการโยธา / งานบำรุงรักษาอาคารและสถานที่ | K18: / | O18: ขอจำหน่าย
A19: 13 | B19: โต๊ะพับเหล็ก | C19: 400 | D19: 59 | E19: 6030 | F19: 21662 | G19: 650 | H19: ส่วนการโยธา / งานบำรุงรักษาอาคารและสถานที่ | K19: / | O19: ขอจำหน่าย
... A181: 175 | B181: โต๊ะพับเหล็ก | C181: 400 | D181: 59 | E181: 6192 | F181: 21662 | G181: 650 | H181: ส่วนการโยธา / งานบำรุงรักษาอาคารและสถานที่ | K181: / | O181: ขอจำหน่าย
A182: 176 | B182: โต๊ะพับเหล็ก | C182: 400 | D182: 59 | E182: 6193 | F182: 21662 | G182: 650 | H182: ส่วนการโยธา / งานบำรุงรักษาอาคารและสถานที่ | K182: / | O182: ขอจำหน่าย | P182: รับ ยธ ที่ 316/66 ลว.27 เม.ย.66
A183: 177 | B183: โต๊ะพับเหล็ก | C183: 400 | D183: 59 | E183: 6194 | F183: 21662 | G183: 650 | H183: ส่วนการโยธา / งานบำรุงรักษาอาคารและสถานที่ | K183: / | O183: ขอจำหน่าย
A184: 178 | B184: โต๊ะพับเหล็ก | C184: 400 | D184: 59 | E184: 6195 | F184: 21662 | G184: 650 | H184: ส่วนการโยธา / งานบำรุงรักษาอาคารและสถานที่ | K184: / | O184: ขอจำหน่าย
A185: 179 | B185: โต๊ะพับเหล็ก | C185: 400 | D185: 59 | E185: 6196 | F185: 21662 | G185: 650 | H185: ส่วนการโยธา / งานบำรุงรักษาอาคารและสถานที่ | K185: / | O185: ขอจำหน่าย
A186: 180 | B186: โต๊ะพับเหล็ก | C186: 400 | D186: 59 | E186: 6197 | F186: 21662 | G186: 650 | H186: ส่วนการโยธา / งานบำรุงรักษาอาคารและสถานที่ | K186: / | O186: ขอจำหน่าย
A187: 181 | B187: โต๊ะพับเหล็ก | C187: 400 | D187: 59 | E187: 6198 | F187: 21662 | G187: 650 | H187: ส่วนการโยธา / งานบำรุงรักษาอาคารและสถานที่ | K187: / | O187: ขอจำหน่าย
A188: 182 | B188: โต๊ะพับเหล็ก | C188: 400 | D188: 59 | E188: 6199 | F188: 21662 | G188: 650 | H188: ส่วนการโยธา / งานบำรุงรักษาอาคารและสถานที่ | K188: / | O188: ขอจำหน่าย
A189: 183 | B189: โต๊ะพับเหล็ก | C189: 400 | D189: 59 | E189: 6200 | F189: 21662 | G189: 650 | H189: ส่วนการโยธา / งานบำรุงรักษาอาคารและสถานที่ | K189: / | O189: ขอจำหน่าย
A190: 184 | B190: โต๊ะพับเหล็ก | C190: 400 | D190: 59 | E190: 6201 | F190: 21662 | G190: 650 | H190: ส่วนการโยธา / งานบำรุงรักษาอาคารและสถานที่ | K190: / | O190: ขอจำหน่าย
A191: 185 | B191: โต๊ะพับเหล็ก | C191: 400 | D191: 59 | E191: 6202 | F191: 21662 | G191: 650 | H191: ส่วนการโยธา / งานบำรุงรักษาอาคารและสถานที่ | K191: / | O191: ขอจำหน่าย
A192: 186 | B192: โต๊ะพับเหล็ก | C192: 400 | D192: 59 | E192: 6203 | F192: 21662 | G192: 650 | H192: ส่วนการโยธา / งานบำรุงรักษาอาคารและสถานที่ | K192: / | O192: ขอจำหน่าย
A193: 187 | B193: โต๊ะพับเหล็ก | C193: 400 | D193: 59 | E193: 6204 | F193: 21662 | G193: 650 | H193: ส่วนการโยธา / งานบำรุงรักษาอาคารและสถานที่ | K193: / | O193: ขอจำหน่าย
A194: 188 | B194: โต๊ะพับเหล็ก | C194: 400 | D194: 59 | E194: 6205 | F194: 21662 | G194: 650 | H194: ส่วนการโยธา / งานบำรุงรักษาอาคารและสถานที่ | K194: / | O194: ขอจำหน่าย
... A215: 209 | B215: โต๊ะพับเหล็ก | C215: 400 | D215: 59 | E215: 6226 | F215: 21662 | G215: 650 | H215: ส่วนการโยธา / งานบำรุงรักษาอาคารและสถานที่ | K215: / | O215: ขอจำหน่าย
G216: =SUM(G7:G215) -> 161090
A219: 401 | B219: (เก้าอี้)
A220: ลำดับที่ | B220: รายการ | C220: หมายเลขครุภัณฑ์ | F220: วันเดือนปี | G220: ราคาที่ได้ | H220: สถานที่ใช้งาน | I220: สภาพครุภัณฑ์ | O220: หมายเหตุ
F221: ที่ได้มา | I221: ใช้ได้ | J221: ชำรุด | K221: เสื่อมสภาพ | L221: สูญหาย | M221: เก็บไว้นาน | N221: หมดความจำเป็น
A222: 1 | B222: เก้าอี้เอนกประสงค์ | C222: 401 | D222: 59 | E222: 8171 | F222: 240764 | G222: 350 | H222: ส่วนการโยธา / งานบำรุงรักษาอาคารและสถานที่ | K222: / | O222: ขอจำหน่าย
A223: 2 | B223: เก้าอี้เอนกประสงค์ | C223: 401 | D223: 59 | E223: 8172 | F223: 240764 | G223: 350 | H223: ส่วนการโยธา / งานบำรุงรักษาอาคารและสถานที่ | K223: / | O223: ขอจำหน่าย
A224: 3 | B224: เก้าอี้เอนกประสงค์ | C224: 401 | D224: 59 | E224: 8173 | F224: 240764 | G224: 350 | H224: ส่วนการโยธา / งานบำรุงรักษาอาคารและสถานที่ | K224: / | O224: ขอจำหน่าย
A225: 4 | B225: เก้าอี้เอนกประสงค์ | C225: 401 | D225: 59 | E225: 8174 | F225: 240764 | G225: 350 | H225: ส่วนการโยธา / งานบำรุงรักษาอาคารและสถานที่ | K225: / | O225: ขอจำหน่าย
A226: 5 | B226: เก้าอี้เอนกประสงค์ | C226: 401 | D226: 59 | E226: 8175 | F226: 240764 | G226: 350 | H226: ส่วนการโยธา / งานบำรุงรักษาอาคารและสถานที่ | K226: / | O226: ขอจำหน่าย
A227: 6 | B227: เก้าอี้เอนกประสงค์ | C227: 401 | D227: 59 | E227: 8176 | F227: 240764 | G227: 350 | H227: ส่วนการโยธา / งานบำรุงรักษาอาคารและสถานที่ | K227: / | O227: ขอจำหน่าย
A228: 7 | B228: เก้าอี้เอนกประสงค์ | C228: 401 | D228: 59 | E228: 8177 | F228: 240764 | G228: 350 | H228: ส่วนการโยธา / งานบำรุงรักษาอาคารและสถานที่ | K228: / | O228: ขอจำหน่าย
A229: 8 | B229: เก้าอี้เอนกประสงค์ | C229: 401 | D229: 59 | E229: 8178 | F229: 240764 | G229: 350 | H229: ส่วนการโยธา / งานบำรุงรักษาอาคารและสถานที่ | K229: / | O229: ขอจำหน่าย
A230: 9 | B230: เก้าอี้เอนกประสงค์ | C230: 401 | D230: 59 | E230: 8179 | F230: 240764 | G230: 350 | H230: ส่วนการโยธา / งานบำรุงรักษาอาคารและสถานที่ | K230: / | O230: ขอจำหน่าย
A231: 10 | B231: เก้าอี้เอนกประสงค์ | C231: 401 | D231: 59 | E231: 8180 | F231: 240764 | G231: 350 | H231: ส่วนการโยธา / งานบำรุงรักษาอาคารและสถานที่ | K231: / | O231: ขอจำหน่าย
A232: 11 | B232: เก้าอี้เอนกประสงค์ | C232: 401 | D232: 59 | E232: 8181 | F232: 240764 | G232: 350 | H232: ส่วนการโยธา / งานบำรุงรักษาอาคารและสถานที่ | K232: / | O232: ขอจำหน่าย
A233: 12 | B233: เก้าอี้เอนกประสงค์ | C233: 401 | D233: 59 | E233: 8182 | F233: 240764 | G233: 350 | H233: ส่วนการโยธา / งานบำรุงรักษาอาคารและสถานที่ | K233: / | O233: ขอจำหน่าย
... A751: 530 | B751: เก้าอี้พลาสติก | C751: 401 | D751: 59 | E751: 8706 | F751: 21645 | G751: 229 | H751: ส่วนการโยธา / งานบำรุงรักษาอาคารและสถานที่ | K751: / | O751: ขอจำหน่าย
G752: =SUM(G222:G751) -> 127420
A753: 405 | B753: (โพเดียม, แท่นกล่าวรายงาน)
A754: ลำดับที่ | B754: รายการ | C754: หมายเลขครุภัณฑ์ | F754: วันเดือนปี | G754: ราคาที่ได้ | H754: สถานที่ใช้งาน | I754: สภาพครุภัณฑ์ | O754: หมายเหตุ
F755: ที่ได้มา | I755: ใช้ได้ | J755: ชำรุด | K755: เสื่อมสภาพ | L755: สูญหาย | M755: เก็บไว้นาน | N755: หมดความจำเป็น
A756: 1 | B756: โพเดียม | C756: 405 | D756: 51 | E756: 0030 | F756: 2 ม.ค. 51 | G756: 10000 | H756: ส่วนการโยธา / งานบำรุงรักษาอาคารและสถานที่ | K756: / | O756: ขอจำหน่าย
A757: 2 | B757: โพเดียม | C757: 405 | D757: 51 | E757: 0031 | F757: 2 ม.ค. 51 | G757: 10000 | H757: ส่วนการโยธา / งานบำรุงรักษาอาคารและสถานที่ | K757: / | O757: ขอจำหน่าย
A758: 3 | B758: แท่นกล่าวรายงาน | C758: 405 | D758: 58 | E758: 0032 | F758: 25 พ.ค. 58 | G758: 31886 | H758: ส่วนการโยธา / งานบำรุงรักษาอาคารและสถานที่ | K758: / | O758: ขอจำหน่าย
A759: 4 | B759: แท่นกล่าวรายงาน | C759: 405 | D759: 58 | E759: 0033 | F759: 25 พ.ค. 58 | G759: 31886 | H759: ส่วนการโยธา / งานบำรุงรักษาอาคารและสถานที่ | K759: / | O759: ขอจำหน่าย
G760: =SUM(G756:G759) -> 83772
A762: 437 | B762: (ถังน้ำ)
A763: ลำดับที่ | B763: รายการ | C763: หมายเลขครุภัณฑ์ | F763: วันเดือนปี | G763: ราคาที่ได้ | H763: สถานที่ใช้งาน | I763: สภาพครุภัณฑ์ | O763: หมายเหตุ
F764: ที่ได้มา | I764: ใช้ได้ | J764: ชำรุด | K764: เสื่อมสภาพ | L764: สูญหาย | M764: เก็บไว้นาน | N764: หมดความจำเป็น
A765: 1 | B765: ถังน้ำไฟเบอร์กลาส 2,000 ลิตร | C765: 437 | D765: 48 | E765: 0019 | F765: 29 ส.ค.48 | G765: 7500 | H765: ส่วนการโยธา / งานกำจัดขยะมูลฝอย | K765: / | O765: ขอจำหน่าย
A766: 2 | B766: ถังน้ำไฟเบอร์กลาส 2,000 ลิตร | C766: 437 | D766: 48 | E766: 0020 | F766: 29 ส.ค.48 | G766: 7500 | H766: ส่วนการโยธา / งานกำจัดขยะมูลฝอย | K766: / | O766: ขอจำหน่าย
A767: 3 | B767: ถังเก็บน้ำพลาสติก ขนาด 1,000 ลิตร (โพลีเอทิลีน) | C767: 437 | D767: 52 | E767: 0024 | F767: 25 ก.พ.52 | G767: 5000 | H767: ส่วนการโยธา / งานกำจัดมูลฝอยฯ /บ่อหมัก | K767: / | O767: ขอจำหน่าย
A768: 4 | B768: ถังเก็บน้ำพลาสติก ขนาด 1,000 ลิตร (โพลีเอทิลีน) | C768: 437 | D768: 52 | E768: 0025 | F768: 25 ก.พ.52 | G768: 5000 | H768: ส่วนการโยธา / งานกำจัดมูลฝอยฯ /บ่อหมัก | K768: / | O768: ขอจำหน่าย
A769: 5 | B769: ถังเก็บน้ำพลาสติก ขนาด 1,000 ลิตร (โพลีเอทิลีน) | C769: 437 | D769: 52 | E769: 0027 | F769: 25 ก.พ.52 | G769: 5000 | H769: ส่วนการโยธา / งานกำจัดมูลฝอยฯ /บ่อหมัก | K769: / | O769: ขอจำหน่าย
A770: 6 | B770: ถังเก็บน้ำพลาสติก ขนาด 1,000 ลิตร (โพลีเอทิลีน) | C770: 437 | D770: 52 | E770: 0030 | F770: 25 ก.พ.52 | G770: 5000 | H770: ส่วนการโยธา / งานกำจัดมูลฝอยฯ /บ่อหมัก | K770: / | O770: ขอจำหน่าย
G771: =SUM(G763:G770) -> 35000
A773: 481 | B773: (โต๊ะหมู่บูชา)
A774: ลำดับที่ | B774: รายการ | C774: หมายเลขครุภัณฑ์ | F774: วันเดือนปี | G774: ราคาที่ได้ | H774: สถานที่ใช้งาน | I774: สภาพครุภัณฑ์ | O774: หมายเหตุ
F775: ที่ได้มา | I775: ใช้ได้ | J775: ชำรุด | K775: เสื่อมสภาพ | L775: สูญหาย | M775: เก็บไว้นาน | N775: หมดความจำเป็น
A776: 1 | B776: โต๊ะหมู่บูชาทำด้วยไม้สักแกะลายปิดทองสีแดง | C776: 481 | D776: 60 | E776: 0059 | F776: 15 พ.ค.60 | G776: 15000 | H776: ส่วนการโยธา / งานบำรุงรักษาอาคารและสถานที่ | K776: / | O776: ขอจำหน่าย
G777: =SUM(G776:G776) -> 15000
A779: 2. ครุภัณฑ์ยานพาหนะและขนส่ง
A780: ลำดับที่ | B780: รายการ | C780: หมายเลขครุภัณฑ์ | F780: วันเดือนปี | G780: ราคาที่ได้ | H780: สถานที่ใช้งาน | I780: สภาพครุภัณฑ์ | O780: หมายเหตุ
F781: ที่ได้มา | I781: ใช้ได้ | J781: ชำรุด | K781: เสื่อมสภาพ | L781: สูญหาย | M781: เก็บไว้นาน | N781: หมดความจำเป็น
A782: 002 | B782: (รถกระบะ)
A783: 1 | B783: รถยนต์ปิคอัพสองตอน | C783: 002-29-0020 | F783: 10754 | G783: 225000 | H783: งานบำรุงรักษาทางและสะพาน | K783: / | O783: ขอจำหน่าย
G784: =SUM(G783:G783) -> 225000
A786: 012 | B786: (รถกระเช้า)
A787: 1 | B787: รถกระเช้าไฮโดรลิค ยี่ห้ออีซูซุ สีส้ม ลป.80-8807 | C787: 012-27-0001 | F787: 27 พ.ค. 27 | G787: 730000 | H787: ส่วนการโยธา / งานบำรุงรักษาอาคารและสถานที่ | K787: / | O787: ขอจำหน่าย
G788: =SUM(G787:G787) -> 730000
A789: 017 | B789: (รถกระบะยกเท)
A790: 1 | B790: รถกระบะยกเท 6 ล้อ ยี่ห้ออีซูซุ สีฟ้า ลป.80-8864 | C790: 017-25-0005 | F790: 16 ก.ค. 25 | G790: 270000 | H790: ส่วนการโยธา / งานบำรุงรักษาทางและสะพาน | K790: / | O790: ขอจำหน่าย
G791: =SUM(G790:G790) -> 270000
A792: 024 | B792: (รถจักรยานยนต์)
