Workbook

Sheet ครุภัณฑ์ใหม่2567
A1: ลำดับ | B1: รหัสสินทรัพย์ | C1: *ชนิดสินทรัพย์ | D1: รายละเอียดสินทรัพย์ | E1: *วันที่ได้มา (วว/ดด/ปปปป) | H1: *ราคาสินทรัพย์ (ราคาทุน) (บาท) | I1: *ได้มาโดย | J1: สถานที่ตั้ง | K1: งานที่รับผิดชอบ | L1: หมายเหตุ
C2: ครุภัณฑ์สำนักงาน
C3: เครืองทำลายเอกสาร (470)
A4: 1 | B4: 470-66-0020 | C4: ครุภัณฑ์สำนักงาน | D4: เครืองทำลายเอกสาร ยี่ห้อ IDEAL รุ่น 3104 | E4: 27 | F4: 12 | G4: 2566 | H4: 60000 | I4: ซื้อ/จ้าง | J4: สำนักปลัดเทศบาล | K4: งานบริหารทั่วไป
J5: 60000
C6: เครืองปรับอากาศ (420)
A7: 1 | B7: 420-67-0485 | C7: ครุภัณฑ์สำนักงาน | D7: เครื่องปรับอากาศ แบบติดผนัง Midia 24,000 BTU | E7: 19 | F7: 3 | G7: 2567 | H7: 24900 | I7: รับบริจาค | J7: สำนักปลัดเทศบาล (งานเลขา) | K7: งานบริหารทั่วไป
A8: 2 | B8: 420-67-0489 | C8: ครุภัณฑ์สำนักงาน | D8: เครื่องปรับอากาศแบบติดผนัง Midia 30,000 BTU | E8: 11 | F8: 7 | G8: 2567 | H8: 46900 | I8: ซื้อ/จ้าง | J8: สำนักปลัดเทศบาล | K8: งานบริหารทั่วไป | L8: 52003/1404
A9: 3 | B9: 420-66-0468 | C9: ครุภัณฑ์สำนักงาน | D9: เครื่องปรับอากาศแบบแยกส่วน ขนาด 30,000 BTU | E9: 18 | F9: 12 | G9: 2566 | H9: 47200 | I9: ซื้อ/จ้าง | J9: สำนักปลัดเทศบาล | K9: งานบริหารทั่วไป | L9: 52003/100
A10: 4 | B10: 420-66-0467 | C10: ครุภัณฑ์สำนักงาน | D10: เครื่องปรับอากาศแบบแยกส่วน ขนาด 18,000 BTU | E10: 18 | F10: 12 | G10: 2566 | H10: 33500 | I10: ซื้อ/จ้าง | J10: สำนักปลัดเทศบาล | K10: งานบริหารทั่วไป | L10: 52003/100
A11: 5 | B11: 420-66-0463 | C11: ครุภัณฑ์สำนักงาน | D11: เครื่องปรับอากาศแบบแยกส่วนขนาด 36,167 BTU | E11: 15 | F11: 11 | G11: 2566 | H11: 53600 | I11: ซื้อ/จ้าง | J11: สำนักปลัดเทศบาล | K11: งานบริหารทั่วไป | L11: 52003/119
A12: 6 | B12: 420-66-0464 | C12: ครุภัณฑ์สำนักงาน | D12: เครื่องปรับอากาศแบบแยกส่วนขนาด 30,026 BTU | E12: 15 | F12: 11 | G12: 2566 | H12: 47200 | I12: ซื้อ/จ้าง | J12: สำนักปลัดเทศบาล | K12: งานบริหารทั่วไป | L12: 52003/118
J13: 253300
C14: ตู้ (406)
A15: 1 | B15: 406-66-1398 | C15: ครุภัณฑ์สำนักงาน | D15: ตู้ไม้บานเปิด 6 บานประตู 180x40x165 ซม. | E15: 17 | F15: 12 | G15: 2566 | H15: 27000 | I15: ซื้อ/จ้าง | J15: สำนักปลัดเทศบาล (ห้องรองกิตติธัช) | K15: งานบริหารทั่วไป | L15: 52003/127
A16: 2 | B16: 406-66-1398 | C16: ครุภัณฑ์สำนักงาน | D16: ตู้เก็บเอกสารสำนักงานชนิดรางเลื่อน ยี่ห้อ TAIYO ครุภัณฑ์มากับโครงการปรับปรุง อาคาร B ตลาดเทศบาล 4 เพื่อเป็นอาคารเก็บพัสดุกลาง สัญญาจ้างก่อสร้าง เลขที่ 17/2566 ลว.17 ก.ค. 2566 มูลค่าก่อสร้างจำวนเงินทั้งสิ้น 2,484,000 บาท | E16: 15 | F16: 11 | G16: 2566 | H16: 101650 | I16: ซื้อ/จ้าง | J16: สำนักปลัด (ฝ่ายทะเบียนราษฯ) | K16: งานบริหารทั่วไป
A17: 3 | B17: 406-66-1398 | C17: ครุภัณฑ์สำนักงาน | D17: ตู้เก็บเอกสารสำนักงานชนิดรางเลื่อน ยี่ห้อ TAIYO ครุภัณฑ์มากับโครงการปรับปรุง อาคาร B ตลาดเทศบาล 4 เพื่อเป็นอาคารเก็บพัสดุกลาง สัญญาจ้างก่อสร้าง เลขที่ 17/2566 ลว.17 ก.ค. 2566 มูลค่าก่อสร้างจำวนเงินทั้งสิ้น 2,484,000 บาท | E17: 15 | F17: 11 | G17: 2566 | H17: 101650 | I17: ซื้อ/จ้าง | J17: สำนักปลัด (ฝ่ายทะเบียนราษฯ) | K17: งานบริหารทั่วไป
J18: 230300
C19: โต๊ะ (400)
A20: 1 | B20: 400-66-6966 | C20: ครุภัณฑ์สำนักงาน | D20: โต๊ะทำงานผู้บริหารแบบตัวแอล ขนาด 180x160x75 ซม. ทำจากไม้พาร์ติเคิล แผ่นพื้นบนโต๊ะเคลือบลามีน มีลิ้นชักด้านข้าง 9 ลิ้นชัก | E20: 10 | F20: 10 | G20: 2566 | H20: 14000 | I20: ซื้อ/จ้าง | J20: สำนักปลัด (ห้องรองกิตติธัช) | K20: งานบริหารทั่วไป | L20: 52003/127
J21: 14000
C22: ชุดรับแขก (403)
A23: 1 | B23: 403-66-0202 | C23: ครุภัณฑ์สำนักงาน | D23: ชุดรับแขก โครงไม้เบาะหนัง ประกอบด้วย โซฟา 1 ที่นั่ง 80x84x84 ซม. 1ตัว โซฟา 2 ที่นั่ง 145x84x84 ซม. 2ตัว โต๊ะกลางหน้ากระจก 110x55x40 จำนวน 1 ตัว | E23: 10 | F23: 10 | G23: 2566 | H23: 34500 | I23: ซื้อ/จ้าง | J23: สำนักปลัด (ห้องรองกิตติธัช) ชั้น 4 | K23: งานบริหารทั่วไป | L23: 52003/127
J24: 34500
J25: =SUM(J4:J24) -> 592100
C26: ครุภัณฑ์ยานพาหนะและขนส่ง
C27: รถบรรทุก (006)
A28: 1 | B28: 006-67-0018 | C28: ครุภัณฑ์ยานพาหนะและขนส่ง | D28: รถบรรทุกดีเซลขนาด 6 ตัน 6ล้อ ปริมาตรกรบอกสูบ 7684 ซีซี แบบบรรทุกน้ำ 6,000 ลิตร | E28: 19 | F28: 9 | G28: 2567 | H28: 2100000 | I28: ซื้อ/จ้าง | J28: สำนักปลัดเทศบาล | K28: งานป้องกันและบรรเทาสาธารณภัย
J29: 2100000
C30: เรือท้องแบน (029)
A31: 1 | B31: 029-66-0002 | C31: ครุภัณฑ์ยานพาหนะและขนส่ง | D31: เรือท้องแบน อลูมิเนียม ขนาด 16 ฟุต พร้อมเครื่องยนต์ | E31: 25 | F31: 9 | G31: 2566 | H31: 480000 | I31: ซื้อ/จ้าง | J31: สำนักปลัด | K31: งานป้องกันและบรรเทาสาธารณภัย
J32: 480000
J33: =SUM(J28:J32) -> 2580000
C34: ครุภัณฑ์โรงงาน
C35: สว่านไฟฟ้า (059)
A36: 1 | B36: 059-67-00374 | C36: ครุภัณฑ์โรงงาน | D36: สว่านไฟฟ้าไร้สาย ยี่ห้อ Makita สามารถปรับได้ 3 โหมด ความเร็วรอบตัวเปล่า (rpm) สูง 0-1, 900 ต่ำ 0-500. แรงบิดส่งสูงสุด (torque) Hard/Soft : 50/27 นิวตันเมตร (ของแท้) - สว่านไฟฟ้าไร้สาย จำนวน 1 เครื่อง - แบตเตอรี่ลิเธียม ขนาด 18V /6.0Ah จำนวน 2 ก้อน | E36: 10 | F36: 1 | G36: 2567 | H36: 14980 | I36: ซื้อ/จ้าง | J36: สำนักปลัด | K36: งานบริหารทั่วไป | L36: 52003/102
J37: 14980
C38: ครุภัณฑ์คอมพิวเตอร์
C39: เครื่องพิมพ์ (416)
A40: 1 | B40: 416-67-2442 | C40: ครุภัณฑ์คอมพิวเตอร์ | D40: เครื่องพิมพ์ Multifunction เลเซอร์ หรือ LED cannon | E40: 1 | F40: 7 | G40: 2567 | H40: 16000 | I40: ซื้อ/จ้าง | J40: สำนักปลัดเทศบาล | K40: งานบริหารทั่วไป | L40: 52003/1301 | M40: หมายเหตุเลขเดิม 416-67-2505
J41: 16000
C42: แท็บเลต (416)
A43: 1 | B43: 416-66-2304 | C43: ครุภัณฑ์คอมพิวเตอร์ | D43: แท็บเลต | E43: 15 | F43: 11 | G43: 2566 | H43: 22800 | I43: ซื้อ/จ้าง | J43: สำนักปลัด | K43: งานบริหารทั่วไป | L43: 52003/196 | M43: หมายเหตุเลขเดิม 416-66-2318
J44: 22800
C45: คอมพิวเตอร์ (416)
A46: 1 | B46: 416-66-2313 | C46: ครุภัณฑ์คอมพิวเตอร์ | D46: เครื่องคอมพิวเตอร์ All in one สำหรับสำนักงาน | E46: 15 | F46: 11 | G46: 2566 | H46: 18500 | I46: ซื้อ/จ้าง | J46: สำนักปลัด | K46: งานบริหารทั่วไป | L46: 52003/199 | M46: หมายเหตุเลขเดิม 416-66-2329
A47: 2 | B47: 416-66-2314 | C47: ครุภัณฑ์คอมพิวเตอร์ | D47: เครื่องคอมพิวเตอร์ All in one สำหรับสำนักงาน | E47: 15 | F47: 11 | G47: 2566 | H47: 18500 | I47: ซื้อ/จ้าง | J47: สำนักปลัด | K47: งานบริหารทั่วไป | L47: 52003/199 | M47: หมายเหตุเลขเดิม 416-66-2330
A48: 3 | B48: 416-66-2307 | C48: ครุภัณฑ์คอมพิวเตอร์ | D48: เครื่องคอมพิวเตอร์ All in one สำหรับสำนักงาน | E48: 15 | F48: 11 | G48: 2566 | H48: 22500 | I48: ซื้อ/จ้าง | J48: สำนักปลัด | K48: งานบริหารทั่วไป | M48: หมายเหตุเลขเดิม 416-66-2323
A49: 4 | B49: 416-66-2315 | C49: ครุภัณฑ์คอมพิวเตอร์ | D49: เครื่องคอมพิวเตอร์ All in one สำหรับสำนักงาน | E49: 15 | F49: 11 | G49: 2566 | H49: 18500 | I49: ซื้อ/จ้าง | J49: สำนักปลัดเทศบาล | K49: งานบริหารทั่วไป | L49: 52003/199 | M49: หมายเหตุเลขเดิม 416-66-2331
A50: 5 | B50: 416-66-2305 | C50: ครุภัณฑ์คอมพิวเตอร์ | D50: เครื่องคอมพิวเตอร์ All in one สำหรับสำนักงาน | E50: 15 | F50: 11 | G50: 2566 | H50: 19000 | I50: ซื้อ/จ้าง | J50: สำนักปลัด | K50: งานบริหารทั่วไป | M50: หมาเหตุเลขเดิม 416-66-2319
A51: 6 | B51: 416-66-2306 | C51: ครุภัณฑ์คอมพิวเตอร์ | D51: เครื่องคอมพิวเตอร์ All in one สำหรับสำนักงาน | E51: 15 | F51: 11 | G51: 2566 | H51: 19000 | I51: ซื้อ/จ้าง | J51: สำนักปลัดเทศบาล | K51: งานบริหารทั่วไป | M51: หมาเหตุเลขเดิม 416-66-2320
A52: 7 | B52: 416-66-2316 | C52: ครุภัณฑ์คอมพิวเตอร์ | D52: เครื่องคอมพิวเตอร์ All in one สำหรับสำนักงาน | E52: 15 | F52: 11 | G52: 2566 | H52: 22500 | I52: ซื้อ/จ้าง | J52: สำนักปลัดเทศบาล | K52: งานบริหารทั่วไป | L52: 52003/199 | M52: หมายเหตุเลขเดิม 416-66-2332
J53: 138500
C54: ชุดระบบกล้องวงจรปิด (454)
A55: 1 | B55: 454-67-0226 | C55: ครุภัณฑ์คอมพิวเตอร์ | D55: ชุดระบบกล้องโทรทัศน์วงจรปิด (CCTV) ประกอบด้วย 1.กล้องโทรทัศน์วงจรปิดชนิดทรงโดม 8 กล้อง กล้องละ 3,000 2.กล้องโทรทัศน์วงจรปิดชนิดทรงกระบอก 24 กล้อง กล้องละ 5,700 3.เครื่องบันทึกภาพผ่านเครือข่าย 16 ช่องสัญญาณ 2 เครื่อง เครื่องละ 57,000 4.อุปกรณ์กระจายสัญญาณแบบ poe 4 เครื่อง เครื่องละ 8,300 5.เครื่องสำรองไฟฟ้า ขนาด 2kVA/1200W 1 เครื่อง เครื่องละ 11,000 6.ทีวี LED DIGITAL 2 เครื่อง เครื่องละ 15,000 7.สายสัญญานตีเกลียว CAT6 UTP w/Cross filler 1000เมตร ราคา 20,000 8.สายสัญญานตีเกลียว CAT6 UTP w/Cross filler แบบมี สลิง 1500เมตร ราคา 37,500 9.สายไฟเบอร์ออฟติกมีสลิง single mode ขนาด 2 core มีลวดสลิงตลอดแนวสาย 1,800 เมตร ราคา 27,000 10.ค่าวัสดุ อุปกรณ์ ติดตั้ง 1 งาน ราคา 38,500 บาท 11. ค่าแรงติดตั้ง 1 งาน ราคา 18,000 บาท | E55: 25 | F55: 7 | G55: 2567 | H55: 490000 | I55: ซื้อ/จ้าง | J55: สำนักปลัดเทศบาล | K55: งานบริหารทั่วไป
J56: 490000
J57: =SUM(J40:J56) -> 667300
H58: =SUM(H4:H57) -> 3854380

Sheet ตัดจำหน่าย2567
A1: รายละเอียดชำรุด/เสื่อมสภาพ/หมดความจำเป็น สำนักปลัดเทศบาล
A2: ณ กันยายน 2566
A4: ลำดับ | B4: รายการ | C4: รหัสครุภัณฑ์ | D4: วัน เดือน ปี | E4: ราคาที่ได้มา | F4: สภาพครุภัณฑ์
A5: ที่ | D5: ที่ได้มา | F5: สถานที่ใช้งาน | G5: ใช้ได้ | H5: ชำรุด | I5: เสื่อม | J5: สูญหาย | K5: เก็บ | L5: หมดความ | M5: หมายเหตุ
I6: สภาพ | K6: ไว้นาน | L6: จำเป็น
B7: ครุภัณฑ์สำนักงาน
B8: โต๊ะ (400)
A9: 1 | B9: ชุดโต๊ะประชุม(ต่อโค้ง)#3 | C9: 400-30-1910 | D9: 230344 | E9: 3824 | F9: ฝ่ายประสานงาน อปท. | H9: ∕ | M9: ไม่มีมูลค่า
A10: 2 | B10: ชุดโต๊ะประชุม(ต่อโค้ง)#4 | C10: 400-30-1911 | D10: 230340 | E10: 3824 | F10: ฝ่ายประสานงาน อปท. | H10: ∕ | M10: ไม่มีมูลค่า
A11: 3 | B11: โต๊ะประชุม | C11: 400-62-6583 | D11: 241872 | E11: 3380 | F11: ฝ่ายบริหารงานทั่วไป | H11: ∕ | M11: 1478.75
B13: เก้าอี้ (401)
A14: 4 | B14: เก้าอี้ฟังบรรยายมีแป้นรองเขียน | C14: 401-30-1151 | D14: 230340 | E14: 3000 | F14: ฝ่ายประสานงาน อปท. | H14: ∕ | M14: ไม่มีมูลค่า
A15: 5 | B15: เก้าอี้ฟังบรรยายมีแป้นรองเขียน | C15: 401-30-1152 | D15: 230340 | E15: 3000 | F15: ฝ่ายประสานงาน อปท. | H15: ∕ | M15: ไม่มีมูลค่า
A16: 6 | B16: เก้าอี้ฟังบรรยายมีแป้นรองเขียน | C16: 401-30-1153 | D16: 230340 | E16: 3000 | F16: ฝ่ายประสานงาน อปท. | H16: ∕ | M16: ไม่มีมูลค่า
A17: 7 | B17: เก้าอี้ฟังบรรยายมีแป้นรองเขียน | C17: 401-30-1154 | D17: 230340 | E17: 3000 | F17: ฝ่ายประสานงาน อปท. | H17: ∕ | M17: ไม่มีมูลค่า
A18: 8 | B18: เก้าอี้ฟังบรรยายมีแป้นรองเขียน | C18: 401-30-1155 | D18: 230340 | E18: 3000 | F18: ฝ่ายประสานงาน อปท. | H18: ∕ | M18: ไม่มีมูลค่า
A19: 9 | B19: เก้าอี้ฟังบรรยายมีแป้นรองเขียน | C19: 401-30-1156 | D19: 230340 | E19: 3000 | F19: ฝ่ายประสานงาน อปท. | H19: ∕ | M19: ไม่มีมูลค่า
A20: 10 | B20: เก้าอี้ฟังบรรยายมีแป้นรองเขียน | C20: 401-30-1157 | D20: 230340 | E20: 3000 | F20: ฝ่ายประสานงาน อปท. | H20: ∕ | M20: ไม่มีมูลค่า
A21: 11 | B21: เก้าอี้ฟังบรรยายมีแป้นรองเขียน | C21: 401-30-1159 | D21: 230340 | E21: 3000 | F21: ฝ่ายประสานงาน อปท. | H21: ∕ | M21: ไม่มีมูลค่า
A22: 12 | B22: เก้าอี้คณะผู้บริหารเทศบาล | C22: 401-30-1184 | D22: 230340 | E22: 1400 | F22: ฝ่ายประสานงาน อปท. | H22: ∕ | M22: ไม่มีมูลค่า
A23: 13 | B23: เก้าอี้คณะผู้บริหารเทศบาล | C23: 401-30-1187 | D23: 230135 | E23: 1400 | F23: ฝ่ายประสานงาน อปท. | H23: ∕ | M23: ไม่มีมูลค่า
A24: 14 | B24: เก้าอี้เบาะนวมขาเหล็กชุบเก้าอี้แบบมีที่วางแขน | C24: 401-37-1739 | D24: 232692 | E24: 900 | F24: งานป้องกัน | H24: ∕ | M24: ไม่มีมูลค่า
A25: 15 | B25: เก้าอี้ผู้บริหารเบาะหนังปนฝ้าย | C25: 401-40-2867 | D25: 233998 | E25: 2580 | F25: ฝ่ายประสานงาน อปท. | H25: ∕ | M25: ไม่มีมูลค่า
... A35: 25 | B35: เก้าอี้ประชุม(สีเขียว)#9 | C35: 401-53-7912 | D35: 238574 | E35: 2200 | F35: ฝ่ายประสานงาน อปท. | H35: ∕ | M35: ไม่มีมูลค่า
B37: เครื่องพิมพ์ดีด (414)
A38: 26 | B38: เครื่องพิมพ์ดีด (หน่วย 1) | C38: 414-35-0067 | D38: 232381 | E38: 8600 | F38: งานป้องกันฯ | J38: ∕ | M38: ไม่สามารถประเมินได้
A39: 27 | B39: เครื่องพิมพ์ดีด | C39: 401-53-7912 | D39: 238574 | E39: 2200 | F39: งานป้องกันฯ | J39: ∕ | M39: ไม่สามารถประเมินได้
B41: เครื่องปรับอากาศ (420)
A42: 28 | B42: เครื่องปรับอากาศ | C42: 420-35-0044 | D42: 232150 | E42: 90000 | F42: งานป้องกันฯ | H42: ∕ | M42: ไม่มีมูลค่า
A43: 29 | B43: เครื่องปรับอากาศแบบแยกส่วน | C43: 420-40-0096 | D43: 234093 | E43: 45000 | F43: งานป้องกันฯ | H43: ∕ | M43: ไม่มีมูลค่า
A44: 30 | B44: เครื่องปรับอากาศแบบแยกส่วน | C44: 420-40-0097 | D44: 234093 | E44: 45000 | F44: งานป้องกันฯ | H44: ∕ | M44: ไม่มีมูลค่า
A45: 31 | B45: เครื่องปรับอากาศ | C45: 420-40-0166 | D45: 233804 | E45: 27000 | F45: ฝ่ายบริหารงานทั่วไป | H45: ∕ | M45: ไม่มีมูลค่า
B47: พัดลมดูดอากาศ(432)
A48: 32 | B48: พัดลมดูดอากาศ | C48: 432-53-0741 | D48: 19625 | E48: 1250 | F48: ฝ่ายประสานงาน อปท. | H48: ∕ | M48: จำหน่ายพร้อมการปรับปรุงห้อง
A49: 33 | B49: พัดลมดูดอากาศ | C49: 432-53-0742 | D49: 19625 | E49: 1250 | F49: ฝ่ายประสานงาน อปท. | H49: ∕ | M49: จำหน่ายพร้อมการปรับปรุงห้อง
B51: ครุภัณฑ์ยานพาหนะและขนส่ง
A52: 34 | B52: รถยนต์ดับเพลิง ยี่ห้ออีซูซุ ชนิดมีถังน้ำ ในตัว 6 ล้อ 145 แรงม้า เครื่องยนต์ ดีเซล หมายเลขเครื่องยนต์ 6BB1-219563 หมายเลขตัวถังรถ 3406314 (ลป น 7016) #10 | C52: 004-37-0012 | D52: 228459 | E52: 1109836 | F52: งานป้องกันฯ | M52: ไม่สามารถประเมินราคาได้
A53: 35 | B53: รถยนต์ดับเพลิง ยี่ห้ออีซูซุ ชนิดมีถังน้ำ ในตัว 6 ล้อ 160 แรงม้า เครื่องยนต์ ดีเซล หมายเลขเครื่องยนต์ 6D14-722751 หมายเลขตัวถังรถ FK415F-A31059 (ลป น 7740) #15 | C53: 004-35-0010 | D53: 232258 | E53: 1142774 | F53: งานป้องกันฯ | M53: ไม่สามารถประเมินราคาได้
A54: 36 | B54: รถยนต์ดับเพลิง ยี่หเอมิตซูบิชิ ชนิดมีถังน้ำในตัว 6 ล้อ 160 แรงม้า จุน้ำ 2,000 ลิตร เครื่องยนต์ดีเซล แบบ FK415FFREDH1 เลขเครื่อง 6D14-735088 เลขตัวถัง FK415F-A3247 6สูบ สีแดง พร้อมอุปกรณ์ เลขทะเบียน ลป ผ 5981 | C54: 004-37-0012 | D54: 233018 | E54: 1142774 | F54: งานป้องกันฯ | M54: ไม่สามารถประเมินราคาได้
A55: 37 | B55: รถจักรยานยนต์สายตรวจ KAWASAKI ทะเบียน กษน 46 ลป | C55: 024-43-0069 | D55: 235060 | E55: 86000 | F55: งานเทศกิจ | H55: ∕ | M55: ไม่สามารถประเมินราคาได้
A56: 38 | B56: รถจักรยานยนต์สายตรวจ KAWASAKI ทะเบียน กษธ 945 ลป | C56: 024-43-0070 | D56: 235060 | E56: 86000 | F56: งานเทศกิจ | H56: ∕ | M56: ไม่สามารถประเมินราคาได้
B58: ครุภัณฑ์การเกษตร
A59: 39 | B59: เครื่องสูบน้ำไฟฟ้าพร้อมอุปกรณ์ | C59: 055-29-0013 | D59: 230028 | E59: 54900 | F59: งานป้องกันฯ | H59: ∕ | M59: ไม่มีมูลค่า
B61: ครุภัณฑ์โฆษณาและผยแพร่
B62: กล้องวงจรปิด (454)
A63: 40 | B63: กล้องวงจรปิดแบบ FIXED-TIME | C63: 454-52-0022 | D63: 238315 | E63: 17999.54 | F63: งานเทศกิจ | H63: ∕ | M63: ไม่มีมูลค่า
A64: 41 | B64: กล้องวงจรปิดแบบ FIXED-TIME | C64: 454-52-0023 | D64: 238315 | E64: 17999.54 | F64: งานเทศกิจ | H64: ∕ | M64: ไม่มีมูลค่า
A65: 42 | B65: กล้องวงจรปิดแบบ FIXED-TIME | C65: 454-52-0024 | D65: 238315 | E65: 17999.54 | F65: งานเทศกิจ | H65: ∕ | M65: ไม่มีมูลค่า
A66: 43 | B66: กล้องวงจรปิดแบบ FIXED-TIME | C66: 454-52-0025 | D66: 238315 | E66: 17999.54 | F66: งานเทศกิจ | H66: ∕ | M66: ไม่มีมูลค่า
A67: 44 | B67: กล้องโทรทัศน์วงจรปิดชนิดโดมปรับมุมคงที่ภาพสี FIX DOME COLOR | C67: 454-55-0026 | D67: 239533 | E67: 37000 | F67: งานเทศกิจ | H67: ∕ | M67: ไม่มีมูลค่า
A68: 45 | B68: กล้องโทรทัศน์วงจรปิดชนิดปรับมุมคงที่ภาพสี FIX CAMERA COLOR | C68: 454-55-0027 | D68: 239533 | E68: 5650 | F68: งานเทศกิจ | H68: ∕ | M68: ไม่มีมูลค่า
A69: 46 | B69: กล้องโทรทัศน์วงจรปิดชนิดปรับมุมคงที่ภาพสี FIX CAMERA COLOR | C69: 454-55-0028 | D69: 239533 | E69: 5650 | F69: งานเทศกิจ | H69: ∕ | M69: ไม่มีมูลค่า
A70: 47 | B70: กล้องโทรทัศน์วงจรปิดชนิดปรับมุมคงที่ภาพสี FIX CAMERA COLOR | C70: 454-55-0029 | D70: 239533 | E70: 5650 | F70: งานเทศกิจ | H70: ∕ | M70: ไม่มีมูลค่า
A71: 48 | B71: กล้องโทรทัศน์วงจรปิดชนิดปรับมุมคงที่ภาพสี FIX CAMERA COLOR | C71: 454-55-0030 | D71: 239533 | E71: 5650 | F71: งานเทศกิจ | H71: ∕ | M71: ไม่มีมูลค่า
A72: 49 | B72: กล้องโทรทัศน์วงจรปิดชนิดปรับมุมคงที่ภาพสี FIX CAMERA COLOR | C72: 454-55-0031 | D72: 239533 | E72: 5650 | F72: งานเทศกิจ | H72: ∕ | M72: ไม่มีมูลค่า
A73: 50 | B73: กล้องโทรทัศน์วงจรปิดชนิดปรับมุมคงที่ภาพสี FIX CAMERA COLOR | C73: 454-55-0032 | D73: 239533 | E73: 5650 | F73: งานเทศกิจ | H73: ∕ | M73: ไม่มีมูลค่า
A74: 51 | B74: กล้องโทรทัศน์วงจรปิดชนิดปรับมุมคงที่ภาพสี FIX CAMERA COLOR | C74: 454-55-0033 | D74: 239533 | E74: 5650 | F74: งานเทศกิจ | H74: ∕ | M74: ไม่มีมูลค่า
... A131: 108 | B131: อุปกรณ์กระจายสัญญาณแบบ POE | C131: 454-59-0110 | D131: 241009 | E131: 9000 | F131: งานเทศกิจ | H131: ∕ | M131: ไม่มีมูลค่า
B133: เครื่องบันทุกสัญญาณภาพฯ(477)
A134: 109 | B134: เครื่องแปลงสัญญาณภาพ/ไฟ | C134: 477-55-0001 | D134: 239528 | E134: 68500 | F134: งานเทศกิจ | H134: ∕ | M134: ไม่มีมูลค่า
A135: 110 | B135: เครื่องบันทึกสัญญาณภาพระบบดิจิตอลเครือข่าย 16 ช่อง | C135: 477-55-0002 | D135: 239528 | E135: 68500 | F135: งานเทศกิจ | H135: ∕ | M135: ไม่มีมูลค่า
B137: โทรทัศน์สี(456)
A138: 111 | B138: จอ LCD (ห้องราชพฤกษ์) | C138: 456-51-0054 | D138: 237997 | E138: 27000 | F138: ฝ่ายบริหารงานทั่วไป | H138: ∕ | M138: ไม่มีมูลค่า
A139: 112 | B139: เครื่องสลับสัญญาณภาพ (ห้องประชุมราชพฤกษ์) | C139: 456-51-0058 | D139: 237997 | E139: 62200 | F139: ฝ่ายบริหารงานทั่วไป | H139: ∕ | M139: ไม่มีมูลค่า
B141: เครื่องถอดแถบบันทึกเสียง
A142: 113 | B142: เครื่องเล่น DVD (ห้องประชุมราชพฤกษ์) | C142: 455-51-0050 | D142: 18851 | E142: 3980 | F142: ฝ่ายบริหารงานทั่วไป | L142: ∕ | M142: ไม่มีมูลค่า
A143: 114 | B143: เครื่องเล่นและบันทึก DVD (ห้องประชุมราชพฤกษ์) | C143: 455-51-0051 | D143: 230508 | E143: 27500 | F143: ฝ่ายบริหารงานทั่วไป | L143: ∕ | M143: ไม่มีมูลค่า
B145: ครุภัณฑ์งานบ้านงานครัว
A146: 115 | B146: ผ้าม่านหน้าต่าง ชนิดผ้าซาติน มีจีบหลุยส์ มีภู่ระบาย ขนาด 3.8 x 2.3 ม. | C146: 434-52-0003 | D146: 238286 | E146: 9656.75 | F146: ฝ่ายประสานงาน อปท. | L146: ∕ | M146: ไม่มีมูลค่า
A147: 116 | B147: ผ้าม่านหน้าต่าง ชนิดผ้าซาติน มีจีบหลุยส์ มีภู่ระบาย ขนาด 3.8 x 2.3 ม. | C147: 434-52-0004 | D147: 238286 | E147: 9656.75 | F147: ฝ่ายประสานงาน อปท. | L147: ∕ | M147: ไม่มีมูลค่า
A148: 117 | B148: ผ้าม่านหน้าต่าง ชนิดผ้าซาติน มีจีบหลุยส์ มีภู่ระบาย ขนาด 3.7 x 2.8 ม. | C148: 434-52-0005 | D148: 238286 | E148: 10111.5 | F148: ฝ่ายประสานงาน อปท. | L148: ∕ | M148: ไม่มีมูลค่า
A149: 118 | B149: ผ้าม่านหน้าต่าง ชนิดผ้าซาติน มีจีบหลุยส์ มีภู่ระบาย ขนาด 3.7 x 2.8 ม. | C149: 434-52-0006 | D149: 238286 | E149: 10111.5 | F149: ฝ่ายประสานงาน อปท. | L149: ∕ | M149: ไม่มีมูลค่า
A150: 119 | B150: ผ้าม่านหน้าต่าง ชนิดผ้าซาติน มีจีบหลุยส์ มีภู่ระบาย ขนาด 3.8 x 2.8 ม. | C150: 434-52-0007 | D150: 238286 | E150: 10165 | F150: ฝ่ายประสานงาน อปท. | L150: ∕ | M150: ไม่มีมูลค่า
A151: 120 | B151: ผ้าม่านหน้าต่าง ชนิดผ้าซาติน มีจีบหลุยส์ มีภู่ระบาย ขนาด 3.8 x 2.8 ม. | C151: 434-52-0008 | D151: 238286 | E151: 10165 | F151: ฝ่ายประสานงาน อปท. | L151: ∕ | M151: ไม่มีมูลค่า
B153: ครุภัณฑ์คอมพิวเตอร์รืออิเล็กทรอนิกส์
A154: 121 | B154: เครื่องคอมพิวเตอร์ | C154: 416-46-0190 | D154: 236094 | E154: 51400 | F154: งานเทศกิจ | H154: ∕ | M154: ไม่มีมูลค่า
A155: 122 | B155: เครื่องคอมพิวเตอร์ | C155: 416-47-0211 | D155: 236454 | E155: 46564.26 | F155: งานทะเบียนราษฎร | H155: ∕ | M155: ไม่มีมูลค่า
A156: 123 | B156: ซีพียูคอมพิวเตอร์ | C156: 416-52-0540 | D156: 238322 | E156: 34600 | F156: งานูนย์บริการร่วมฯ | H156: ∕ | M156: ไม่มีมูลค่า
A157: 124 | B157: จอภาพ LED | C157: 416-52-0552 | D157: 238322 | E157: 5300 | F157: ฝ่ายบริหารทั่วไป | H157: ∕ | M157: ไม่มีมูลค่า
A158: 125 | B158: เครื่องคอมพิวเตอร์ แบบ Touch Screen (ฝ่ายบริหาร มนัส) | C158: 416-52-0553 | D158: 238322 | E158: 15400 | F158: ฝ่ายบริหารทั่วไป | H158: ∕ | M158: ไม่มีมูลค่า
A159: 126 | B159: CPU | C159: 416-52-0553 | D159: 238322 | E159: 21900 | F159: งานเทศกิจ | H159: ∕ | M159: ไม่มีมูลค่า
A160: 127 | B160: DIGITAL VIDIO RECCORDER NETWORK 16 ช่อง | C160: 416-55-0728 | D160: 239533 | E160: 8500 | F160: งานเทศกิจ | H160: ∕ | M160: ไม่มีมูลค่า
A161: 128 | B161: DIGITAL VIDIO RECCORDER NETWORK 16 ช่อง | C161: 416-55-0729 | D161: 239533 | E161: 8500 | F161: งานเทศกิจ | H161: ∕ | M161: ไม่มีมูลค่า
A162: 129 | B162: ชุดควบคุมและตรวจสอบความปลอดภัยส่วนกลาง | C162: 416-55-0731 | D162: 239533 | E162: 27375 | F162: งานเทศกิจ | H162: ∕ | M162: ไม่มีมูลค่า
A163: 130 | B163: เครื่องสำรองไฟ UPS ยี่ห้อ APC รุ่น BX1100CI | C163: 416-55-0738 | D163: 239533 | E163: 6550 | F163: งานเทศกิจ | H163: ∕ | M163: ไม่มีมูลค่า
A164: 131 | B164: เครื่องสำรองไฟ APC BX1100CI | C164: 416-55-0739 | D164: 239533 | E164: 6550 | F164: งานเทศกิจ | H164: ∕ | M164: ไม่มีมูลค่า
A165: 132 | B165: ระบบ Application ร้องทุกข์บน Smartphone | C165: 416-62-1363 | D165: 242039 | E165: 60000 | F165: งานศูนย์บริการรวมฯ | H165: ∕ | M165: ไม่มีมูลค่า
B167: ครุภัณฑ์ต่ำกว่าเกณฑ์
B168: ครุภัณฑ์สำนักงาน
A169: 133 | B169: โต๊ะทำงานขนาด 120x60x75 cm | C169: 400-58-0257(ต) | D169: 240526 | E169: 3000 | F169: งานศูนย์บริการร่วม | H169: ∕ | M169: ไม่มีมูลค่า
A170: 134 | B170: โต๊ะทำงานขนาด 120x60x75 cm | C170: 400-58-0258(ต) | D170: 240526 | E170: 3000 | F170: งานศูนย์บริการร่วม | H170: ∕ | M170: ไม่มีมูลค่า
A171: 135 | B171: โต๊ะวางคอมพิวเตอร์ขนาด 80x60x75 cm | C171: 400-55-0011(ต) | D171: 240526 | E171: 1800 | F171: งานศูนย์บริการร่วม | H171: ∕ | M171: ไม่มีมูลค่า
A172: 136 | B172: โทรศัพท์ FUJITEL รุ่น FT-028 | C172: 400-58-0259(ต) | D172: 239543 | E172: 585 | F172: ตรวจสอบภายใน | H172: ∕ | M172: ไม่มีมูลค่า
B174: ครุภัณฑ์คอมพิวเตอร์หรืออิเล็กรอนิกส์
A175: 137 | B175: จอ LED ACER | C175: 416-55-0062(ต) | D175: 239469 | E175: 2990 | F175: งานเทศกิจ | H175: ∕ | M175: ไม่มีมูลค่า
B177: รวม | M177: =SUM(M9:M175) -> 1478.75

Sheet โอน2567
A1: รายละเอียดครุภัณฑ์ของสำนักปลัดเทศบาล (รับโอน)
A4: ลำดับที่ | B4: เลขที่หนังสือ | C4: รายการ | D4: หมวดครุภัณฑ์ | E4: รหัสครุภัณฑ์ | F4: วัน | G4: เดือน | H4: ปี | I4: ราคาที่ได้มา | J4: หน่วยงาน | K4: ได้มาจาก | L4: แหล่งที่มา
A5: 1 | B5: ลป52004/531 | C5: เครื่องปรับอากาศแบบแยกส่วน ชนิดตั้งพื้นหรือแขวนขนาด 31,124 บีทียู | D5: ครุภัณฑ์สำนักงาน | E5: 420-58-0202 | F5: 28 | G5: ก.ย. | H5: 2558 | I5: 36400 | J5: สำนักปลัดเทศบาล | K5: ส่วนการโยธา สำนักช่าง | L5: เงินงบประมาณ
A6: 2 | B6: ลป52004/531 | C6: เครื่องปรับอากาศแบบแยกส่วน ชนิดตั้งพื้นหรือแขวนขนาด 31,124 บีทียู | D6: ครุภัณฑ์สำนักงาน | E6: 420-58-0202 | F6: 28 | G6: ก.ย. | H6: 2558 | I6: 36400 | J6: สำนักปลัดเทศบาล | K6: ส่วนการโยธา สำนักช่าง | L6: เงินงบประมาณ
A7: 3 | B7: ลป52004/531 | C7: เครื่องปรับอากาศแบบแยกส่วน ชนิดตั้งพื้นหรือแขวนขนาด 31,124 บีทียู | D7: ครุภัณฑ์สำนักงาน | E7: 420-58-0202 | F7: 28 | G7: ก.ย. | H7: 2558 | I7: 36400 | J7: สำนักปลัดเทศบาล | K7: ส่วนการโยธา สำนักช่าง | L7: เงินงบประมาณ
A8: 4 | B8: ลป52004/531 | C8: เครื่องปรับอากาศแบบแยกส่วน ชนิดตั้งพื้นหรือแขวนขนาด 31,124 บีทียู | D8: ครุภัณฑ์สำนักงาน | E8: 420-58-0202 | F8: 28 | G8: ก.ย. | H8: 2558 | I8: 36400 | J8: สำนักปลัดเทศบาล | K8: ส่วนการโยธา สำนักช่าง | L8: เงินงบประมาณ
A9: 5 | B9: ลป52006/018 | C9: เครื่องปรับอากาศแบบฝังฝ้าเพดาน FCU | D9: ครุภัณฑ์สำนักงาน | E9: 420-67-0469 | F9: 21 | G9: 12 | H9: 2566 | I9: 79277.4 | J9: งานธุรการ สป. (อาคารศูนย์เยาวชน โฮงละกอน) | K9: สำนักการศึกษา | L9: เงินงบประมาณ
A10: 6 | B10: ลป52006/018 | C10: เครื่องปรับอากาศแบบฝังฝ้าเพดาน FCU | D10: ครุภัณฑ์สำนักงาน | E10: 420-67-0470 | F10: 21 | G10: 12 | H10: 2566 | I10: 79277.4 | J10: งานธุรการ สป. (อาคารศูนย์เยาวชน โฮงละกอน) | K10: สำนักการศึกษา | L10: เงินงบประมาณ
A11: 7 | B11: ลป52006/018 | C11: เครื่องปรับอากาศแบบฝังฝ้าเพดาน FCU | D11: ครุภัณฑ์สำนักงาน | E11: 420-67-0471 | F11: 21 | G11: 12 | H11: 2566 | I11: 79277.4 | J11: งานธุรการ สป. (อาคารศูนย์เยาวชน โฮงละกอน) | K11: สำนักการศึกษา | L11: เงินงบประมาณ
A12: 8 | B12: ลป52006/018 | C12: เครื่องปรับอากาศแบบฝังฝ้าเพดาน FCU | D12: ครุภัณฑ์สำนักงาน | E12: 420-67-0472 | F12: 21 | G12: 12 | H12: 2566 | I12: 79277.4 | J12: งานธุรการ สป. (อาคารศูนย์เยาวชน โฮงละกอน) | K12: สำนักการศึกษา | L12: เงินงบประมาณ
A13: 9 | B13: ลป52006/018 | C13: เครื่องปรับอากาศแบบฝังฝ้าเพดาน FCU | D13: ครุภัณฑ์สำนักงาน | E13: 420-67-0473 | F13: 21 | G13: 12 | H13: 2566 | I13: 79277.4 | J13: งานธุรการ สป. (อาคารศูนย์เยาวชน โฮงละกอน) | K13: สำนักการศึกษา | L13: เงินงบประมาณ
A14: 10 | B14: ลป52006/018 | C14: เครื่องปรับอากาศแบบฝังฝ้าเพดาน FCU | D14: ครุภัณฑ์สำนักงาน | E14: 420-67-0474 | F14: 21 | G14: 12 | H14: 2566 | I14: 79277.4 | J14: งานธุรการ สป. (อาคารศูนย์เยาวชน โฮงละกอน) | K14: สำนักการศึกษา | L14: เงินงบประมาณ
A15: 11 | B15: ลป52006/018 | C15: เครื่องปรับอากาศแบบฝังฝ้าเพดาน FCU | D15: ครุภัณฑ์สำนักงาน | E15: 420-67-0475 | F15: 21 | G15: 12 | H15: 2566 | I15: 79277.4 | J15: งานธุรการ สป. (อาคารศูนย์เยาวชน โฮงละกอน) | K15: สำนักการศึกษา | L15: เงินงบประมาณ
A16: 12 | B16: ลป52006/018 | C16: เครื่องปรับอากาศแบบฝังฝ้าเพดาน FCU | D16: ครุภัณฑ์สำนักงาน | E16: 420-67-0476 | F16: 21 | G16: 12 | H16: 2566 | I16: 79277.4 | J16: งานธุรการ สป. (อาคารศูนย์เยาวชน โฮงละกอน) | K16: สำนักการศึกษา | L16: เงินงบประมาณ
A17: 13 | B17: ลป52006/018 | C17: เครื่องปรับอากาศแบบฝังฝ้าเพดาน FCU | D17: ครุภัณฑ์สำนักงาน | E17: 081-67-0041 | F17: 21 | G17: 12 | H17: 2566 | I17: 1712 | J17: งานธุรการ สป. (อาคารศูนย์เยาวชน โฮงละกอน) | K17: สำนักการศึกษา | L17: เงินงบประมาณ
A18: 14 | B18: ลป52006/018 | C18: เครื่องปรับอากาศแบบฝังฝ้าเพดาน FCU | D18: ครุภัณฑ์สำนักงาน | E18: 081-67-0042 | F18: 21 | G18: 12 | H18: 2566 | I18: 1712 | J18: งานธุรการ สป. (อาคารศูนย์เยาวชน โฮงละกอน) | K18: สำนักการศึกษา | L18: เงินงบประมาณ
A19: 15 | B19: ลป52006/018 | C19: เครื่องปรับอากาศแบบฝังฝ้าเพดาน FCU | D19: ครุภัณฑ์สำนักงาน | E19: 081-67-0038 | F19: 21 | G19: 12 | H19: 2566 | I19: 1619 | J19: งานธุรการ สป. (อาคารศูนย์เยาวชน โฮงละกอน) | K19: สำนักการศึกษา | L19: เงินงบประมาณ
A20: 16 | B20: ลป52006/018 | C20: เครื่องปรับอากาศแบบฝังฝ้าเพดาน FCU | D20: ครุภัณฑ์สำนักงาน | E20: 081-67-0039 | F20: 21 | G20: 12 | H20: 2566 | I20: 10400 | J20: งานธุรการ สป. (อาคารศูนย์เยาวชน โฮงละกอน) | K20: สำนักการศึกษา | L20: เงินงบประมาณ
... A52: 48 | B52: ลป52006/018 | C52: ไฟฉุกเฉิน Emergency LED | D52: ครุภัณฑ์ไฟฟ้าและวิทยุ | E52: 487-67-0053 | F52: 21 | G52: 12 | H52: 2566 | I52: 1520 | J52: งานธุรการ สป. (อาคารศูนย์เยาวชน โฮงละกอน) | K52: สำนักการศึกษา | L52: เงินงบประมาณ
A53: 49 | B53: ลป52004/493 | C53: รถยนต์กระบะ บธ9399 | D53: ครุภัณฑ์ยานพาหนะ | E53: 002-45-0053 | F53: 5 | G53: 7 | H53: 2545 | I53: 439800 | J53: งานศูนย์รถยนต์กลาง สำนักปลัด | K53: งานควบคุมอาคารและผังเมือง ส่วนการโยธา สำนักช่าง
A54: 50 | B54: ลป52009/752 | C54: คอมพิวเตอร์ (CPU) | D54: ครุภัณฑ์คอมพิวเตอร์ | E54: 416-51-0383 | F54: 29 | G54: 5 | H54: 2551 | I54: 23400 | J54: งานธุรการ สำนักปลัดเทศบาล | K54: งานธุรการ กองการเจ้าหน้าที่
A55: 51 | B55: ลป52009/752 | C55: คอมพิวเตอร์ (CPU) | D55: ครุภัณฑ์คอมพิวเตอร์ | E55: 416-51-0486 | H55: =G55:H59 -> 0 | J55: งานธุรการ สำนักปลัดเทศบาล | K55: งานธุรการ กองการเจ้าหน้าที่
A56: 52 | B56: ลป52009/428 | C56: คอมพิวเตอร์ (CPU) | D56: ครุภัณฑ์คอมพิวเตอร์ | E56: 416-51-0367 | F56: 29 | G56: 4 | H56: 2551 | I56: 23400 | J56: งานธุรการ สำนักปลัดเทศบาล | K56: งานธุรการ กองการเจ้าหน้าที่ | L56: เงินงบประมาณ
A57: 53 | B57: ลป52009/428 | C57: คอมพิวเตอร์ (CPU) | D57: ครุภัณฑ์คอมพิวเตอร์ | E57: 416-51-0473 | F57: 29 | G57: 4 | H57: 2551 | I57: 11600 | J57: งานธุรการ สำนักปลัดเทศบาล | K57: งานธุรการ กองการเจ้าหน้าที่ | L57: เงินงบประมาณ
A58: 54 | B58: ลแ52003/1322 | C58: ลู่วิ่งไฟฟ้า ยี่ฮ้อ Bolzen | D58: ครุภัณฑ์กีฬา | E58: 806-61-0024 | F58: 12 | G58: 7 | H58: 2561 | I58: 40000 | J58: งานป้องกันบรรเทาสาธารณภัย | K58: กองสาธารณสุขและสิ่งแวดล้อม | L58: เงินงบประมาณค้างจ่าย
A59: 55 | B59: ลแ52003/1322 | C59: จักรยานปั่น ยี่ฮ้อ Engineer | D59: ครุภัณฑ์กีฬา | E59: 806-61-0032 | F59: 12 | G59: 7 | H59: 2561 | I59: 14000 | J59: งานป้องกันบรรเทาสาธารณภัย | K59: กองสาธารณสุขและสิ่งแวดล้อม | L59: เงินงบประมาณค้างจ่าย
A60: 56 | B60: ลแ52003/1322 | C60: จักรยานปั่น ยี่ฮ้อ Engineer | D60: ครุภัณฑ์กีฬา | E60: 806-61-0029 | F60: 12 | G60: 7 | H60: 2561 | I60: 14000 | J60: งานรักษาความสงบเรียบร้อย | K60: กองสาธารณสุขและสิ่งแวดล้อม | L60: เงินงบประมาณค้างจ่าย
A61: 57 | B61: ลป.52001/78 | C61: เครื่องปรับอากาศ ยี่ห้อ คูลลสแคว์ ขนาด 25,000 บีทียู | D61: ครุภัณฑ์สำนักงาน | E61: 420-59-0257 | F61: 1 | G61: 2 | H61: 2558 | I61: 27000 | J61: สำนักปลัดเทศบาล | K61: สำนักช่าง | L61: เงินรายได้
A62: 58 | B62: ลป.52001/78 | C62: เครื่องปรับอากาศ ยี่ห้อ คูลลสแคว์ ขนาด 25,000 บีทียู | D62: ครุภัณฑ์สำนักงาน | E62: 420-59-0258 | F62: 1 | G62: 2 | H62: 2558 | I62: 27000 | J62: สำนักปลัดเทศบาล | K62: สำนักช่าง | L62: เงินรายได้
A63: 59 | B63: ลป.52001/78 | C63: เครื่องคอมพิวเตอร์ CPU HP COMPAQ DX 2700 | D63: ครุภัณฑ์สำนักงาน | E63: 420-40-0156 | F63: 17 | G63: 2 | H63: 2540 | I63: 30000 | J63: งานป้องกันและบรรเทาสาธารณภัย | K63: กองยุทธศาสตร์ | L63: เงินรายได้
A64: 60 | B64: ลป.52001/78 | C64: จอคอมพิวเตอร์ | D64: ครุภัณฑ์สำนักงาน | E64: 420-40-0160 | F64: 17 | G64: 2 | H64: 2540 | I64: 30000 | J64: งานป้องกันและบรรเทาสาธารณภัย | K64: กองยุทธศาสตร์ | L64: เงินรายได้
I65: =SUM(I5:I64) -> 3280415
A69: รายละเอียดครุภัณฑ์ของสำนักปลัดเทศบาล (โอนออก)
A72: ลำดับที่ | B72: เลขที่หนังสือ | C72: รายการ | D72: หมวดครุภัณฑ์ | E72: รหัสครุภัณฑ์ | F72: วัน | G72: เดือน | H72: ปี | I72: ราคาที่ได้มา | J72: หน่วยงาน | K72: โอนให้ | L72: แหล่งที่มา
A73: 1 | B73: ลป.52001 ทท/782 | C73: เครื่องปรับอากาศแบบแยกส่วนชนิดแขวน 9,000 BTU | E73: 420-54-0154 | F73: 19 | G73: 1 | H73: 2554 | I73: 23831 | J73: งานส่งเสริมการท่องเที่ยว สำนักปลัดเทศบาล | K73: สำนักการศึกษา
A74: 2 | B74: ลป.52001 ทท/782 | C74: เครื่องปรับอากาศแบบแยกส่วนชนิดแขวน 9,000 BTU | E74: 420-54-0155 | F74: 19 | G74: 1 | H74: 2554 | I74: 23831 | J74: งานส่งเสริมการท่องเที่ยว สำนักปลัดเทศบาล | K74: สำนักการศึกษา
A75: 3 | B75: ลป.52001 ทท/782 | C75: เครื่องปรับอากาศแบบแยกส่วนชนิดแขวน 9,000 BTU | E75: 420-54-0156 | F75: 19 | G75: 1 | H75: 2554 | I75: 23831 | J75: งานส่งเสริมการท่องเที่ยว สำนักปลัดเทศบาล | K75: สำนักการศึกษา
A76: 4 | B76: ลป.52001 ทท/782 | C76: เครื่องปรับอากาศแบบแยกส่วนชนิดแขวน 9,000 BTU | E76: 420-54-0157 | F76: 19 | G76: 1 | H76: 2554 | I76: 23831 | J76: งานส่งเสริมการท่องเที่ยว สำนักปลัดเทศบาล | K76: สำนักการศึกษา
A77: 5 | B77: ลป.52001 ทท/782 | C77: เครื่องปรับอากาศแบบแยกส่วนชนิดแขวน 24,000 BTU | E77: 420-54-0158 | F77: 19 | G77: 1 | H77: 2554 | I77: 35420 | J77: งานส่งเสริมการท่องเที่ยว สำนักปลัดเทศบาล | K77: สำนักการศึกษา
A78: 6 | B78: ลป.52001 ทท/782 | C78: เครื่องปรับอากาศแบบแยกส่วนชนิดแขวน 25,000 BTU | E78: 420-54-0159 | F78: 19 | G78: 1 | H78: 2554 | I78: 36000 | J78: งานส่งเสริมการท่องเที่ยว สำนักปลัดเทศบาล | K78: สำนักการศึกษา
A79: 7 | B79: ลป.52001 ทท/782 | C79: เครื่องปรับอากาศแบบแยกส่วนชนิดแขวน 18,000 BTU | E79: 420-54-0160 | F79: 19 | G79: 1 | H79: 2554 | I79: 29439 | J79: งานส่งเสริมการท่องเที่ยว สำนักปลัดเทศบาล | K79: สำนักการศึกษา
A80: 8 | B80: ลป.52001 ทท/782 | C80: เครื่องปรับอากาศแบบแยกส่วนชนิดแขวน 18,000 BTU | E80: 420-54-0161 | F80: 19 | G80: 1 | H80: 2554 | I80: 29439 | J80: งานส่งเสริมการท่องเที่ยว สำนักปลัดเทศบาล | K80: สำนักการศึกษา
A81: 9 | B81: ลป.52001 ทท/782 | C81: เครื่องปรับอากาศแบบแยกส่วนชนิดแขวน 18,000 BTU | E81: 420-54-0162 | F81: 19 | G81: 1 | H81: 2554 | I81: 29439 | J81: งานส่งเสริมการท่องเที่ยว สำนักปลัดเทศบาล | K81: สำนักการศึกษา
A82: 10 | B82: ลป.52001 ทท/782 | C82: เครื่องปรับอากาศแบบแยกส่วนชนิดแขวน 25,000 BTU | E82: 420-54-0165 | F82: 19 | G82: 1 | H82: 2554 | I82: 36000 | J82: งานส่งเสริมการท่องเที่ยว สำนักปลัดเทศบาล | K82: สำนักการศึกษา
A83: 11 | B83: ลป.52001 ทท/782 | C83: เครื่องปรับอากาศแบบแยกส่วนชนิดแขวน 25,000 BTU | E83: 420-54-0166 | F83: 19 | G83: 1 | H83: 2554 | I83: 36000 | J83: งานส่งเสริมการท่องเที่ยว สำนักปลัดเทศบาล | K83: สำนักการศึกษา
A84: 12 | B84: ลป.52001 ทท/782 | C84: เครื่องปรับอากาศแบบแยกส่วนชนิดแขวน 36,000 BTU | E84: 420-54-0167 | F84: 19 | G84: 1 | H84: 2554 | I84: 47663 | J84: งานส่งเสริมการท่องเที่ยว สำนักปลัดเทศบาล | K84: สำนักการศึกษา
... A109: 37 | B109: ลป.52001 ทท/782 | C109: เครื่องวัดอุณหภูมิ ยี่ห้อ CIG LL MO-T260 | E109: 298-63-0015 | F109: 9 | G109: 6 | H109: 2563 | I109: 2500 | J109: งานส่งเสริมการท่องเที่ยว สำนักปลัดเทศบาล | K109: สำนักการศึกษา
A110: 38 | B110: ลป.52001/287 | C110: ไมค์ประชุม | D110: ครุภัณฑ์ไฟฟ้าละวิทยุ | E110: 458-48-0126 | F110: 8 | G110: 12 | H110: 2548 | I110: 2700 | J110: สำนักปลัดเทศบาล (ห้องประชุมราชาวดี) | K110: กองสาธารณสุขและสิ่งแวดล้อม (ห้องประชุมพุทธรักษา)
A111: 39 | B111: ลป.52001/287 | C111: ไมค์ประชุม | D111: ครุภัณฑ์ไฟฟ้าละวิทยุ | E111: 458-48-0127 | F111: 8 | G111: 12 | H111: 2548 | I111: 2700 | J111: สำนักปลัดเทศบาล (ห้องประชุมราชาวดี) | K111: กองสาธารณสุขและสิ่งแวดล้อม (ห้องประชุมพุทธรักษา)
A112: 40 | B112: ลป.52001/287 | C112: ไมค์ประชุม | D112: ครุภัณฑ์ไฟฟ้าละวิทยุ | E112: 458-48-0128 | F112: 8 | G112: 12 | H112: 2548 | I112: 2700 | J112: สำนักปลัดเทศบาล (ห้องประชุมราชาวดี) | K112: กองสาธารณสุขและสิ่งแวดล้อม (ห้องประชุมพุทธรักษา)
A113: 41 | B113: ลป.52001/287 | C113: ไมค์ประชุม | D113: ครุภัณฑ์ไฟฟ้าละวิทยุ | E113: 458-48-0129 | F113: 8 | G113: 12 | H113: 2548 | I113: 2700 | J113: สำนักปลัดเทศบาล (ห้องประชุมราชาวดี) | K113: กองสาธารณสุขและสิ่งแวดล้อม (ห้องประชุมพุทธรักษา)
A114: 42 | B114: ลป.52001/287 | C114: ไมค์ประชุม | D114: ครุภัณฑ์ไฟฟ้าละวิทยุ | E114: 458-48-0130 | F114: 8 | G114: 12 | H114: 2548 | I114: 2700 | J114: สำนักปลัดเทศบาล (ห้องประชุมราชาวดี) | K114: กองสาธารณสุขและสิ่งแวดล้อม (ห้องประชุมพุทธรักษา)
A115: 43 | B115: ลป.52001/287 | C115: ไมค์ประชุม | D115: ครุภัณฑ์ไฟฟ้าละวิทยุ | E115: 458-48-0131 | F115: 8 | G115: 12 | H115: 2548 | I115: 2700 | J115: สำนักปลัดเทศบาล (ห้องประชุมราชาวดี) | K115: กองสาธารณสุขและสิ่งแวดล้อม (ห้องประชุมพุทธรักษา)
A116: 44 | B116: ลป.52001/287 | C116: ไมค์ประชุม | D116: ครุภัณฑ์ไฟฟ้าละวิทยุ | E116: 458-48-0132 | F116: 8 | G116: 12 | H116: 2548 | I116: 2700 | J116: สำนักปลัดเทศบาล (ห้องประชุมราชาวดี) | K116: กองสาธารณสุขและสิ่งแวดล้อม (ห้องประชุมพุทธรักษา)
A117: 45 | B117: ลป.52001/287 | C117: ไมค์ประชุม | D117: ครุภัณฑ์ไฟฟ้าละวิทยุ | E117: 458-48-0133 | F117: 8 | G117: 12 | H117: 2548 | I117: 2700 | J117: สำนักปลัดเทศบาล (ห้องประชุมราชาวดี) | K117: กองสาธารณสุขและสิ่งแวดล้อม (ห้องประชุมพุทธรักษา)
A118: 46 | B118: ลป.52001/287 | C118: ไมค์ประชุม | D118: ครุภัณฑ์ไฟฟ้าละวิทยุ | E118: 458-48-0134 | F118: 8 | G118: 12 | H118: 2548 | I118: 2700 | J118: สำนักปลัดเทศบาล (ห้องประชุมราชาวดี) | K118: กองสาธารณสุขและสิ่งแวดล้อม (ห้องประชุมพุทธรักษา)
A119: 47 | B119: ลป.52001/287 | C119: ไมค์ประชุม | D119: ครุภัณฑ์ไฟฟ้าละวิทยุ | E119: 458-48-0135 | F119: 8 | G119: 12 | H119: 2548 | I119: 2700 | J119: สำนักปลัดเทศบาล (ห้องประชุมราชาวดี) | K119: กองสาธารณสุขและสิ่งแวดล้อม (ห้องประชุมพุทธรักษา)
A120: 48 | B120: ลป.52001/287 | C120: ไมค์ประชุม | D120: ครุภัณฑ์ไฟฟ้าละวิทยุ | E120: 458-48-0136 | F120: 8 | G120: 12 | H120: 2548 | I120: 2700 | J120: สำนักปลัดเทศบาล (ห้องประชุมราชาวดี) | K120: กองสาธารณสุขและสิ่งแวดล้อม (ห้องประชุมพุทธรักษา)
A121: 49 | B121: ลป.52001/287 | C121: ไมค์ประชุม | D121: ครุภัณฑ์ไฟฟ้าละวิทยุ | E121: 458-48-0137 | F121: 8 | G121: 12 | H121: 2548 | I121: 2700 | J121: สำนักปลัดเทศบาล (ห้องประชุมราชาวดี) | K121: กองสาธารณสุขและสิ่งแวดล้อม (ห้องประชุมพุทธรักษา)
... A125: 53 | B125: ลป.52001/287 | C125: ไมค์ประชุม | D125: ครุภัณฑ์ไฟฟ้าละวิทยุ | E125: 458-48-0141 | F125: 8 | G125: 12 | H125: 2548 | I125: 2700 | J125: สำนักปลัดเทศบาล (ห้องประชุมราชาวดี) | K125: กองสาธารณสุขและสิ่งแวดล้อม (ห้องประชุมพุทธรักษา)
I129: =SUM(I73:I128) -> 1152297
A132: รายละเอียดครุภัณฑ์ต่ำกว่าเกณฑ์ของสำนักปลัดเทศบาล (โอนออก)
A134: ลำดับที่ | B134: เลขที่หนังสือ | C134: รายการ | D134: หมวดครุภัณฑ์ | E134: รหัสครุภัณฑ์ | F134: วัน | G134: เดือน | H134: ปี | I134: ราคาที่ได้มา | J134: หน่วยงาน | K134: โอนให้ | L134: แหล่งที่มา
A135: 1 | B135: ลป.52003/277 | C135: จอคอม (Monitor) | D135: ครุภัณฑ์คอมพิวเตอร์ | E135: 416-55-0030 | F135: 11 | G135: 6 | H135: 2555 | I135: 31900 | J135: ฝ่ายบริหารกิจการสภา | K135: ฝ่ายบริหารงานคลัง | L135: เงินรายได้
A136: 2 | B136: ลป.52003/277 | C136: จอคอม (Monitor) | D136: ครุภัณฑ์คอมพิวเตอร์ | E136: 416-55-0024 | F136: 11 | G136: 6 | H136: 2555 | I136: 31900 | J136: ฝ่ายบริหารกิจการสภา | K136: ฝ่ายบริหารงานคลัง | L136: เงินรายได้
I139: =SUM(I135:I138) -> 63800

Sheet ครุภัณฑ์ใหม่2567 ต่ำกว่าเกณฑ์
A1: ลำดับ | B1: รหัสสินทรัพย์ | C1: *ชนิดสินทรัพย์ | D1: รายละเอียดสินทรัพย์ | E1: *วันที่ได้มา (วว/ดด/ปปปป) | H1: *ราคาสินทรัพย์ (ราคาทุน) (บาท) | I1: *ได้มาโดย | J1: สถานที่ตั้ง | K1: งานที่รับผิดชอบ | L1: หมายเหตุ
C2: ครุภัณฑ์สำนักงาน
C3: เก้าอี้ (401)
A4: 1 | B4: 401-67-9939 | C4: ครุภัณฑ์สำนักงาน | D4: เก้าอี้ผู้บริหาร ยี้ห้อ MONO รุ่น AR THUR/H | E4: 18 | F4: 1 | G4: 2567 | H4: 5500 | I4: ซื้อ/จ้าง | J4: สำนักปลัด | K4: งานบริหารทั่วไป | L4: 52003/252
A5: 2 | B5: 401-67-9940 | C5: ครุภัณฑ์สำนักงาน | D5: เก้าอี้อเนกประสงค์ ยี่ห้อ TK รุ่น LK-16 | E5: 18 | F5: 1 | G5: 2567 | H5: 1100 | I5: ซื้อ/จ้าง | J5: สำนักปลัด | K5: งานบริหารทั่วไป | L5: 52003/252
A6: 3 | B6: 401-67-9941 | C6: ครุภัณฑ์สำนักงาน | D6: เก้าอี้อเนกประสงค์ ยี่ห้อ TK รุ่น LK-16 | E6: 18 | F6: 1 | G6: 2567 | H6: 1100 | I6: ซื้อ/จ้าง | J6: สำนักปลัด | K6: งานบริหารทั่วไป | L6: 52003/252
A7: 4 | B7: 401-67-9942 | C7: ครุภัณฑ์สำนักงาน | D7: เก้าอี้อเนกประสงค์ ยี่ห้อ TK รุ่น LK-16 | E7: 18 | F7: 1 | G7: 2567 | H7: 1100 | I7: ซื้อ/จ้าง | J7: สำนักปลัด | K7: งานบริหารทั่วไป | L7: 52003/252
A8: 5 | B8: 401-67-9943 | C8: ครุภัณฑ์สำนักงาน | D8: เก้าอี้อเนกประสงค์ ยี่ห้อ TK รุ่น LK-16 | E8: 18 | F8: 1 | G8: 2567 | H8: 1100 | I8: ซื้อ/จ้าง | J8: สำนักปลัด | K8: งานบริหารทั่วไป | L8: 52003/252
A9: 6 | B9: 401-67-9944 | C9: ครุภัณฑ์สำนักงาน | D9: เก้าอี้อเนกประสงค์ ยี่ห้อ TK รุ่น LK-16 | E9: 18 | F9: 1 | G9: 2567 | H9: 1100 | I9: ซื้อ/จ้าง | J9: สำนักปลัด | K9: งานบริหารทั่วไป | L9: 52003/252
A10: 7 | B10: 401-67-9945 | C10: ครุภัณฑ์สำนักงาน | D10: เก้าอี้อเนกประสงค์ ยี่ห้อ TK รุ่น LK-16 | E10: 18 | F10: 1 | G10: 2567 | H10: 1100 | I10: ซื้อ/จ้าง | J10: สำนักปลัด | K10: งานบริหารทั่วไป | L10: 52003/252
A11: 8 | B11: 401-67-9946 | C11: ครุภัณฑ์สำนักงาน | D11: เก้าอี้อเนกประสงค์ ยี่ห้อ TK รุ่น LK-16 | E11: 18 | F11: 1 | G11: 2567 | H11: 1100 | I11: ซื้อ/จ้าง | J11: สำนักปลัด | K11: งานบริหารทั่วไป | L11: 52003/252
A12: 9 | B12: 401-67-9947 | C12: ครุภัณฑ์สำนักงาน | D12: เก้าอี้อเนกประสงค์ ยี่ห้อ TK รุ่น LK-16 | E12: 18 | F12: 1 | G12: 2567 | H12: 1100 | I12: ซื้อ/จ้าง | J12: สำนักปลัด | K12: งานบริหารทั่วไป | L12: 52003/252
A13: 10 | B13: 401-67-9948 | C13: ครุภัณฑ์สำนักงาน | D13: เก้าอี้อเนกประสงค์ ยี่ห้อ TK รุ่น LK-16 | E13: 18 | F13: 1 | G13: 2567 | H13: 1100 | I13: ซื้อ/จ้าง | J13: สำนักปลัด | K13: งานบริหารทั่วไป | L13: 52003/252
A14: 11 | B14: 401-67-9949 | C14: ครุภัณฑ์สำนักงาน | D14: เก้าอี้อเนกประสงค์ ยี่ห้อ TK รุ่น LK-16 | E14: 18 | F14: 1 | G14: 2567 | H14: 1100 | I14: ซื้อ/จ้าง | J14: สำนักปลัด | K14: งานบริหารทั่วไป | L14: 52003/252
A15: 12 | B15: 401-67-9950 | C15: ครุภัณฑ์สำนักงาน | D15: เก้าอี้อเนกประสงค์ ยี่ห้อ TK รุ่น LK-16 | E15: 18 | F15: 1 | G15: 2567 | H15: 1100 | I15: ซื้อ/จ้าง | J15: สำนักปลัด | K15: งานบริหารทั่วไป | L15: 52003/252
... A105: 102 | B105: 401-67-10135 | C105: ครุภัณฑ์สำนักงาน | D105: เก้าอี้สำนักงาน Taiyo รุ่น CA555A สีดำ | E105: 26 | F105: 7 | G105: 2567 | H105: 3500 | I105: ซื้อ/จ้าง | J105: สำนักปลัดเทศบาล | K105: งานบริหารทั่วไป | L105: 52003/99
J106: 119000
C107: ตู้ (406)
A108: 1 | B108: 406-67-1470 | C108: ครุภัณฑ์สำนักงาน | D108: ตู้เหล็กแบบบานเลื่อนกระจก ขนาด120x40x88เซ็นติเมตร | E108: 23 | F108: 4 | G108: 2567 | H108: 4200 | I108: ซื้อ/จ้าง | J108: สำนักปลัดเทศบาล | K108: งานป้องกันและบรรเทาสาธารณภัย
A109: 2 | B109: 406-67-1471 | C109: ครุภัณฑ์สำนักงาน | D109: ตู้เหล็กแบบสองบาน ขนาด 920 x 460 x 1830 เซ็นติเมตร | E109: 23 | F109: 4 | G109: 2567 | H109: 6000 | I109: ซื้อ/จ้าง | J109: สำนักปลัดเทศบาล | K109: งานป้องกันและบรรเทาสาธารณภัย
A110: 3 | B110: 406-66-1423 | C110: ครุภัณฑ์สำนักงาน | D110: ตู้เหล็กแบบ 2 บาน ยี่ห้อ TAIYO ครุภัณฑ์มากับโครงการปรับปรุง อาคาร B ตลาดเทศบาล 4 เพื่อเป็นอาคารเก็บพัสดุกลาง สัญญาจ้างก่อสร้าง เลขที่ 17/2566 ลว.17 ก.ค. 2566 มูลค่าก่อสร้างจำวนเงินทั้งสิ้น 2,484,000 บาท | E110: 15 | F110: 11 | G110: 2566 | H110: 5882 | I110: ซื้อ/จ้าง | J110: สำนักปลัดเทศบาล (งานทะเบียนราษฯ) | K110: งานบริหารทั่วไป
A111: 4 | B111: 406-66-1424 | C111: ครุภัณฑ์สำนักงาน | D111: ตู้เหล็กแบบ 2 บาน ยี่ห้อ TAIYO ครุภัณฑ์มากับโครงการปรับปรุง อาคาร B ตลาดเทศบาล 4 เพื่อเป็นอาคารเก็บพัสดุกลาง สัญญาจ้างก่อสร้าง เลขที่ 17/2566 ลว.17 ก.ค. 2566 มูลค่าก่อสร้างจำวนเงินทั้งสิ้น 2,484,000 บาท | E111: 15 | F111: 11 | G111: 2566 | H111: 5885 | I111: ซื้อ/จ้าง | J111: สำนักปลัดเทศบาล (งานทะเบียนราษฯ) | K111: งานบริหารทั่วไป
A112: 5 | B112: 406-66-1425 | C112: ครุภัณฑ์สำนักงาน | D112: ตู้เหล็กแบบ 2 บาน ยี่ห้อ TAIYO ครุภัณฑ์มากับโครงการปรับปรุง อาคาร B ตลาดเทศบาล 4 เพื่อเป็นอาคารเก็บพัสดุกลาง สัญญาจ้างก่อสร้าง เลขที่ 17/2566 ลว.17 ก.ค. 2566 มูลค่าก่อสร้างจำวนเงินทั้งสิ้น 2,484,000 บาท | E112: 15 | F112: 11 | G112: 2566 | H112: 5885 | I112: ซื้อ/จ้าง | J112: สำนักปลัดเทศบาล (งานทะเบียนราษฯ) | K112: งานบริหารทั่วไป
A113: 6 | B113: 406-66-1426 | C113: ครุภัณฑ์สำนักงาน | D113: ตู้เหล็กแบบ 2 บาน ยี่ห้อ TAIYO ครุภัณฑ์มากับโครงการปรับปรุง อาคาร B ตลาดเทศบาล 4 เพื่อเป็นอาคารเก็บพัสดุกลาง สัญญาจ้างก่อสร้าง เลขที่ 17/2566 ลว.17 ก.ค. 2566 มูลค่าก่อสร้างจำวนเงินทั้งสิ้น 2,484,000 บาท | E113: 15 | F113: 11 | G113: 2566 | H113: 5885 | I113: ซื้อ/จ้าง | J113: สำนักปลัดเทศบาล (งานทะเบียนราษฯ) | K113: งานบริหารทั่วไป
A114: 7 | B114: 406-66-1427 | C114: ครุภัณฑ์สำนักงาน | D114: ตู้เหล็กแบบ 2 บาน ยี่ห้อ TAIYO ครุภัณฑ์มากับโครงการปรับปรุง อาคาร B ตลาดเทศบาล 4 เพื่อเป็นอาคารเก็บพัสดุกลาง สัญญาจ้างก่อสร้าง เลขที่ 17/2566 ลว.17 ก.ค. 2566 มูลค่าก่อสร้างจำวนเงินทั้งสิ้น 2,484,000 บาท | E114: 15 | F114: 11 | G114: 2566 | H114: 5885 | I114: ซื้อ/จ้าง | J114: สำนักปลัดเทศบาล (งานทะเบียนราษฯ) | K114: งานบริหารทั่วไป
A115: 8 | B115: 406-66-1428 | C115: ครุภัณฑ์สำนักงาน | D115: ตู้เหล็กแบบ 2 บาน ยี่ห้อ TAIYO ครุภัณฑ์มากับโครงการปรับปรุง อาคาร B ตลาดเทศบาล 4 เพื่อเป็นอาคารเก็บพัสดุกลาง สัญญาจ้างก่อสร้าง เลขที่ 17/2566 ลว.17 ก.ค. 2566 มูลค่าก่อสร้างจำวนเงินทั้งสิ้น 2,484,000 บาท | E115: 15 | F115: 11 | G115: 2566 | H115: 5885 | I115: ซื้อ/จ้าง | J115: สำนักปลัดเทศบาล (งานทะเบียนราษฯ) | K115: งานบริหารทั่วไป
A116: 9 | B116: 406-66-1429 | C116: ครุภัณฑ์สำนักงาน | D116: ตู้เหล็กแบบ 2 บาน ยี่ห้อ TAIYO ครุภัณฑ์มากับโครงการปรับปรุง อาคาร B ตลาดเทศบาล 4 เพื่อเป็นอาคารเก็บพัสดุกลาง สัญญาจ้างก่อสร้าง เลขที่ 17/2566 ลว.17 ก.ค. 2566 มูลค่าก่อสร้างจำวนเงินทั้งสิ้น 2,484,000 บาท | E116: 15 | F116: 11 | G116: 2566 | H116: 5885 | I116: ซื้อ/จ้าง | J116: สำนักปลัดเทศบาล (งานทะเบียนราษฯ) | K116: งานบริหารทั่วไป
A117: 10 | B117: 406-66-1430 | C117: ครุภัณฑ์สำนักงาน | D117: ตู้เหล็กแบบ 2 บาน ยี่ห้อ TAIYO ครุภัณฑ์มากับโครงการปรับปรุง อาคาร B ตลาดเทศบาล 4 เพื่อเป็นอาคารเก็บพัสดุกลาง สัญญาจ้างก่อสร้าง เลขที่ 17/2566 ลว.17 ก.ค. 2566 มูลค่าก่อสร้างจำวนเงินทั้งสิ้น 2,484,000 บาท | E117: 15 | F117: 11 | G117: 2566 | H117: 5885 | I117: ซื้อ/จ้าง | J117: สำนักปลัดเทศบาล (งานทะเบียนราษฯ) | K117: งานบริหารทั่วไป
A118: 11 | B118: 406-66-1431 | C118: ครุภัณฑ์สำนักงาน | D118: ตู้เหล็กแบบ 2 บาน ยี่ห้อ TAIYO ครุภัณฑ์มากับโครงการปรับปรุง อาคาร B ตลาดเทศบาล 4 เพื่อเป็นอาคารเก็บพัสดุกลาง สัญญาจ้างก่อสร้าง เลขที่ 17/2566 ลว.17 ก.ค. 2566 มูลค่าก่อสร้างจำวนเงินทั้งสิ้น 2,484,000 บาท | E118: 15 | F118: 11 | G118: 2566 | H118: 5885 | I118: ซื้อ/จ้าง | J118: สำนักปลัดเทศบาล (งานทะเบียนราษฯ) | K118: งานบริหารทั่วไป
A119: 12 | B119: 406-66-1432 | C119: ครุภัณฑ์สำนักงาน | D119: ตู้เหล็กแบบ 2 บาน ยี่ห้อ TAIYO ครุภัณฑ์มากับโครงการปรับปรุง อาคาร B ตลาดเทศบาล 4 เพื่อเป็นอาคารเก็บพัสดุกลาง สัญญาจ้างก่อสร้าง เลขที่ 17/2566 ลว.17 ก.ค. 2566 มูลค่าก่อสร้างจำวนเงินทั้งสิ้น 2,484,000 บาท | E119: 15 | F119: 11 | G119: 2566 | H119: 5885 | I119: ซื้อ/จ้าง | J119: สำนักปลัดเทศบาล (งานทะเบียนราษฯ) | K119: งานบริหารทั่วไป
... A125: 18 | B125: 406-66-1438 | C125: ครุภัณฑ์สำนักงาน | D125: ตู้เหล็กแบบ 2 บาน ยี่ห้อ TAIYO ครุภัณฑ์มากับโครงการปรับปรุง อาคาร B ตลาดเทศบาล 4 เพื่อเป็นอาคารเก็บพัสดุกลาง สัญญาจ้างก่อสร้าง เลขที่ 17/2566 ลว.17 ก.ค. 2566 มูลค่าก่อสร้างจำวนเงินทั้งสิ้น 2,484,000 บาท | E125: 15 | F125: 11 | G125: 2566 | H125: 5885 | I125: ซื้อ/จ้าง | J125: สำนักปลัดเทศบาล (งานทะเบียนราษฯ) | K125: งานบริหารทั่วไป
A126: 19 | B126: 406-67-1463 | C126: ครุภัณฑ์สำนักงาน | D126: ตู้ล็อกเกอร์ 18 ช่อง ยี่ห้อ TAIYO รุ่น LK-018 | E126: 18 | F126: 1 | G126: 2567 | H126: 8000 | I126: ซื้อ/จ้าง | J126: สำนักปลัด | K126: งานบริหารทั่วไป | L126: 52003/252
A127: 20 | B127: 406-67-1464 | C127: ครุภัณฑ์สำนักงาน | D127: ตู้เหล็กบานเลื่อนกระจก ยี่ห้อ TAIYO รุ่น R-025 | E127: 18 | F127: 1 | G127: 2567 | H127: 5000 | I127: ซื้อ/จ้าง | J127: สำนักปลัด | K127: งานบริหารทั่วไป | L127: 52003/252
J128: 117357
C129: โต๊ะ (400)
A130: 1 | B130: 481-66-0061 | C130: ครุภัณฑ์สำนักงาน | D130: โต๊ะหมู่บูชา 1 ชุด 9 ตัว | E130: 10 | F130: 11 | G130: 2566 | H130: 8500 | I130: ซื้อ/จ้าง | J130: สำนักปลัดเทศบาล | K130: งานบริหารทั่วไป | L130: 52003/113
A131: 2 | B131: 400-67-6969 | C131: ครุภัณฑ์สำนักงาน | D131: โต๊ะทำงานเหล็ก พร้อมกระจก ยี่ห้อ TAIYO รุ่น TTD-50 | E131: 18 | F131: 1 | G131: 2567 | H131: 8500 | I131: ซื้อ/จ้าง | J131: สำนักปลัด | K131: งานบริหารทั่วไป | L131: 52003/252
A132: 3 | B132: 400-67-7519 | C132: ครุภัณฑ์สำนักงาน | D132: โต๊ะวางคอมพิวเตอร์ ยี่ห้อ ITM | E132: 26 | F132: 7 | G132: 2567 | H132: 7300 | I132: ซื้อ/จ้าง | J132: สำนักปลัดเทศบาล | K132: งานบริหารทั่วไป | L132: 52003/99
J133: 24300
J134: =SUM(J4:J133) -> 260657
C135: ครุภัณฑ์การเกษตร
C136: เครื่องสูบน้ำ (055)
A137: 1 | B137: 055-67-0298 | C137: ครุภัณฑ์การเกษตร | D137: เครื่องสูบน้ำแบบหอยโข่งมอเตอร์ไฟฟ้า สูบน้ำได้ 450 ลิตรต่อนาที | E137: 6 | F137: 2 | G137: 2567 | H137: 9000 | I137: ซื้อ/จ้าง | J137: สำนักปลัดเทศบาล | K137: งานบริหารทั่วไป | L137: 52003/270
J138: 9000
C139: ครุภัณฑ์คอมพิวเตอร์
C140: เครื่องพิมพ์ (416)
A141: 1 | B141: 416-66-2308 | C141: ครุภัณฑ์คอมพิวเตอร์ | D141: เครื่องพิมพ์ Multifunction | E141: 15 | F141: 11 | G141: 2566 | H141: 6900 | I141: ซื้อ/จ้าง | J141: สำนักปลัด | K141: งานบริหารทั่วไป | M141: หมายเหตุเลขเดิม 416-66-2324
A142: 2 | B142: 416-66-2309 | C142: ครุภัณฑ์คอมพิวเตอร์ | D142: เครื่องพิมพ์ Multifunction | E142: 15 | F142: 11 | G142: 2566 | H142: 6900 | I142: ซื้อ/จ้าง | J142: สำนักปลัด | K142: งานบริหารทั่วไป | M142: หมายเหตุเลขเดิม 416-66-2325
A143: 3 | B143: 416-66-2310 | C143: ครุภัณฑ์คอมพิวเตอร์ | D143: เครื่องพิมพ์ Multifunction | E143: 15 | F143: 11 | G143: 2566 | H143: 6900 | I143: ซื้อ/จ้าง | J143: สำนักปลัด | K143: งานบริหารทั่วไป | M143: หมายเหตุเลขเดิม 416-66-2326
A144: 4 | B144: 416-66-2317 | C144: ครุภัณฑ์คอมพิวเตอร์ | D144: เครื่องพิมพ์ Multifunction แบบหัวฉีดพร้อมติดตั้งถังหมึก | E144: 15 | F144: 11 | G144: 2566 | H144: 6900 | I144: ซื้อ/จ้าง | J144: สำนักปลัด | K144: งบกลาง | L144: 52003/199 | M144: หมายเหตุเลขเดิม 416-66-2333
J145: 27600
C146: เครื่องสำรองไฟ (416)
A147: 1 | B147: 416-66-2311 | C147: ครุภัณฑ์คอมพิวเตอร์ | D147: เครื่องสำรองไฟ ขนาด 1 kVA | E147: 15 | F147: 11 | G147: 2566 | H147: 1790 | I147: ซื้อ/จ้าง | J147: สำนักปลัด | K147: งานบริหารทั่วไป | M147: หมายเหตุเลขเดิม 416-66-2327
A148: 2 | B148: 416-66-2312 | C148: ครุภัณฑ์คอมพิวเตอร์ | D148: เครื่องสำรองไฟ ขนาด 1 kVA | E148: 15 | F148: 11 | G148: 2566 | H148: 1790 | I148: ซื้อ/จ้าง | J148: สำนักปลัด | K148: งานบริหารทั่วไป | M148: หมายเหตุเลขเดิม 416-66-2328
A149: 3 | B149: 416-66-2319 | C149: ครุภัณฑ์คอมพิวเตอร์ | D149: เครื่องสำรองไฟฟ้า ขนาด 1 kVA | E149: 15 | F149: 11 | G149: 2566 | H149: 1790 | I149: ซื้อ/จ้าง | J149: สำนักปลัด | K149: งานบริหารทั่วไป | L149: 52003/199 | M149: หมายเหตุเลชเดิม 416-66-2335
A150: 4 | B150: 416-66-2320 | C150: ครุภัณฑ์คอมพิวเตอร์ | D150: เครื่องสำรองไฟฟ้า ขนาด 1 kVA | E150: 15 | F150: 11 | G150: 2566 | H150: 1790 | I150: ซื้อ/จ้าง | J150: สำนักปลัด | K150: งานบริหารทั่วไป | L150: 52003/199 | M150: หมายเหตุเลขเดิม 416-66-2482
A151: 5 | B151: 416-66-2321 | C151: ครุภัณฑ์คอมพิวเตอร์ | D151: เครื่องสำรองไฟฟ้า ขนาด 1 kVA | E151: 15 | F151: 11 | G151: 2566 | H151: 1790 | I151: ซื้อ/จ้าง | J151: สำนักปลัด | K151: งานบริหารทั่วไป | L151: 52003/199 | M151: หมายเหตุเลขเดิม 416-66-2483
J152: =SUM(H147:H151) -> 8950
C153: สแกนเนอร์ (416)
A154: 1 | B154: 416-66-2318 | C154: ครุภัณฑ์คอมพิวเตอร์ | D154: สแกนเนอร์ สำหรับงานเก็บเอกสารรับศูนย์บริการ แบบที่ 1 | E154: 15 | F154: 11 | G154: 2566 | H154: 8200 | I154: ซื้อ/จ้าง | J154: สำนักปลัด | K154: งานบริหารทั่วไป | M154: หมายเหตุเลฃเดิม 416-66-2334
J155: 8200
J156: =SUM(J141:J155) -> 44750
D157: รวมทั้งหมด | H157: =SUM(H4:H156) -> 314407

Sheet โอนอาคาร2567
A1: รายละเอียดอาคารของสำนักปลัดเทศบาล (รับโอน)
A3: ลำดับที่ | B3: เลขที่หนังสือ | C3: รายการ | D3: หมวดครุภัณฑ์ | E3: รหัสครุภัณฑ์ | F3: วัน | G3: เดือน | H3: ปี | I3: ราคาที่ได้มา | J3: หน่วยงาน | K3: ได้มาจาก | L3: แหล่งที่มา
B4: ลป 52006/018 | C4: อาคารศูนย์นันทนาการสร้างสรรค์ (โฮงละกอน) | D4: อาคาร | E4: 013-21-0001 | I4: 3002864 | J4: งานธุรการ ฝ่ายบริหารงานทั่วไป สำนักปลัดเทศบาล | K4: สำนักการศึกษา
A38: รายละเอียดอาคารของสำนักปลัดเทศบาล (โอนออก)
A40: ลำดับที่ | B40: เลขที่หนังสือ | C40: รายการ | D40: หมวดครุภัณฑ์ | E40: รหัสครุภัณฑ์ | F40: วัน | G40: เดือน | H40: ปี | I40: ราคาที่ได้มา | J40: หน่วยงาน | K40: โอนให้ | L40: แหล่งที่มา

Sheet แบบกข.
A1: งบทรัพย์สินเทศบาลนครลำปาง
A3: ณ กันยายน 2567
A4: ประเภททรัพย์สิน | B4: รหัสพัสดุ | C4: ครุภัณฑ์ | E4: ครุภัณฑ์ต่ำกว่าเกณฑ์ (วัสดุ)
C5: จำนวนรายการ | D5: จำนวนเงินที่ได้มา | E5: จำนวนรายการ | F5: จำนวนเงินที่ได้มา
A6: ก. อสังหาริมทรัพย์
A7: 1. ที่ดิน
A8: 2. อาคารและโรงเรียน | C8: =อาคาร!A16 -> 6 | D8: =อาคาร!E16 -> 14661018
A9: 3. สิ่งก่อสร้างอื่น
A10: 3.1 สิ่งปลูกสร้าง
A11: 3.2 ตลาด
A12: 3.3 โรงเรียน
A13: อาคารเรียน
A14: อาคารโรงพละศึกษา
A15: อาคารโรงฝึกงาน
A16: สถานที่ดื่มน้ำยึดติดกับพื้นดิน
A17: 3.4 ฌาปนสถาน
A18: 3.5 บ่อหมักสิ่งปฏิกูล
A19: 3.6 เตาเผาขยะ
A20: 3.7 หอถังระบบน้ำบาดาล
A21: 3.8 หอนาฬิกา | C21: =สิ่งปลูกสร้าง!A9 -> 1 | D21: =สิ่งปลูกสร้าง!E9 -> 152000
A22: 3.9 ป้ายประชาสัมพันธ์ | C22: =สิ่งปลูกสร้าง!A118 -> 106 | D22: =สิ่งปลูกสร้าง!E118 -> 459830
A23: 3.10 สระว่ายน้ำ
A24: 3.11 สะพาน
A25: 3.12 รั้ว
A26: 3.13 อื่น ๆ
A27: 3.13.1 หอกระจายข่าว
A28: 3.13.2 ก่อสร้างห้องน้ำสำหรับผู้พิการ | C28: =สิ่งปลูกสร้าง!A121 -> 1 | D28: =สิ่งปลูกสร้าง!E121 -> 199500
A29: 3.13.3 ก่อสร้างศาลพระภูมิ | C29: =สิ่งปลูกสร้าง!A124 -> 1 | D29: =สิ่งปลูกสร้าง!E124 -> 299000
A30: 3.13.4 ป้ายแสดงประวัติ | C30: =สิ่งปลูกสร้าง!A138 -> 12 | D30: =สิ่งปลูกสร้าง!E138 -> 146541
A31: 3.13.5 รั้วบริเวณด้านทิศตะวันออกอาคารดับเพลิง | C31: =สิ่งปลูกสร้าง!A141 -> 1 | D31: =สิ่งปลูกสร้าง!E141 -> 30000
A32: 3.13.6 โรงจอดรถเทศบาล | C32: =สิ่งปลูกสร้าง!A144 -> 1 | D32: =สิ่งปลูกสร้าง!E144 -> 9150
A33: 3.13.7 ก่อสร้างโรงจอดรถยนต์ | C33: =สิ่งปลูกสร้าง!A147 -> 1 | D33: =สิ่งปลูกสร้าง!E147 -> 476000
A34: 3.13.8 ติดตั้งเสาสัญญาณวิทยุสื่อสาร | C34: =สิ่งปลูกสร้าง!A150 -> 1 | D34: =สิ่งปลูกสร้าง!E150 -> 80900.73
A35: รวมอสังหาริมทรัพย์ | C35: =C34+C33+C32+C31+C30+C29+C28+C22+C21+C8 -> 131 | D35: =D34+D33+D32+D31+D30+D29+D28+D22+D21+D8 -> 16513940 | E35: =SUM(F3) -> 0
A37: ข. สังหาริมทรัพย์
A38: 1. ครุภัณฑ์สำนักงาน
A39: ป้ายปิดประกาศ | C39: =สำนักงาน!A40 -> 31 | D39: =สำนักงาน!E40 -> 472051.91
A40: โต๊ะ | C40: =สำนักงาน!A274 -> 227 | D40: =สำนักงาน!E274 -> 1163306.1 | E40: ='ส่งคลัง (ต)'!A24 -> 14 | F40: ='ส่งคลัง (ต)'!E24 -> 57260
A41: เก้าอี้ | C41: =สำนักงาน!A764 -> 487 | D41: =สำนักงาน!E764 -> 879613.6 | E41: ='ส่งคลัง (ต)'!A146 -> 118 | F41: ='ส่งคลัง (ต)'!E146 -> 152760
A42: ม้านั่ง
A43: ชุดรับแขก | C43: =สำนักงาน!A802 -> 35 | D43: =สำนักงาน!E802 -> 450936
A44: ชั้นวางของ | C44: =สำนักงาน!A827 -> 22 | D44: =สำนักงาน!E827 -> 123850 | E44: ='ส่งคลัง (ต)'!A154 -> 5 | F44: ='ส่งคลัง (ต)'!E154 -> 7550
A45: โพเดียม แท่นกล่าวรายงาน | C45: =สำนักงาน!A831 -> 1 | D45: =สำนักงาน!E831 -> 30000
A46: ตู้ | C46: =สำนักงาน!A971 -> 141 | D46: =สำนักงาน!E971 -> 1116504 | E46: ='ส่งคลัง (ต)'!A187 -> 27 | F46: ='ส่งคลัง (ต)'!E187 -> 139937
A47: กระดาน, ไวท์บอร์ด,บอร์ดนิทรรศการ | C47: =สำนักงาน!A977 -> 3 | D47: =สำนักงาน!E977 -> 12242
A48: นาฬิกา | C48: =สำนักงาน!A981 -> 1 | D48: =สำนักงาน!E981 -> 800
A49: พระพุทธรูป | C49: =สำนักงาน!A984 -> 1 | D49: =สำนักงาน!E984 -> 2500
A50: พระบรมฉายาลักษณ์
A51: เครื่องบันทึกเงินสด
A52: เครื่องพิมพ์ดีด | C52: =สำนักงาน!A988 -> 1 | D52: =สำนักงาน!E988 -> 8600
A53: เครื่องคำนวนเลข | C53: =สำนักงาน!A994 -> 3 | D53: =สำนักงาน!E994 -> 9600
A54: เครื่องถ่ายเอกสาร, เครื่องถ่ายพิมพ์เขียว
A55: เครื่องอัดสำเนา
A56: เครื่องปรุกระดาษไข
A57: เครื่องปรับอากาศ | C57: =สำนักงาน!A1106 -> 110 | D57: =สำนักงาน!E1106 -> 5984665.1
A58: เครื่องขัดพื้น
A59: เครื่องชุมสายโทรศัพท์
A60: เครื่องโทรศัพท์, โทรศัพท์มือถือ | C60: =สำนักงาน!A1113 -> 4 | D60: =สำนักงาน!E1113 -> 9830
A61: เครื่องโทรสาร | C61: =สำนักงาน!A1119 -> 3 | D61: =สำนักงาน!E1119 -> 23000 | E61: ='ส่งคลัง (ต)'!A193 -> 3 | F61: ='ส่งคลัง (ต)'!E193 -> 13945
A62: เครื่องถอดเทป
A63: ตู้เซฟ ตู้นิรภัย
A64: เคาน์เตอร์ | C64: =สำนักงาน!A1124 -> 2 | D64: =สำนักงาน!E1124 -> 28900
A65: พรม
A66: เครื่องฟอกอากาศ | C66: =สำนักงาน!A1136 -> 9 | D66: =สำนักงาน!E1136 -> 495000
A67: พัดลม | C67: =สำนักงาน!A1192 -> 54 | D67: =สำนักงาน!E1192 -> 145270
A68: มู่ลี่
A69: ม่านปรับแสง | C69: =สำนักงาน!A1211 -> 17 | D69: =สำนักงาน!E1211 -> 237505
A70: บันได
A71: ถังน้ำ | C71: =สำนักงาน!A1220 -> 7 | D71: =สำนักงาน!E1220 -> 48137
A72: เครื่องดูดฝุ่น | C72: =สำนักงาน!A1224 -> 1 | D72: =สำนักงาน!E1224 -> 9900
A73: มาตรสำหรับตรวจวงจรไฟฟ้า, มิเตอร์ไฟฟ้า
A74: เครื่องทำลายเอกสาร | C74: =สำนักงาน!A1231 -> 4 | D74: =สำนักงาน!E1231 -> 178000
A75: ที่นั่งหมุน
A76: โต๊ะหมู่บูชา | C76: =สำนักงาน!A1237 -> 3 | D76: =สำนักงาน!E1237 -> 14160 | E76: ='ส่งคลัง (ต)'!A197 -> 1 | F76: ='ส่งคลัง (ต)'!E197 -> 8500
A77: ไฟฉุกเฉิน | C77: =สำนักงาน!A1245 -> 5 | D77: =สำนักงาน!E1245 -> 41500
A78: ภาพแกะสลัก | C78: =สำนักงาน!A1249 -> 1 | D78: =สำนักงาน!E1249 -> 50000
A79: ฉากกั้นห้อง | C79: =สำนักงาน!A1291 -> 38 | D79: =สำนักงาน!E1291 -> 195300
A80: เครื่องจัดลำดับคิว | C80: =สำนักงาน!A1294 -> 1 | D80: =สำนักงาน!E1294 -> 234009
A81: เครื่องสแกนลายนิ้วมือ | C81: =สำนักงาน!A1297 -> 1 | D81: =สำนักงาน!E1297 -> 9400
A82: เครื่องพิมพ์บัตร
A83: รถเข็นสำนักงาน
A84: ถังเก็บน้ำสแตนเลส*
A85: รวมทั้งสิ้น | C85: =SUM(C39:C84) -> 1213 | D85: =SUM(D39:D84) -> 11974580 | E85: =E76+E61+E46+E44+E41+E40 -> 168 | F85: =F76+F61+F46+F44+F41+F40 -> 379952
A86: 2. ครุภัณฑ์ยานพาหนะและขนส่ง
A87: รถยนต์นั่ง รถตู้ ไม่เกิน 15 คน
A88: รถบรรทุก รถบิ๊กอัพ | C88: =ยานพาหนะฯ!A24 -> 7 | D88: =ยานพาหนะฯ!E24 -> 3863800
A89: รถดับเพลิง | C89: =ยานพาหนะฯ!A62 -> 9 | D89: =ยานพาหนะฯ!E62 -> 49547812
A90: รถบรรทุกน้ำ | C90: =ยานพาหนะฯ!A89 -> 6 | D90: =ยานพาหนะฯ!E89 -> 14605152
A91: รถดูดสิ่งปฏิกูล
A92: รถกวาดถนน
A93: รถบรรทุกขยะมูลฝอย
A94: รถกระเช้า
A95: รถยก รถปั้นจั่น
A96: รถกระบะยกเท 2 - 15 ตัน
A97: รถม้าลาก
A98: รถจักรยานยนต์ | C98: =ยานพาหนะฯ!A97 -> 4 | D98: =ยานพาหนะฯ!E97 -> 378000
A99: รถจักรยาน | C99: =ยานพาหนะฯ!A128 -> 29 | D99: =ยานพาหนะฯ!E128 -> 178100
A100: รถสามล้อแดง, รถดั้มเปอร์เล็ก, รถเก็บสายยาง,รถตรวจการณ์
A101: เรือยนต์, เรือเร็ว | C101: =ยานพาหนะฯ!A132 -> 2 | D101: =ยานพาหนะฯ!E132 -> 929900
A102: เรือติดท้าย
...

Sheet อาคาร
A1: รายละเอียดสิ่งปลูกสร้าง สำนักปลัดเทศบาล
A2: ณ ตุลาคม 2566
A4: ลำดับ | B4: รายการ | C4: รหัสครุภัณฑ์ | D4: วัน เดือน ปี | E4: ราคาที่ได้มา | F4: สภาพครุภัณฑ์
A5: ที่ | D5: ที่ได้มา | F5: สถานที่ใช้งาน | G5: ใช้ได้ | H5: ชำรุด | I5: เสื่อม | J5: สูญหาย | K5: เก็บ | L5: หมดความ | M5: หมายเหตุ
I6: สภาพ | K6: ไว้นาน | L6: จำเป็น
B7: อสังหาริมทรัพย์
A8: 1 | B8: อาคารหอปูมละกอน | C8: 005-94-0001 | D8: 5 ม.ค. 2494 | E8: 440000 | F8: งานส่งเสริมการท่องเที่ยว สำนักปลัดเทศบาล | G8: / | M8: ลป52006/1074 รับโอนมาจากฝ่ายบริหารงานทั่วไป สำนักการศึกษา
A9: 2 | B9: อาคารหอปูมละกอน (ปรับปรุงต่อเติมห้องทำงาน) | C9: 005-94-0001 | D9: 5 ก.ค.47 | E9: 200000 | F9: งานส่งเสริมการท่องเที่ยว สำนักปลัดเทศบาล | G9: / | M9: ลป52006/1074 รับโอนมาจากฝ่ายบริหารงานทั่วไป สำนักการศึกษา
A10: 3 | B10: อาคารหอปูมละกอน (ปรับปรุงอาคารเป็นพิพิธภัณฑ์) | C10: 005-94-0001 | D10: 4 ม.ค. 54 | E10: 7925000 | F10: งานส่งเสริมการท่องเที่ยว สำนักปลัดเทศบาล | G10: / | M10: ลป52006/1074 รับโอนมาจากฝ่ายบริหารงานทั่วไป สำนักการศึกษา
A11: 4 | B11: อาคารหอปูมละกอน (ก่อสร้างร้านถ่ายรูป อาคารหอปูมละกอน) | C11: 005-94-0001 | D11: 5 ต.ค. 54 | E11: 90290 | F11: งานส่งเสริมการท่องเที่ยว สำนักปลัดเทศบาล | G11: / | M11: ลป52006/1074 รับโอนมาจากฝ่ายบริหารงานทั่วไป สำนักการศึกษา
A12: 5 | B12: อาคารศูนย์นันทนาการสร้างสรรค์ (โฮงละกอน) | C12: 013-21-0001 | E12: 3002864 | F12: งานธุรการ สำนักปลัดเทศบาล | G12: / | M12: ลป 52006/018 ลงวันที่ 7 พฤษภาคม 2567 รับโอนมาจาก สำนักการศึกษา
A13: 6 | B13: อาคารศูนย์นันทนาการสร้างสรรค์ (โฮงละกอน) | C13: 013-21-0001 | E13: 3002864 | F13: งานธุรการ สำนักปลัดเทศบาล | G13: / | M13: ลป 52006/018 รับโอนมาจาก สำนักการศึกษา
A14: 6 | D14: รวม | E14: =SUM(E8:E13) -> 14661018
A16: 6 | D16: รวมทั้งสิ้น | E16: =E14 -> 14661018

Sheet สิ่งปลูกสร้าง
A1: รายละเอียดสิ่งปลูกสร้าง สำนักปลัดเทศบาล
A2: ณ ตุลาคม 2566
A4: ลำดับ | B4: รายการ | C4: รหัสครุภัณฑ์ | D4: วัน เดือน ปี | E4: ราคาที่ได้มา | F4: สภาพครุภัณฑ์
A5: ที่ | D5: ที่ได้มา | F5: สถานที่ใช้งาน | G5: ใช้ได้ | H5: ชำรุด | I5: เสื่อม | J5: สูญหาย | K5: เก็บ | L5: หมดความ | M5: หมายเหตุ
I6: สภาพ | K6: ไว้นาน | L6: จำเป็น
B7: อสังหาริมทรัพย์
A8: 1 | B8: หอนาฬิกา | C8: 183-00-0001 | D8: 1 ม.ค. 2500 | E8: 152000 | F8: สำนักปลัดฯ | G8: /
A9: 1 | E9: =SUM(E8) -> 152000
B11: ป้าย
A12: 1 | B12: ป้ายชี้ทางสถานที่สำคัญ (ก่อนถึงร้านแสงฟ้า) | C12: 185-48-0023 | D12: 17708 | E12: 1828.3 | F12: งานท่องเที่ยว | G12: /
A13: 2 | B13: ป้ายชี้ทางสถานที่สำคัญ (หน้าวัดสวนดอก) | C13: 185-48-0024 | D13: 17708 | E13: 1828.3 | F13: งานท่องเที่ยว | G13: /
A14: 3 | B14: ป้ายชี้ทางสถานที่สำคัญ (หน้าห้างทองช้างสวัสดิ์) | C14: 185-48-0025 | D14: 17708 | E14: 1828.3 | F14: งานท่องเที่ยว | G14: /
A15: 4 | B15: ป้ายชี้ทางสถานที่สำคัญ (ก่อนถึงวัดท่ามะโอ) | C15: 185-48-0026 | D15: 17708 | E15: 1828.3 | F15: งานท่องเที่ยว | G15: /
A16: 5 | B16: ป้ายชี้ทางสถานที่สำคัญ (ก่อนถึงวัดท่ามะโอ) | C16: 185-48-0027 | D16: 17708 | E16: 1828.3 | F16: งานท่องเที่ยว | G16: /
A17: 6 | B17: ป้ายชี้ทางสถานที่สำคัญ (เลยวัดประตูต้นผึ้ง) | C17: 185-48-0028 | D17: 17708 | E17: 1828.3 | F17: งานท่องเที่ยว | G17: /
A18: 7 | B18: ป้ายชี้ทางสถานที่สำคัญ (เลยวัดประตูต้นผึ้ง) | C18: 185-48-0029 | D18: 17708 | E18: 1828.3 | F18: งานท่องเที่ยว | G18: /
A19: 8 | B19: ป้ายชี้ทางสถานที่สำคัญ (ตรงข้ามแขวงป่าไม้เดิม) | C19: 185-48-0030 | D19: 17708 | E19: 1828.3 | F19: งานท่องเที่ยว | G19: /
A20: 9 | B20: ป้ายชี้ทางสถานที่สำคัญ (ตรงข้ามแขวงป่าไม้เดิม) | C20: 185-48-0031 | D20: 17708 | E20: 1828.3 | F20: งานท่องเที่ยว | G20: /
A21: 10 | B21: ป้ายชี้ทางสถานที่สำคัญ (ตรงข้ามสวนประตูเวียง) | C21: 185-48-0032 | D21: 17708 | E21: 1828.3 | F21: งานท่องเที่ยว | G21: /
A22: 11 | B22: ป้ายชี้ทางสถานที่สำคัญ (ตรงข้ามสวนประตูเวียง) | C22: 185-48-0033 | D22: 17708 | E22: 1828.3 | F22: งานท่องเที่ยว | G22: /
A23: 12 | B23: ป้ายชี้ทางสถานที่สำคัญ (ก่อนถึงร้านรสเจ็บ) | C23: 185-48-0034 | D23: 17708 | E23: 1828.3 | F23: งานท่องเที่ยว | G23: /
... A117: 106 | B117: ป้ายข้อมูลสถานที่ท่องเที่ยวเชิงอนุรักษ์ (บ้านเสานัก) | C117: 185-60-0137 | D117: 22010 | E117: 46166 | F117: งานท่องเที่ยว | G117: /
A118: 106 | E118: =SUM(E12:E117) -> 459830
A120: 1 | B120: ก่อสร้างห้องน้ำสำหรับผู้พิการฯ บริเวณอาคารทะเบียนราษฎรฯ ขนาด 6 ตรม. | C120: 187-60-0010 | D120: 21890 | E120: 199500 | F120: งานธุรการ | G120: /
A121: 1 | E121: =SUM(E120) -> 199500
A123: 1 | B123: ก่อสร้างศาลพระภูมิ | C123: 240-60-0003 | D123: 241074 | E123: 299000 | F123: งานธุรการ | G123: /
A124: 1 | E124: =SUM(E123) -> 299000
A126: 1 | B126: ป้ายแสดงประวัติจังหวัดลำปาง (วัดพระแก้วดอนเต้า) | C126: 273-45-0001 | D126: 16784 | E126: 9812.4 | F126: งานท่องเที่ยว | G126: /
A127: 2 | B127: ป้ายแสดงประวัติจังหวัดลำปาง (วัดป่าฝาง) | C127: 273-45-0002 | D127: 16784 | E127: 9812.4 | F127: งานท่องเที่ยว | G127: /
A128: 3 | B128: ป้ายแสดงประวัติจังหวัดลำปาง (วัดปงสนุก) | C128: 273-45-0003 | D128: 16784 | E128: 9812.4 | F128: งานท่องเที่ยว | G128: /
A129: 4 | B129: ป้ายแสดงประวัติจังหวัดลำปาง (บ้านเสานัก) | C129: 273-45-0004 | D129: 16784 | E129: 9812.4 | F129: งานท่องเที่ยว | G129: /
A130: 5 | B130: ป้ายแสดงประวัติจังหวัดลำปาง (อนุสาวรีย์พ่อเจ้าทิพย์ช้าง) | C130: 273-45-0005 | D130: 16784 | E130: 9812.4 | F130: งานท่องเที่ยว | G130: /
A131: 6 | B131: ป้ายแสดงประวัติจังหวัดลำปาง (กาดกองต้า) | C131: 273-45-0006 | D131: 16784 | E131: 9812.4 | F131: งานท่องเที่ยว | G131: /
A132: 7 | B132: ป้ายแสดงประวัติจังหวัดลำปาง (หลวงพ่อดำ) | C132: 273-45-0007 | D132: 16784 | E132: 9812.4 | F132: งานท่องเที่ยว | G132: /
A133: 8 | B133: ป้ายแสดงประวัติจังหวัดลำปาง (ศาลเจ้าพ่อหลักเมือง) | C133: 273-45-0008 | D133: 16784 | E133: 9812.4 | F133: งานท่องเที่ยว | G133: /
A134: 9 | B134: ป้ายแสดงประวัติจังหวัดลำปาง (สวนเขลางค์) | C134: 273-45-0009 | D134: 16784 | E134: 9812.4 | F134: งานท่องเที่ยว | G134: /
A135: 10 | B135: ป้ายแสดงประวัติจังหวัดลำปาง (สวนห้าแยกฯ) | C135: 273-45-0010 | D135: 16784 | E135: 9812.4 | F135: งานท่องเที่ยว | G135: /
A136: 11 | B136: ป้ายแสดงประวัติจังหวัดลำปาง (สะพานรัษฎาภิเศก) | C136: 273-46-0011 | D136: 16735 | E136: 24208.5 | F136: งานท่องเที่ยว | G136: /
A137: 12 | B137: ป้ายแสดงประวัติจังหวัดลำปาง (วัดศรีรองเมือง) | C137: 273-46-0012 | D137: 16735 | E137: 24208.5 | F137: งานท่องเที่ยว | G137: /
A138: 12 | E138: =SUM(E126:E137) -> 146541
A140: 1 | B140: รั้วบริเวณด้านทิศตะวันตกอาคารดับเพลิง | C140: 277-41-0011 | D140: 234337 | E140: 30000 | F140: งานป้องกันฯ | G140: /
A141: 1 | E141: =SUM(E140) -> 30000
A143: 1 | B143: โรงจอดรถเทศบาล | C143: 281-16-0001 | D143: 225167 | E143: 9150 | F143: สำนักปลัดฯ | G143: /
A144: 1 | E144: =SUM(E143) -> 9150
A146: 1 | B146: ก่อสร้างโรงจอดรถยนต์พร้อมช่องจอดรถ | C146: 283-60-0006 | D146: 22132 | E146: 476000 | F146: งานธุรการ | G146: /
A147: 1 | E147: =SUM(E146) -> 476000
A149: 1 | B149: ติดตั้งเสาสัญญาณวิทยุสื่อสาร | C149: 106-63-0001 | D149: 242069 | E149: 80900.73 | F149: งานป้องกันฯ
A150: 1 | D150: รวม | E150: =SUM(E149) -> 80900.73
A152: =A150+A147+A144+A141+A138+A138+A124+A121+A118+A9 -> 137 | D152: รวมทั้งสิ้น | E152: =E150+E147+E144+E141+E138+E124+E121+E118+E9 -> 1852921.7

Sheet สำนักงาน
A1: รายละเอียดครุภัณฑ์ สำนักปลัดเทศบาล
A2: ณ กันยายน 2567
A4: ลำดับ | B4: รายการ | C4: รหัสครุภัณฑ์ | D4: วัน เดือน ปี | E4: ราคาที่ได้มา | F4: สภาพครุภัณฑ์
A5: ที่ | D5: ที่ได้มา | F5: สถานที่ใช้งาน | G5: ใช้ได้ | H5: ชำรุด | I5: เสื่อม | J5: สูญหาย | K5: เก็บ | L5: หมดความ | M5: หมายเหตุ
I6: สภาพ | K6: ไว้นาน | L6: จำเป็น
B7: ครุภัณฑ์สำนักงาน
B8: ป้ายสำหรับปิดประกาศ (081)
A9: 1 | B9: ป้ายสำหรับปิดประกาศ (ตามอาคารและหน้าห้องประชุม) | C9: 081-41-0002 | D9: 15247 | E9: 8000 | F9: งานธุรการ+สารบรรณ | G9: /
A10: 2 | B10: ป้ายสำหรับปิดประกาศ (ตามอาคาร) | C10: 081-41-0003 | D10: 15247 | E10: 8000 | F10: งานธุรการ+สารบรรณ | G10: /
A11: 3 | B11: ป้าย | C11: 081-41-0004 | D11: 15247 | E11: 8000 | F11: ฝ่ายกิจการสภา | G11: / | M11: หน้าห้องประชุมสภา
A12: 4 | B12: ป้ายสำหรับปิดประกาศ (ตามอาคาร) | C12: 081-41-0005 | D12: 15247 | E12: 8000 | F12: งานธุรการ+สารบรรณ | G12: /
A13: 5 | B13: ป้ายสำหรับปิดประกาศ (ตามอาคาร) | C13: 081-41-0006 | D13: 15247 | E13: 8000 | F13: งานธุรการ+สารบรรณ | G13: /
A14: 6 | B14: ป้ายสำหรับปิดประกาศ (ตามอาคาร) | C14: 081-41-0007 | D14: 15247 | E14: 8000 | F14: งานธุรการ+สารบรรณ | G14: /
A15: 7 | B15: ป้ายสแตนเลสลอยตัว (ตามอาคาร) | C15: 081-42-0008 | D15: 15382 | E15: 10000 | F15: งานธุรการ+สารบรรณ | G15: /
A16: 8 | B16: ป้ายสแตนเลสลอยตัว (สำนักปลัด) | C16: 081-42-0009 | D16: 15382 | E16: 10000 | F16: งานธุรการ+สารบรรณ | G16: /
A17: 9 | B17: ป้ายสแตนเลสลอยตัว (สำนักปลัด) | C17: 081-42-0010 | D17: 15382 | E17: 10000 | F17: งานธุรการ+สารบรรณ | G17: /
A18: 10 | B18: ป้ายสแตนเลสลอยตัว (สำนักปลัด) | C18: 081-42-0011 | D18: 15382 | E18: 10000 | F18: งานธุรการ+สารบรรณ | G18: /
A19: 11 | B19: ป้ายสแตนเลสลอยตัว (สำนักปลัด) | C19: 081-42-0012 | D19: 15382 | E19: 10000 | F19: งานธุรการ+สารบรรณ | G19: /
A20: 12 | B20: ป้ายสแตนเลสลอยตัว (สำนักปลัด) | C20: 081-42-0013 | D20: 15382 | E20: 10000 | F20: งานธุรการ+สารบรรณ | G20: /
A21: 13 | B21: ป้ายสแตนเลสลอยตัว (สำนักปลัด) | C21: 081-42-0014 | D21: 15382 | E21: 10000 | F21: งานธุรการ+สารบรรณ | G21: /
A22: 14 | B22: ป้ายบอกตำแหน่งอาคาร (สำนักปลัด) | C22: 081-42-0015 | D22: 15382 | E22: 10000 | F22: งานธุรการ+สารบรรณ | G22: /
A23: 15 | B23: ป้ายบอกตำแหน่งอาคาร (สำนักปลัด) | C23: 081-42-0016 | D23: 15382 | E23: 10000 | F23: งานธุรการ+สารบรรณ | G23: /
A24: 16 | B24: ป้ายบอกตำแหน่งอาคาร (สำนักปลัด) | C24: 081-42-0017 | D24: 15382 | E24: 10000 | F24: งานธุรการ+สารบรรณ | G24: /
A25: 17 | B25: ป้ายทางออก Exit Sign Slimeline แบบไฟ LED | C25: 081-67-0041 | D25: 24462 | E25: 1712 | F25: งานธุรการ สป. | G25: / | M25: (อาคารศูนย์เยาวชน โฮงละกอน)
A26: 18 | B26: ป้ายทางออก Exit Sign Slimeline แบบไฟ LED | C26: 081-67-0042 | D26: 24462 | E26: 1712 | F26: งานธุรการ สป. | G26: / | M26: (อาคารศูนย์เยาวชน โฮงละกอน)
A27: 19 | B27: ป้ายทางออก Exit Sign Slimeline แบบไฟ LED | C27: 081-67-0038 | D27: 24462 | E27: 1619 | F27: งานธุรการ สป. | G27: / | M27: (อาคารศูนย์เยาวชน โฮงละกอน)
A28: 20 | B28: ป้ายทางออก Exit Sign Slimeline แบบไฟ LED | C28: 081-67-0039 | D28: 24462 | E28: 10400 | F28: งานธุรการ สป. | G28: / | M28: (อาคารศูนย์เยาวชน โฮงละกอน)
A29: 21 | B29: ป้ายทางออก Exit Sign Slimeline แบบไฟ LED | C29: 081-67-0040 | D29: 24462 | E29: 10400 | F29: งานธุรการ สป. | G29: / | M29: (อาคารศูนย์เยาวชน โฮงละกอน)
A30: 22 | B30: ป้ายทางออก Exit Sign Slimeline แบบไฟ LED | C30: 081-67-0043 | D30: 24462 | E30: 10400 | F30: งานธุรการ สป. | G30: / | M30: (อาคารศูนย์เยาวชน โฮงละกอน)
A31: 23 | B31: ป้ายทางออก Exit Sign Slimeline แบบไฟ LED | C31: 081-67-0044 | D31: 24462 | E31: 10400 | F31: งานธุรการ สป. | G31: / | M31: (อาคารศูนย์เยาวชน โฮงละกอน)
A32: 24 | B32: ป้ายทางออก Exit Sign Slimeline แบบไฟ LED | C32: 081-67-0045 | D32: 24462 | E32: 1691 | F32: งานธุรการ สป. | G32: / | M32: (อาคารศูนย์เยาวชน โฮงละกอน)
A33: 25 | B33: ป้ายทางออก Exit Sign Slimeline แบบไฟ LED | C33: 081-67-0046 | D33: 24462 | E33: 1712 | F33: งานธุรการ สป. | G33: / | M33: (อาคารศูนย์เยาวชน โฮงละกอน)
A34: 26 | B34: ป้ายทางออก Exit Sign Slimeline แบบไฟ LED | C34: 081-67-0047 | D34: 24462 | E34: 10400 | F34: งานธุรการ สป. | G34: / | M34: (อาคารศูนย์เยาวชน โฮงละกอน)
A35: 27 | B35: ป้ายทางออก Exit Sign Slimeline แบบไฟ LED | C35: 081-67-0048 | D35: 24462 | E35: 10400 | F35: งานธุรการ สป. | G35: / | M35: (อาคารศูนย์เยาวชน โฮงละกอน)
A36: 28 | B36: ป้ายทางออก Exit Sign Slimeline แบบไฟ LED | C36: 081-67-0049 | D36: 24462 | E36: 70433.82 | F36: งานธุรการ สป. | G36: / | M36: (อาคารศูนย์เยาวชน โฮงละกอน)
... A39: 31 | B39: ป้ายทางออก Exit Sign Slimeline แบบไฟ LED | C39: 081-67-0052 | D39: 24462 | E39: 49035.6 | F39: งานธุรการ สป. | G39: / | M39: (อาคารศูนย์เยาวชน โฮงละกอน)
A40: 31 | D40: รวม | E40: =SUM(E9:E39) -> 472051.91
B43: โต๊ะ (400)
A44: 1 | B44: โต๊ะตั้งเครื่องพิมพ์ดีด(ห้องราชาวดี) | C44: 400-19-0153 | D44: 43470 | E44: 700 | F44: งานธุรการ+สารบรรณ | G44: /
A45: 2 | B45: โต๊ะทำงาน | C45: 400-19-0154 | D45: 43546 | E45: 2000 | F45: งานเลขา ฯ | G45: / | M45: ณัฐพัชร์ฯ
A46: 3 | B46: โต๊ะ (จำหน่ายไป 34 ตัว อีก 2 ตัว ให้งานป้องกันฯ) (หน่วย 1) | C46: 400-22-0395 | D46: 44814 | E46: 16056 | F46: งานป้องกันฯ | G46: / | M46: หน่วย 1 (โต๊ะ 2 ตัว)
A47: 4 | B47: โต๊ะสี่เหลี่ยมผืนผ้า | C47: 400-22-1900 | D47: 44814 | E47: 446 | F47: งานป้องกันฯ | G47: /
A48: 5 | B48: โต๊ะสี่เหลี่ยมผืนผ้า | C48: 400-22-1901 | D48: 44814 | E48: 446 | F48: งานป้องกันฯ | G48: /
A49: 6 | B49: โต๊ะทำงาน | C49: 400-24-0509 | D49: 228160 | E49: 1900 | F49: งานนิติการ | G49: / | M49: วรดลฯ
A50: 7 | B50: โต๊ะ | C50: 400-26-0714 | D50: 46113 | E50: 1200 | F50: ทะเบียนราษฎร | G50: /
A51: 8 | B51: โต๊ะทำงาน | C51: 400-26-0715 | D51: 46368 | E51: 1900 | F51: งานธุรการ+สารบรรณ | G51: /
A52: 9 | B52: โต๊ะ | C52: 400-27-0739 | D52: 229082 | E52: 1200 | F52: งานนิติการ | G52: / | M52: นางทับทิมฯ
A53: 10 | B53: โต๊ะ | C53: 400-28-0752 | D53: 46777 | E53: 1900 | F53: ทะเบียนราษฎร | G53: /
A54: 11 | B54: โต๊ะ | C54: 400-28-0757 | D54: 46766 | E54: 1200 | F54: ทะเบียนราษฎร | G54: /
A55: 12 | B55: โต๊ะทำงาน | C55: 400-30-1747 | D55: 11075 | E55: 1900 | F55: งานป้องกันฯ | G55: / | M55: งานป้องกัน หน่วย 1
A56: 13 | B56: โต๊ะ (พร้อมเก้าอี้) | C56: 400-30-1756 | D56: 230154 | E56: 1900 | F56: งานนิติการ | G56: / | M56: นายศุภชัยฯ
A57: 14 | B57: ชุดโต๊ะประชุม(กลาง)#1 | C57: 400-30-1906 | D57: 11194 | E57: 3824 | F57: ฝ่ายกิจการสภา | G57: / | M57: ฝ่ายประสานงาน อปท.
A58: 15 | B58: โต๊ะประชุมสภาเทศบาล | C58: 400-30-1907 | D58: 11194 | E58: 3824 | F58: ฝ่ายกิจการสภา | G58: / | M58: ฝ่ายประสานงาน อปท.
A59: 16 | B59: ชุดโต๊ะประชุม(ต่อโค้ง)#1 | C59: 400-30-1908 | D59: 11194 | E59: 3824 | F59: ฝ่ายกิจการสภา | G59: / | M59: ฝ่ายประสานงาน อปท.
A60: 17 | B60: ชุดโต๊ะประชุม(ต่อโค้ง)#2 | C60: 400-30-1909 | D60: 11194 | E60: 3824 | F60: ฝ่ายกิจการสภา | G60: / | M60: ฝ่ายประสานงาน อปท.
A61: 18 | B61: โต๊ะประชุมสภาเทศบาล | C61: 400-30-1912 | D61: 11194 | E61: 3824 | F61: ฝ่ายกิจการสภา | G61: / | M61: ห้องประชุมสภา
A62: 19 | B62: โต๊ะประชุมสภาเทศบาล | C62: 400-30-1913 | D62: 11194 | E62: 3824 | F62: ฝ่ายกิจการสภา | G62: / | M62: ห้องประชุมสภา
A63: 20 | B63: โต๊ะประชุมสภาเทศบาล | C63: 400-30-1914 | D63: 11194 | E63: 3824 | F63: ฝ่ายกิจการสภา | G63: / | M63: ห้องประชุมสภา
A64: 21 | B64: โต๊ะประชุมสภาเทศบาล | C64: 400-30-1915 | D64: 11194 | E64: 3824 | F64: ฝ่ายกิจการสภา | G64: / | M64: ห้องประชุมสภา
A65: 22 | B65: โต๊ะประชุมสภาเทศบาล | C65: 400-30-1916 | D65: 11194 | E65: 3824 | F65: ฝ่ายกิจการสภา | G65: / | M65: ห้องประชุมสภา
A66: 23 | B66: โต๊ะประชุมสภาเทศบาล | C66: 400-30-1917 | D66: 11194 | E66: 3824 | F66: ฝ่ายกิจการสภา | G66: / | M66: ห้องประชุมสภา
... A81: 38 | B81: โต๊ะทำงาน | C81: 400-37-2707 | D81: 13717 | E81: 2300 | F81: งานเทศกิจ | G81: / | M81: (ซ้ำโต๊ะดิว)
A82: 39 | B82: โต๊ะทำงาน | C82: 400-37-2822 | D82: 13630 | E82: 2800 | F82: งานธุรการ+สารบรรณ | G82: /
A83: 40 | B83: โต๊ะทำงาน | C83: 400-38-2375 | D83: 13913 | E83: 1700 | F83: งานป้องกันฯ | G83: / | M83: งานป้องกัน หน่วย 1
A84: 41 | B84: โต๊ะทำงาน | C84: 400-38-2376 | D84: 13913 | E84: 1700 | F84: งานป้องกันฯ | G84: / | M84: งานป้องกัน หน่วย 1
A85: 42 | B85: โต๊ะประชุม (อาคารดับเพลิงชั้นล่าง) | C85: 400-38-2835 | D85: 14158 | E85: 12915 | F85: งานป้องกันฯ | G85: /
A86: 43 | B86: โต๊ะวางเครื่องปริ้นเตอร์ | C86: 400-41-3727 | D86: 15234 | E86: 5000 | F86: งานธุรการ+สารบรรณ | G86: / | M86: แสงดาว
A87: 44 | B87: โต๊ะทำงาน | C87: 400-42-3741 | D87: 15523 | E87: 1800 | F87: ท่องเที่ยว | G87: / | M87: ธนันกรกานต์ฯ (รับโอนจากสำนักช่าง)
A88: 45 | B88: โต๊ะวางอุปกรณ์เครื่องเสียง | C88: 400-42-3764 | D88: 15604 | E88: 16000 | F88: งานธุรการ+สารบรรณ | G88: /
A89: 46 | B89: โต๊ะทำงาน ระดับ 3-6 | C89: 400-42-4478 | D89: 234803 | E89: 2600 | F89: งานนิติการ | G89: / | M89: นางจิตรวีฯ
A90: 47 | B90: โต๊ะวางเครื่องสแกนเนอร์ | C90: 400-43-3748/1 | D90: 15759 | E90: 2500 | F90: งานธุรการ+สารบรรณ | G90: /
A91: 48 | B91: โต๊ะคอมพิวเตอร์ | C91: 400-43-3761 | D91: 15740 | E91: 2500 | F91: งานป้องกัน | G91: / | M91: งานป้องกัน หน่วย 1 (ห้องธุรการ)
A92: 49 | B92: โต๊ะทำงานระดับ 7-8 พร้อมเก้าอี้ | C92: 400-44-4488 | D92: 16129 | E92: 4400 | F92: งานธุรการ+สารบรรณ | G92: /
A93: 50 | B93: โต๊ะทำงาน | C93: 400-44-4489 | D93: 16129 | E93: 8300 | F93: งานเลขา ฯ | G93: /
A94: 51 | B94: โต๊ะประชุมสภาเทศบาล | C94: 400-44-4490 | D94: 16325 | E94: 12000 | F94: ฝ่ายกิจการสภา | G94: / | M94: ห้องประชุมสภา
A95: 52 | B95: โต๊ะประชุมสภาเทศบาล | C95: 400-44-4491 | D95: 16325 | E95: 12000 | F95: ฝ่ายกิจการสภา | G95: / | M95: ห้องประชุมสภา
A96: 53 | B96: โต๊ะประชุม(โต๊ะไม้) | C96: 400-44-4492 | D96: 16325 | E96: 4000 | F96: งานเทศกิจ | G96: / | M96: สภาโอนให้งานรักษาความสงบ
A97: 54 | B97: โต๊ะประชุม(โต๊ะไม้) | C97: 400-44-4493 | D97: 16325 | E97: 4000 | F97: ฝ่ายกิจการสภา | G97: / | M97: สภาโอนให้งานรักษาความสงบ
A98: 55 | B98: โต๊ะทำงานระดับ 7-8 พร้อมเก้าอี้ | C98: 400-44-4502 | D98: 16129 | E98: 4400 | F98: งานธุรการ+สารบรรณ | G98: /
A99: 56 | B99: โต๊ะทำงาน | C99: 400-45-4520 | D99: 16537 | E99: 2020 | F99: ท่องเที่ยว | G99: / | M99: นภาเพ็ญฯ
A100: 57 | B100: โต๊ะคอมพิวเตอร์ | C100: 400-46-5369 | D100: 17123 | E100: 2000 | F100: งานธุรการ+สารบรรณ | G100: /
A101: 58 | B101: โต๊ะทำงาน | C101: 400-47-5373 | D101: 236357 | E101: 2020 | F101: งานนิติการ | G101: / | M101: คนึงสุขฯ
A102: 59 | B102: โต๊ะทำงานผู้บริหาร | C102: 400-48-5453 | D102: 17760 | E102: 13589 | F102: งานธุรการ+สารบรรณ | G102: /
A103: 60 | B103: โต๊ะทำงานผู้บริหาร | C103: 400-48-5454 | D103: 17760 | E103: 3424 | F103: งานธุรการ+สารบรรณ | G103: /
A104: 61 | B104: โต๊ะทำงานผู้บริหาร | C104: 400-48-5455 | D104: 17760 | E104: 4922 | F104: งานธุรการ+สารบรรณ | G104: / | M104: ปรัชญาฯ
A105: 62 | B105: โต๊ะคอมพิวเตอร์ | C105: 400-48-5456 | D105: 17760 | E105: 4066 | F105: งานธุรการ+สารบรรณ | G105: / | M105: ณัฐพัชร์ฯ
A106: 63 | B106: หัวมุมโต๊ะทำงาน | C106: 400-48-5457 | D106: 17760 | E106: 4066 | F106: งานธุรการ+สารบรรณ | G106: /
A107: 64 | B107: โต๊ะกลาง | C107: 400-48-5461 | D107: 17788 | E107: 8346 | F107: งานธุรการ+สารบรรณ | G107: /
A108: 65 | B108: โต๊ะกลางกระจก | C108: 400-48-5462 | D108: 17760 | E108: 6992.45 | F108: งานธุรการ+สารบรรณ | G108: /
A109: 66 | B109: โต๊ะกลางกระจก | C109: 400-48-5463 | D109: 17760 | E109: 6992.45 | F109: งานธุรการ+สารบรรณ | G109: /
A110: 67 | B110: โต๊ะทำงาน | C110: 400-48-5672 | D110: 17788 | E110: 3638 | F110: งานธุรการ+สารบรรณ | G110: /
A111: 68 | B111: โต๊ะทำงานผิวเมลามีน | C111: 400-49-5688 | D111: 17932 | E111: 4600 | F111: งานธุรการ+สารบรรณ | G111: /
A112: 69 | B112: โต๊ะคอมพิวเตอร์ | C112: 400-49-5689 | D112: 17932 | E112: 3800 | F112: งานธุรการ+สารบรรณ | G112: /
A113: 70 | B113: โต๊ะวางของ | C113: 400-49-5690 | D113: 17932 | E113: 850 | F113: งานธุรการ+สารบรรณ | G113: /
A114: 71 | B114: โต๊ะเหล็กทำงาน | C114: 400-50-5700 | D114: 18461 | E114: 7300 | F114: งานธุรการ+สารบรรณ | G114: /
A115: 72 | B115: โต๊ะประชุม | C115: 400-51-5757 | D115: 18851 | E115: 7000 | F115: งานธุรการ+สารบรรณ | G115: /
A116: 73 | B116: โต๊ะประชุม | C116: 400-51-5758 | D116: 18851 | E116: 8000 | F116: งานธุรการ+สารบรรณ | G116: /
A117: 74 | B117: โต๊ะประชุม | C117: 400-51-5759 | D117: 18851 | E117: 8000 | F117: งานธุรการ+สารบรรณ | G117: /
... A146: 103 | B146: T2 โต๊ะคอมพิวเตอร์ ขนาด 80X60X75 ซม. | C146: 400-52-5893 | D146: 19041 | E146: 2170 | F146: ทะเบียนราษฎร | G146: /
A147: 104 | B147: T2 โต๊ะคอมพิวเตอร์ ขนาด 80X60X75 ซม. | C147: 400-52-5894 | D147: 19041 | E147: 2170 | F147: ทะเบียนราษฎร | G147: / | M147: ฝ่ายทะเบียน
...

Sheet ยานพาหนะฯ
A1: รายละเอียดครุภัณฑ์ สำนักปลัดเทศบาล
A2: ณ กันยายน 2566
A4: ลำดับ | B4: รายการ | C4: รหัสครุภัณฑ์ | D4: วัน เดือน ปี | E4: ราคาที่ได้มา | F4: สภาพครุภัณฑ์
A5: ที่ | D5: ที่ได้มา | F5: สถานที่ใช้งาน | G5: ใช้ได้ | H5: ชำรุด | I5: เสื่อม | J5: สูญหาย | K5: เก็บ | L5: หมดความ | M5: หมายเหตุ
I6: สภาพ | K6: ไว้นาน | L6: จำเป็น
B7: ครุภัณฑ์ยานพาหนะและขนส่ง
B8: (002)
A9: 1 | B9: รถยนต์กะบะปิ๊กอัพ นิสสัน สีขาว เครื่องยนต์ดีเซล | C9: 002-32-0022 | D9: 12008 | E9: 599000 | F9: งานป้องกันฯ | G9: / | M9: งานป้องกัน หน่วย 2
B10: หมายเลขเครื่องยนต์ TD 25-T00811 เลขตัวถัง RGD21- | M10: เบอร์ 2
B11: B07920 4 สูบ 2494 ซีซี ทะเบียน ลป บ 7840 | M11: กระบะปิ๊กอัพ
A12: 2 | B12: รถยนต์กะบะปิ๊กอัพ นิสสัน สีขาว เครื่องยนต์เบนซิน | C12: 002-37-0031 | D12: 13809 | E12: 350000 | F12: งานป้องกันฯ | G12: / | M12: งานป้องกัน หน่วย 1
B13: หมายเลขเครื่องยนต์ Z16-T32787 4 สูบ 1595 ซีซี | M13: เบอร์ 3
B14: 2 เพลา 4 ล้อ แบบ CGD21SFU1%DX ทะเบียน ลป | M14: กระบะปิ๊กอัพ
B15: ลม 5242
A16: 3 | B16: รถบรรทุกกระบะบรรทุก 2 ตอน (ศูนย์รถยนต์กลาง) | C16: 002-39-0035 | D16: 14606 | E16: 525000 | F16: งานธุรการ+สารบรรณ | G16: /
A17: 4 | B17: รถยนต์กระบะปิ๊กอัพ ยี่ห้อมาสด้า สีแดง 2500 ลักลี่ | C17: 002-42-0047 | D17: 15699 | E17: 450000 | F17: งานป้องกันฯ | G17: / | M17: งานป้องกัน หน่วย 1
B18: แบบ Fighter เครื่องยนต์ดีเซล หมายเลขเครื่องยนต์ | M18: เบอร์ 4
B19: WLAT138145 หมายเลขตัวถังรถ MM8UNDD3100 | M19: กระบะปิ๊กอัพ
B20: 121095 2 เพลา 96 แรงม้า ทะเบียน ลป บท 9904
A21: 5 | B21: รถยนต์สายตรวจ TOYOTA (สีทอง) ทะเบียน กง 2609 ลป. | C21: 002-45-0054 | D21: 16770 | E21: 750000 | F21: งานเทศกิจ | G21: / | M21: ไพทันฯ
A22: 6 | B22: รถยนต์ปิคอัพ TOYOTA (สีน้ำตาล เทา) ทะเบียน กง 2608 ลป. | C22: 002-45-0055 | D22: 16770 | E22: 750000 | F22: งานรักษาความสงบฯ | G22: / | M22: อำนาจฯ
A23: 7 | B23: รถยนต์กระบะ บธ9399 | C23: 002-45-0053 | D23: 235710 | E23: 439800 | F23: งานศูนย์รถยนต์กลาง สำนักปลัด | G23: / | M23: ลป52004/493 โอนจากงานควบคุมอาคารและผังเมือง ส่วนการโยธา สำนักช่าง
A24: 7 | E24: =SUM(E9:E23) -> 3863800
B25: (004)
A26: 1** | B26: รถยนต์ดับเพลิง ยี่ห้ออีซูซุ ชนิดมีถังน้ำในตัว 6 ล้อ 145 | C26: 004-25-0008 | D26: 45838 | E26: 1109836 | F26: งานป้องกันฯ | I26: /
B27: แรงม้า เครื่องยนต์ดีเซล หมายเลขเครื่องยนต์ 6BB1-219563
B28: หมายเลขตัวถังรถ 3406314 (ลป น 7016) #10
A29: 2** | B29: รถยนต์ดับเพลิง ยี่ห้ออีซูซุ ชนิดมีถังน้ำในตัว 6 ล้อ 160 | C29: 004-35-0010 | D29: 13112 | E29: 1142774 | F29: งานป้องกันฯ | I29: /
B30: แรงม้า เครื่องยนต์ดีเซล หมายเลขเครื่องยนต์ 6D14-722751
B31: หมายเลขตัวถังรถ FK415F-A31059 (ลป น 7740)
B32: #15 | F32: =+F32:J38 -> 0
A33: 3 | B33: รถยนต์ดับเพลิงชนิดมีบันได้เลื่อนอัตโนมัติ ยี่ห้อเมอศซี- | C33: 004-35-0011 | D33: 12845 | E33: 14450000 | F33: งานป้องกันฯ | G33: / | M33: งานป้องกัน หน่วย 1
B34: เดสเบนซ์ รุ่น 1422252 (RHD) เครื่องยนต์ดีเซล 218 แรงม้า | M34: เบอร์ 17
B35: พร้อมติดตั้งเครื่องสูบน้ำดับเพลิง ยี่ห้อ ZIGLER รุ่น Ed 16/8
B36: 2M หมายเลขเครื่องยนต์ 441-60520611695 ทะเบียน
B37: ลป ผ 6905 (หน่วย 1)
A38: 4** | B38: รถยนต์ดับเพลิง ยี่ห้อมิตซูบิชิ ชนิดมีถังน้ำในตัว 6 ล้อ | C38: 004-37-0012 | D38: 13872 | E38: 1142774 | F38: งานป้องกันฯ | I38: /
B39: 160 แรงม้า จุน้ำ 2,000 ลิตร เครื่องยนต์ดีเซล แบบ
B40: FK415FFREDH1 เลขเครื่อง 6D14-735088 เลขตัวถัง
B41: FK415F-A3247 6 สูบ สีแดง พร้อมอุปกรณ์ เลขทะเบียน
B42: ลป ผ 5981
A43: 5 | B43: รถยนต์กู้ภัยเอนกประสงค์ ยี่ห้อนิสสัน รุ่น CLG87FHSB | C43: 004-39-0013 | D43: 14553 | E43: 6490000 | F43: งานป้องกันฯ | G43: / | M43: งานป้องกัน หน่วย 1
B44: หมายเลขเครื่องยนต์ FE6-047591B เลขตัวถังรถยนต์ | M44: เบอร์ 19
B45: CLG87F-00753 จำนวน 6 สูบ 180 แรงม้า ทะเบียน
B46: ลป 80-8484
A48: 6 | B48: รถยนต์ดับเพลิง ยี่ห้อมิตซูบิชิ ชนิดมีถังน้ำในตัว 6 ล้อ | C48: 004-40-0014 | D48: 14935 | E48: 1992340 | F48: งานป้องกันฯ | G48: / | M48: งานป้องกัน หน่วย 1
B49: 190 แรงม้า บรรจุน้ำ 2,000 ลิตร เครื่องยนต์ดีเซล แบบ | M49: เบอร์ 21
B50: FUSO หมายเลขเครื่องยนต์ 6D13-TJ0220 หมายเลข
B51: ตัวถัง FK457H-TJ0220 4 สูบ สีแดง ทะเบียน ลป บท
B52: 3664
A53: 7 | B53: ถังบรรทุกที่ติดตั้งบนรถยนต์ | C53: 004-40-0016 | D53: 14799 | E53: 349000 | F53: งานป้องกันฯ | G53: /
A54: 8 | B54: รถยนต์ดับเพลิงชนิดมีบันไดเลื่อนอัตโนมัติ ยี่ห้อ IVEGO | C54: 004-41-0015 | D54: 14981 | E54: 21733400 | F54: งานป้องกันฯ | G54: / | M54: งานป้องกัน หน่วย 1
B55: แบบ MP 380 E7 H หมายเลขเครื่องยนต์ FLAT8210 | M55: เบอร์ 22
B56: K877479661 หมายเลขตัวถังรถยนต์ WJME3TPTOOC-
B57: 034804 ทะเบียน ลป บท 4207
A58: 9 | B58: รถยนต์ดับเพลิง ยี่ห้ออีซูซุ ชนิดมีถังน้ำ 6 ล้อ บรรจุ | C58: 004-48-0017 | D58: 17896 | E58: 1137688 | F58: งานป้องกันฯ | G58: /
B59: 4,000 ลิตร เครื่องยนต์ดีเซล หมายเลขเครื่องยนต์
B60: 6HH1327483 หมายเลขตัวถัง FTR33H24-3000276
B61: ทะเบียน ลป บบ 8417 | E61: =SUM(E26:E60) -> 49547812
A62: 9 | E62: =SUM(E26:E58) -> 49547812
B63: (006)
A64: 1 | B64: รถยนต์บรรทุกน้ำ ยี่ห้อมิตซูบิชิ บรรจุน้ำ 6,000 ลิตร 6 ล้อ | C64: 006-36-0010 | D64: 13288 | E64: 1142774 | F64: งานป้องกันฯ | G64: / | M64: งานป้องกัน หน่วย 1
B65: 160 แรงม้า เครื่องยนต์ดีเซล แบบ FD415H พร้อม | M65: เบอร์ 18
B66: อุปกรณ์ประจำรถ สีแดง หมายเลขเครื่องยนต์ 6D14-
B67: 725620 เลขตัวถังรถยนต์ FK415H-A30799 ทะเบียน
B68: ลป 80-8482
A69: 2 | B69: รถยนต์บรรทุกน้ำ ยี่ห้อฮีโน่ บรรจุน้ำ 12,000 ลิตร 10 ล้อ | C69: 006-42-0013 | D69: 15457 | E69: 2329681.8 | F69: งานป้องกันฯ | G69: / | M69: งานป้องกัน หน่วย 1
B70: 210 แรงม้า เครื่องยนต์ดีเซล แบบFM1JNKA หมายเลข | M70: เบอร์ 14
B71: เครื่องยนต์ J08C-F13943 เลขตัวถังรถยนต์ FM1JNKA-
B72: 11299 ทะเบียน ลป บท 7739
A73: 3 | B73: รถยนต์บรรทุกน้ำ ยี่ห้ออีซูซุ บรรจุน้ำ 12,000 ลิตร 10 ล้อ | C73: 006-48-0014 | D73: 17851 | E73: 3780000 | F73: งานป้องกันฯ | G73: / | M73: งานป้องกัน หน่วย 1
B74: หมายเลขเครื่องยนต์ 6SD1136041 เลขตัวถังรถยนต์ | M74: เบอร์ 6
B75: FXZ23NZ24-3001319 ทะเบียน ลป บบ 6386
A76: 4 | B76: รถยนต์บรรทุกน้ำ ยี่ห้ออีซูซุ บรรจุน้ำ 5,000 ลิตร 6 ล้อ | C76: 006-48-0015 | D76: 17866 | E76: 2367696 | F76: งานป้องกันฯ | G76: / | M76: งานป้องกัน หน่วย 1
B77: หมายเลขเครื่องยนต์ 6HH1325422 เลขตัวถังรถยนต์ | M77: เบอร์ 8
B78: FTR33F24-3000122 ทะเบียน ลป บบ 8418
A79: 5 | B79: รถยนต์บรรทุกน้ำ ยี่ห้ออีซูซุ รุ่น FTR34JXXXU ขนาด | C79: 006-63-0016 | D79: 22999 | E79: 2492500 | F79: งานป้องกันฯ | G79: / | M79: งานป้องกัน หน่วย 1
B80: ความจุไม่น้อยกว่า 6,000 ลิตร จำนวน 6 สูบ 4 จังหวะ | M80: เบอร์ 1 บรรทุกน้ำ
B81: กำลังแรงม้า 240 แรงม้า เครื่องยนต์ดีเซล หมายเลข
B82: เครื่องยนต์ 6HH1-UF1906 ทะเบียน บห 2540 หมายเลข
B83: ตัวถัง MP1FTR34JHT000472
A84: 6 | B84: รถยนต์บรรทุกน้ำ ยี่ห้ออีซูซุ รุ่น FTR34JXXXU ขนาด | C84: 006-63-0017 | D84: 22999 | E84: 2492500 | F84: งานป้องกันฯ | G84: / | M84: งานป้องกัน หน่วย 1
B85: ความจุไม่น้อยกว่า 6,000 ลิตร จำนวน 6 สูบ 4 จังหวะ | M85: เบอร์ 2 บรรทุกน้ำ
B86: กำลังแรงม้า 240 แรงม้า เครื่องยนต์ดีเซล หมายเลข
B87: เครื่องยนต์ 6HH1-UF1907 ทะเบียน บห 2541 หมายเลข
B88: ตัวถัง MP1FTR34JHT000473
A89: 6 | E89: =SUM(E64:E88) -> 14605152
B90: รถจักรยานยนต์ (024)
A91: 1 | B91: รถจักรยานยนต์สายตรวจ KAWASAKI | C91: 024-43-0069 | D91: 15914 | E91: 86000 | F91: งานเทศกิจ | H91: / | M91: เลขทะเบียนผิด
B92: ทะเบียน กษน 46 ลป
A93: 2 | B93: รถจักรยานยนต์สายตรวจ KAWASAKI | C93: 024-43-0070 | D93: 15914 | E93: 86000 | F93: งานเทศกิจ | H93: /
B94: ทะเบียน กษธ 945 ลป
A95: 3 | B95: รถจักรยานยนต์ตรวจการณ์ YAMAHA รุ่น WR155R(B3M500) หมายเลขเครื่อง: G3N8E-0004928 หมายเลขตัวถัง: MH3DG381111004928 เครื่องยนต์เบนซิน 1 สูบ 4 จังหวะ ระบบความร้อนด้วยน้ำ สีน้ำเงิน (รับประกันสินค้า 5 ปี หรือ 50,000 กม. อย่างใดอย่างหนึ่งถึงก่อน) | C95: 024-65-0110 | D95: 243150 | E95: 103000 | F95: งานป้องกันฯ ฝ่ายปกครอง สำนักปลัดเทศบาล | G95: / | M95: งานป้องกัน หน่วย 1 (สุระกฤษ หน่อคำ)
A96: 4 | B96: รถจักรยานยนต์ตรวจการณ์ YAMAHA รุ่น WR155R(B3M500) หมายเลขเครื่อง G3N8E-0005013 หมายเลขตัวถัง: MH3DG381111005005 เครื่องยนต์เบนซิน 1 สูบ 4 จังหวะ ระบบความร้อนด้วยน้ำ สีน้ำเงิน (รับประกันสินค้า 5 ปี หรือ 50,000 กม. อย่างใดอย่างหนึ่งถึงก่อน) | C96: 024-65-0111 | D96: 243150 | E96: 103000 | F96: งานป้องกันฯ ฝ่ายปกครอง สำนักปลัดเทศบาล | G96: / | M96: งานป้องกัน หน่วย 1 (นันทวัติ สิทธิมา)
A97: 4 | D97: รวม | E97: =SUM(E91:E96) -> 378000
B98: (025)
A99: 1 | B99: จักรยานบริการนักท่องเที่ยว ยี่ห้อ CAYOTE | C99: 025-55-0013 | D99: 20283 | E99: 7500 | F99: ท่องเที่ยว | G99: / | M99: ท่องเที่ยว
A100: 2 | B100: จักรยานบริการนักท่องเที่ยว ยี่ห้อ CAYOTE | C100: 025-55-0014 | D100: 20283 | E100: 7500 | F100: ท่องเที่ยว | G100: / | M100: ท่องเที่ยว
A101: 3 | B101: จักรยานบริการนักท่องเที่ยว ยี่ห้อ CAYOTE | C101: 025-55-0015 | D101: 20283 | E101: 7500 | F101: ท่องเที่ยว | G101: / | M101: ท่องเที่ยว
A102: 4 | B102: จักรยานบริการนักท่องเที่ยว ยี่ห้อ CAYOTE | C102: 025-55-0016 | D102: 20283 | E102: 7500 | F102: ท่องเที่ยว | G102: / | M102: ท่องเที่ยว
...

Sheet การเกษตร
A1: รายละเอียดครุภัณฑ์ สำนักปลัดเทศบาล
A2: ณ กันยายน 2567
A4: ลำดับ | B4: รายการ | C4: รหัสครุภัณฑ์ | D4: วัน เดือน ปี | E4: ราคาที่ได้มา | F4: สภาพครุภัณฑ์
A5: ที่ | D5: ที่ได้มา | F5: สถานที่ใช้งาน | G5: ใช้ได้ | H5: ชำรุด | I5: เสื่อม | J5: สูญหาย | K5: เก็บ | L5: หมดความ | M5: หมายเหตุ
I6: สภาพ | K6: ไว้นาน | L6: จำเป็น
B7: ครุภัณฑ์การเกษตร
B8: เครื่องสูบน้ำ (055)
A9: 1 | B9: ปั้มแช่ไดรโว่ | C9: 055-46-0103 | D9: 17069 | E9: 4500 | F9: งานป้องกันฯ | G9: /
A10: 2 | B10: เครื่องสูบน้ำฮอนด้า WB 20 XT TR | C10: 055-48-0122 | D10: 17806 | E10: 9650 | F10: งานป้องกันฯ | G10: / | M10: งานป้องกัน หน่วย 2 เบอร์ 32
B11: เครื่องยนต์เบนซินขนาด 2 นิ้ว
A12: 3 | B12: เครื่องสูบน้ำฮอนด้า WB 20 XT TR | C12: 055-48-0124 | D12: 17806 | E12: 9650 | F12: งานป้องกันฯ | G12: /
B13: เครื่องยนต์เบนซินขนาด 2 นิ้ว
A14: 4 | B14: เครื่องสูบน้ำฮอนด้า WB 20 XT TR | C14: 055-48-0125 | D14: 17806 | E14: 9650 | F14: งานป้องกันฯ | G14: / | M14: งานป้องกัน หน่วย 1 เบอร์ 35
B15: เครื่องยนต์เบนซินขนาด 2 นิ้ว
A16: 5 | B16: เครื่องป๊มน้ำ ยี่ห้อมิตซูบิซิ รุ่น WP-255 Q2 มอร์เตอร์ 250 W | C16: 055-51-0134 | D16: 238042 | E16: 10000 | F16: งานป้องกันฯ | G16: /
A17: 6 | B17: เครื่องสูบน้ำไดโว่ ยี่ห้อมิตซูบิซิ | C17: 055-54-0170 | D17: 19854 | E17: 6800 | F17: งานป้องกันฯ | G17: /
A18: 7 | B18: เครื่องปั๊มน้ำอัตโนมัติ (ถังกลม) (อาคาร 2) 300 วัตต์ | C18: 055-64-0250 | D18: 23581 | E18: 8500 | F18: ธุรการ | G18: /
A19: 8 | B19: เครื่องปั๊มน้ำอัตโนมัติ (ถังกลม) (อาคาร 2) 300 วัตต์ | C19: 055-64-0251 | D19: 23581 | E19: 8500 | F19: ธุรการ | G19: /
A20: 9 | B20: เครื่องปั๊มน้ำอัตโนมัติ (ถังกลม) (อาคาร 7 ชั้น 4) 150 วัตต์ | C20: 055-64-0252 | D20: 23588 | E20: 5800 | F20: ธุรการ | G20: /
A21: 10 | B21: เครื่องสูบน้ำ (ไดโว่) ชนิดปั๊มแช่จุ่มใต้น้ำ 250 วัตต์ | C21: 055-64-0254 | D21: 23620 | E21: 7300 | F21: งานป้องกันฯ | G21: / | M21: งานป้องกัน หน่วย 1
A22: 11 | B22: เครื่องสูบน้ำ (ไดโว่) ชนิดปั๊มแช่จุ่มใต้น้ำ 250 วัตต์ | C22: 055-64-0255 | D22: 23620 | E22: 7300 | F22: งานป้องกันฯ | G22: / | M22: งานป้องกัน หน่วย 1
A23: 12 | B23: เครื่องสูบน้ำ (ไดโว่) ชนิดปั๊มแช่จุ่มใต้น้ำ 250 วัตต์ | C23: 055-64-0256 | D23: 23620 | E23: 7300 | F23: งานป้องกันฯ | G23: / | M23: งานป้องกัน หน่วย 1
A24: 13 | B24: เครื่องสูบน้ำ (ไดโว่) ชนิดปั๊มแช่จุ่มใต้น้ำ 250 วัตต์ | C24: 055-64-0257 | D24: 23620 | E24: 7300 | F24: งานป้องกันฯ | G24: / | M24: งานป้องกัน หน่วย 1
A25: 14 | B25: เครื่องสูบน้ำ (ไดโว่) ชนิดปั๊มแช่จุ่มใต้น้ำ 250 วัตต์ | C25: 055-64-0258 | D25: 23620 | E25: 7300 | F25: งานป้องกันฯ | G25: / | M25: งานป้องกัน หน่วย 1
A26: 15 | B26: เครื่องสูบน้ำ (แบบหอยโข่ง) สูบน้ำได้ 1000 ลิตรต่อนาที | C26: 055-64-0259 | D26: 23620 | E26: 8400 | F26: งานป้องกันฯ | G26: / | M26: งานป้องกัน หน่วย 1
B27: 5 แรงม้า ปริมาตรกระบอกสูบ 163 ซีซี
A28: 16 | B28: เครื่องสูบน้ำ (แบบหอยโข่ง) สูบน้ำได้ 1000 ลิตรต่อนาที | C28: 055-64-0260 | D28: 23620 | E28: 8400 | F28: งานป้องกันฯ | G28: / | M28: งานป้องกัน หน่วย 1
B29: 5 แรงม้า ปริมาตรกระบอกสูบ 163 ซีซี
A30: 17 | B30: เครื่องสูบน้ำ (แบบหอยโข่ง) สูบน้ำได้ 1000 ลิตรต่อนาที | C30: 055-64-0261 | D30: 23620 | E30: 8400 | F30: งานป้องกันฯ | G30: / | M30: งานป้องกัน หน่วย 1
B31: 5 แรงม้า ปริมาตรกระบอกสูบ 163 ซีซี
A32: 18 | B32: เครื่องสูบน้ำ (แบบหอยโข่ง) สูบน้ำได้ 1000 ลิตรต่อนาที | C32: 055-64-0262 | D32: 23620 | E32: 8400 | F32: งานป้องกันฯ | G32: / | M32: งานป้องกัน หน่วย 1
B33: 5 แรงม้า ปริมาตรกระบอกสูบ 163 ซีซี
A34: 19 | B34: เครื่องสูบน้ำ (แบบหอยโข่ง) สูบน้ำได้ 1000 ลิตรต่อนาที | C34: 055-64-0263 | D34: 23620 | E34: 8400 | F34: งานป้องกันฯ | G34: / | M34: งานป้องกัน หน่วย 1
B35: 5 แรงม้า ปริมาตรกระบอกสูบ 163 ซีซี
A36: 20 | B36: เครื่องปั๊มน้ำ (หอยโข่ง) (อาคาร 7 ชั้น 1) 220 โวลต์ | C36: 055-64-0264 | D36: 23623 | E36: 8000 | F36: ธุรการ | G36: /
A37: 20 | D37: รวม | E37: =SUM(E9:E36) -> 159550
B38: เลื่อยโซ่ยนต์ (068)
A39: 1 | B39: เลื่อยโซ่ยนต์ เครื่องยนต์เบนซิน 2 จังหวะ สูบเดียว | C39: 068-64-0048 | D39: 23607 | E39: 14800 | F39: งานป้องกันฯ | G39: /
B40: ขนาด 1.5 แรงม้า บาร์โซ่ไม่น้อยกว่า 12 นิ้ว ระบบ
B41: สตาร์ทเครื่องแบบเชือกดึงสตาร์ทมือ
A42: 2 | B42: เลื่อยโซ่ยนต์ เครื่องยนต์เบนซิน 2 จังหวะ สูบเดียว | C42: 068-64-0049 | D42: 23607 | E42: 14800 | F42: งานป้องกันฯ | G42: /
B43: ขนาด 1.5 แรงม้า บาร์โซ่ไม่น้อยกว่า 12 นิ้ว ระบบ
B44: สตาร์ทเครื่องแบบเชือกดึงสตาร์ทมือ
A45: 3 | B45: เลื่อยโซ่ยนต์ เครื่องยนต์เบนซิน 2 จังหวะ สูบเดียว | C45: 068-64-0050 | D45: 23607 | E45: 14800 | F45: งานป้องกันฯ | G45: /
B46: ขนาด 1.5 แรงม้า บาร์โซ่ไม่น้อยกว่า 12 นิ้ว ระบบ
B47: สตาร์ทเครื่องแบบเชือกดึงสตาร์ทมือ
A48: 4 | B48: เลื่อยโซ่ยนต์ เครื่องยนต์เบนซิน 2 จังหวะ สูบเดียว | C48: 068-64-0051 | D48: 23607 | E48: 14800 | F48: งานป้องกันฯ | G48: /
B49: ขนาด 1.5 แรงม้า บาร์โซ่ไม่น้อยกว่า 12 นิ้ว ระบบ
B50: สตาร์ทเครื่องแบบเชือกดึงสตาร์ทมือ
A51: 5 | B51: เลื่อยโซ่ยนต์ เครื่องยนต์เบนซิน 2 จังหวะ สูบเดียว | C51: 068-64-0052 | D51: 23607 | E51: 14800 | F51: งานป้องกันฯ | G51: /
B52: ขนาด 1.5 แรงม้า บาร์โซ่ไม่น้อยกว่า 12 นิ้ว ระบบ
B53: สตาร์ทเครื่องแบบเชือกดึงสตาร์ทมือ
A54: 5 | D54: รวม | E54: =SUM(E39:E53) -> 74000
A56: =A54+A37 -> 25 | D56: รวมทั้งสิ้น | E56: =E54+E37 -> 233550

Sheet ไฟฟ้าและวิทยุ
A1: รายละเอียดครุภัณฑ์ สำนักปลัดเทศบาล
A2: ณ กันยายน 2567
A4: ลำดับ | B4: รายการ | C4: รหัสครุภัณฑ์ | D4: วัน เดือน ปี | E4: ราคาที่ได้มา | F4: สภาพครุภัณฑ์
A5: ที่ | D5: ที่ได้มา | F5: สถานที่ใช้งาน | G5: ใช้ได้ | H5: ชำรุด | I5: เสื่อม | J5: สูญหาย | K5: เก็บ | L5: หมดความ | M5: หมายเหตุ
I6: สภาพ | K6: ไว้นาน | L6: จำเป็น
B7: ครุภัณฑ์ไฟฟ้าและวิทยุ
B8: ชุดไฟส่องสว่างเคลื่อนที่ (082)
A9: 1 | B9: โคมไฟหลอดทัลฮาโลท์ | C9: 082-38-0537 | D9: 13980 | E9: 13800 | F9: งานธุรการ+สารบรรณ | G9: / | M9: แจ้งว่าอยู่ที่งานป้องกัน
A10: 2 | B10: โคมไฟหลอดทัลฮาโลท์ | C10: 082-38-0538 | D10: 13980 | E10: 13800 | F10: งานธุรการ+สารบรรณ | G10: / | M10: แจ้งว่าอยู่ที่งานป้องกัน
A11: 3 | B11: โคมไฟหลอดทัลฮาโลท์ | C11: 082-38-0539 | D11: 13980 | E11: 13800 | F11: งานธุรการ+สารบรรณ | G11: / | M11: แจ้งว่าอยู่ที่งานป้องกัน
A12: 4 | B12: โคมไฟหลอดทัลฮาโลท์ | C12: 082-38-0540 | D12: 13980 | E12: 13800 | F12: งานธุรการ+สารบรรณ | G12: / | M12: แจ้งว่าอยู่ที่งานป้องกัน
A13: 5 | B13: ชุดไฟส่องสว่างเคลื่อนที่ | C13: 082-61-1751 | D13: 22361 | E13: 269640 | F13: งานป้องกันฯ | G13: / | M13: งานป้องกัน หน่วย 1 (รถเบอร์ 19)
A14: 5 | D14: รวม | E14: =SUM(E9:E13) -> 324840
B15: เครื่องควบคุมและจ่ายกระแสไฟ (430)
A16: 1 | B16: เครื่องควบคุมและจ่ายกระแสไฟ | C16: 430-51-0001 | D16: 18851 | E16: 50000 | F16: งานธุรการ+สารบรรณ | G16: /
A17: 2 | B17: ชุดควบคุมระบบภาพ | C17: 430-57-0005 | D17: 240148 | E17: 21100.4 | F17: งานธุรการ+สารบรรณ | G17: /
A18: 3 | B18: เครื่องผสมสัญญาณเสียง 16 ช่อง | C18: 430-57-0006 | D18: 240148 | E18: 39504.4 | F18: งานธุรการ+สารบรรณ | G18: /
A19: 4 | B19: Sequence Controller (local) | C19: 430-54-0007 | D19: 1 ม.ค. 54 | E19: 35000 | F19: งานท่องเที่ยว | G19: / | M19: (โอนมาจาก) ฝ่ายบริหารงานทั่วไป สำนักการศึกษา
A20: 4 | D20: รวม | E20: =SUM(E16:E19) -> 145604.8
B22: กล้องวงจรปิด (454)
A23: 1 | B23: อุปกรณ์บันทึกภาพผ่านเครือข่าย | C23: 454-59-0073 | D23: 21735 | E23: 383471 | F23: งานเทศกิจ | L23: / | M23: งานรักษาความสงบ(เทศกิจ)
A24: 2 | B24: จอแสดงผล | C24: 454-59-0085 | D24: 21735 | E24: 11770 | F24: งานเทศกิจ | G24: / | M24: งานรักษาความสงบ(เทศกิจ)
A25: 2 | D25: รวม | E25: =SUM(E23:E24) -> 395241
B26: เครื่องถอดแถบบันทึกเสียง(455)
A27: 1 | B27: เครื่องเล่นและบันทึก DVD (ห้องประชุมราชพฤกษ์) | C27: 455-53-0056 | D27: 19428 | E27: 3000 | F27: งานธุรการ+สารบรรณ | G27: /
A28: 2 | B28: เครื่องเล่นและบันทึกเสียงแบบดิจิตอล | C28: 455-57-0061 | D28: 20834 | E28: 6500 | F28: ฝ่ายกิจการสภา | G28: /
A29: 3 | B29: PM 3 Player Whith controller (local) (ชุดตลาด) | C29: 455-54-0003 | D29: 1 ม.ค. 54 | E29: 20000 | F29: งานท่องเที่ยว | G29: / | M29: (โอนมาจาก) ฝ่ายบริหารงานทั่วไป สำนักการศึกษา
A30: 4 | B30: PM 3 Player Whith controller (local) | C30: 455-54-0005 | D30: 1 ม.ค. 54 | E30: 20000 | F30: งานท่องเที่ยว | G30: / | M30: (โอนมาจาก) ฝ่ายบริหารงานทั่วไป สำนักการศึกษา
A31: 4 | D31: รวม | E31: =SUM(E27:E30) -> 49500
B32: ไมค์ประชุม (458)
A33: 1 | B33: ไมโครโฟนชุดประชุม (ห้องประชุมสภา) | C33: 458-37-0080 | D33: 13788 | E33: 16075 | F33: ฝ่ายกิจการสภา | G33: /
A34: 2 | B34: ไมโครโฟนชุดประชุม (ห้องประชุมสภา) | C34: 458-37-0081 | D34: 13788 | E34: 16075 | F34: ฝ่ายกิจการสภา | G34: /
A35: 3 | B35: ไมโครโฟนชุดประชุม (ห้องประชุมสภา) | C35: 458-37-0082 | D35: 13788 | E35: 16075 | F35: ฝ่ายกิจการสภา | G35: /
A36: 4 | B36: ไมโครโฟนชุดประชุม (ห้องประชุมสภา) | C36: 458-37-0083 | D36: 13788 | E36: 16075 | F36: ฝ่ายกิจการสภา | G36: /
A37: 5 | B37: ไมโครโฟนชุดประชุม (ห้องประชุมสภา) | C37: 458-37-0084 | D37: 13788 | E37: 16075 | F37: ฝ่ายกิจการสภา | G37: /
A38: 6 | B38: ไมโครโฟนชุดประชุม (ห้องประชุมสภา) | C38: 458-37-0085 | D38: 13788 | E38: 16075 | F38: ฝ่ายกิจการสภา | G38: /
A39: 7 | B39: ไมค์ประชุม (ห้องประชุมราชาวดี) | C39: 458-48-0126 | D39: 17875 | E39: 2700 | F39: งานธุรการ+สารบรรณ | G39: /
A40: 8 | B40: ไมค์ประชุม (ห้องประชุมราชาวดี) | C40: 458-48-0127 | D40: 17875 | E40: 2700 | F40: งานธุรการ+สารบรรณ | G40: /
A41: 9 | B41: ไมค์ประชุม (ห้องประชุมราชาวดี) | C41: 458-48-0128 | D41: 17875 | E41: 2700 | F41: งานธุรการ+สารบรรณ | G41: /
A42: 10 | B42: ไมค์ประชุม (ห้องประชุมราชาวดี) | C42: 458-48-0129 | D42: 17875 | E42: 2700 | F42: งานธุรการ+สารบรรณ | G42: /
A43: 11 | B43: ไมค์ประชุม (ห้องประชุมราชาวดี) | C43: 458-48-0130 | D43: 17875 | E43: 2700 | F43: งานธุรการ+สารบรรณ | G43: /
A44: 12 | B44: ไมค์ประชุม (ห้องประชุมราชาวดี) | C44: 458-48-0131 | D44: 17875 | E44: 2700 | F44: งานธุรการ+สารบรรณ | G44: /
... A70: 38 | B70: ไมค์ชนิดมือถือ (ห้องราชาวดี) | C70: 458-57-0180 | D70: 21002 | E70: 19506.1 | F70: งานธุรการ+สารบรรณ | G70: /
A71: 38 | D71: รวม | E71: =SUM(E33:E70) -> 382168.3
B72: ลำโพง (459)
A73: 1 | B73: ลำโพงหลัก (ห้องราชพฤกษ์) | C73: 459-51-0746 | D73: 18851 | E73: 15000 | F73: งานธุรการ+สารบรรณ | G73: /
A74: 2 | B74: ลำโพงหลัก (ห้องราชพฤกษ์) | C74: 459-51-0747 | D74: 18851 | E74: 15000 | F74: งานธุรการ+สารบรรณ | G74: /
A75: 3 | B75: ลำโพงหลัก (ห้องราชพฤกษ์) | C75: 459-51-0748 | D75: 18851 | E75: 550 | F75: งานธุรการ+สารบรรณ | G75: /
A76: 4 | B76: ลำโพงหลัก (ห้องราชพฤกษ์) | C76: 459-51-0749 | D76: 18851 | E76: 550 | F76: งานธุรการ+สารบรรณ | G76: /
A77: 5 | B77: ลำโพงหลัก (ห้องราชพฤกษ์) | C77: 459-51-0750 | D77: 18851 | E77: 550 | F77: งานธุรการ+สารบรรณ | G77: /
A78: 6 | B78: ลำโพงหลัก (ห้องราชพฤกษ์) | C78: 459-51-0751 | D78: 18851 | E78: 550 | F78: งานธุรการ+สารบรรณ | G78: /
A79: 7 | B79: ลำโพงเพดาน | C79: 459-53-0762 | D79: 19428 | E79: 1000 | F79: งานธุรการ+สารบรรณ | G79: /
A80: 8 | B80: ลำโพงเพดาน | C80: 459-53-0763 | D80: 19428 | E80: 1000 | F80: งานธุรการ+สารบรรณ | G80: /
A81: 9 | B81: ลำโพงเพดาน | C81: 459-53-0764 | D81: 19428 | E81: 1000 | F81: งานธุรการ+สารบรรณ | G81: /
A82: 10 | B82: ลำโพงเพดาน | C82: 459-53-0765 | D82: 19428 | E82: 1000 | F82: งานธุรการ+สารบรรณ | G82: /
A83: 11 | B83: ลำโพงติดเพดาน ขนาด 30 วัตต์ | C83: 459-57-0821 | D83: 20834 | E83: 6900 | F83: ฝ่ายกิจการสภา | G83: / | M83: ห้องประชุมสภา
A84: 12 | B84: ลำโพงติดเพดาน ขนาด 30 วัตต์ | C84: 459-57-0822 | D84: 20834 | E84: 6900 | F84: ฝ่ายกิจการสภา | G84: / | M84: ห้องประชุมสภา
A85: 13 | B85: ลำโพงติดเพดาน ขนาด 30 วัตต์ | C85: 459-57-0823 | D85: 20834 | E85: 6900 | F85: ฝ่ายกิจการสภา | G85: / | M85: ห้องประชุมสภา
A86: 14 | B86: ลำโพงติดเพดาน ขนาด 30 วัตต์ | C86: 459-57-0824 | D86: 20834 | E86: 6900 | F86: ฝ่ายกิจการสภา | G86: / | M86: ห้องประชุมสภา
A87: 15 | B87: ลำโพงติดเพดาน ขนาด 30 วัตต์ | C87: 459-57-0825 | D87: 20834 | E87: 6900 | F87: ฝ่ายกิจการสภา | G87: / | M87: ห้องประชุมสภา
A88: 16 | B88: ลำโพงติดเพดาน ขนาด 30 วัตต์ | C88: 459-57-0826 | D88: 20834 | E88: 6900 | F88: ฝ่ายกิจการสภา | G88: / | M88: ห้องประชุมสภา
A89: 17 | B89: ลำโพงติดเพดาน ขนาด 30 วัตต์ | C89: 459-57-0827 | D89: 20834 | E89: 6900 | F89: ฝ่ายกิจการสภา | G89: / | M89: ห้องประชุมสภา
A90: 18 | B90: ลำโพงติดเพดาน ขนาด 30 วัตต์ | C90: 459-57-0828 | D90: 20834 | E90: 6900 | F90: ฝ่ายกิจการสภา | G90: / | M90: ห้องประชุมสภา
A91: 19 | B91: หูฟังสำหรับเครื่องควบคุม | C91: 459-57-0829 | D91: 18810 | E91: 4494 | F91: งานธุรการ+สารบรรณ | G91: /
A92: 20 | B92: ลำโพง | C92: 459-57-0830 | D92: 18810 | E92: 12695.55 | F92: งานธุรการ+สารบรรณ | G92: /
A93: 21 | B93: ลำโพง | C93: 459-57-0831 | D93: 18810 | E93: 12695.55 | F93: งานธุรการ+สารบรรณ | G93: /
A94: 22 | B94: ลำโพง | C94: 459-57-0832 | D94: 18810 | E94: 12695.55 | F94: งานธุรการ+สารบรรณ | G94: /
A95: 23 | B95: ลำโพง | C95: 459-57-0833 | D95: 18810 | E95: 12695.55 | F95: งานธุรการ+สารบรรณ | G95: /
A96: 24 | B96: ลำโพง | C96: 459-57-0834 | D96: 18810 | E96: 12695.55 | F96: งานธุรการ+สารบรรณ | G96: /
A97: 25 | B97: ลำโพง | C97: 459-57-0835 | D97: 18810 | E97: 12695.55 | F97: งานธุรการ+สารบรรณ | G97: /
A98: 26 | B98: ลำโพง | C98: 459-57-0836 | D98: 18810 | E98: 12695.55 | F98: งานธุรการ+สารบรรณ | G98: /
A99: 27 | B99: ลำโพง | C99: 459-57-0837 | D99: 18810 | E99: 12695.55 | F99: งานธุรการ+สารบรรณ | G99: /
A100: 28 | B100: Lound Speaker | C100: 459-54-0006 | D100: 1 ม.ค. 54 | E100: 10000 | F100: งานท่องเที่ยว | G100: / | M100: หอปูม ชั้น2 (โอนมาจาก) ฝ่ายบริหารงานทั่วไป สำนักการศึกษา
A101: 29 | B101: Lound Speaker | C101: 459-54-0002 | D101: 1 ม.ค. 54 | E101: 21000 | F101: งานท่องเที่ยว | G101: / | M101: หอปูม ชั้น2 (โอนมาจาก) ฝ่ายบริหารงานทั่วไป สำนักการศึกษา
A102: 29 | D102: รวม | E102: =SUM(E73:E101) -> 228458.4
B103: เครื่องบันทึกเสียงดิจิตอล (460)
A104: 1 | B104: เครื่องบันทึกเสียงดิจิตอล | C104: 460-57-0027 | D104: 18810 | E104: 28002 | F104: งานธุรการ+สารบรรณ | G104: /
A105: 1 | D105: รวม | E105: =SUM(E104) -> 28002
B106: วิทยุ (461)
A107: 1 | B107: วิทยุเทป ซี.ดี. (ติดตั้งรถยนต์ ลปม.5211) | C107: 461-47-0067 | D107: 17179 | E107: 5940 | F107: งานธุรการ+สารบรรณ | G107: /
A108: 2 | B108: วิทยุเทป ซี.ดี. (ติดตั้งรถยนต์ ลปข.6645) | C108: 461-47-0068 | D108: 17179 | E108: 5940 | F108: งานธุรการ+สารบรรณ | G108: /
A109: 2 | D109: รวม | E109: =SUM(E107:E108) -> 11880
B110: เครื่องเสียงพร้อมลำโพง (462)
A111: 1 | B111: เครื่องขยายเสียง | C111: 462-42-0111 | D111: 15487 | E111: 4400 | F111: งานเทศกิจ | G111: /
A112: 2 | B112: เครื่องขยายเสียง | C112: 462-45-0189 | D112: 16579 | E112: 4200 | F112: งานธุรการ+สารบรรณ | G112: /
A113: 3 | B113: โทรโข่ง | C113: 462-48-0255 | D113: 17791 | E113: 2700 | F113: งานเทศกิจ | G113: /
A114: 4 | B114: โทรโข่ง | C114: 462-48-0258 | D114: 17791 | E114: 2700 | F114: งานเทศกิจ | G114: /
A115: 5 | B115: เครื่องขยายเสียงลำโพงเพดาน | C115: 462-51-0273 | D115: 18851 | E115: 4000 | F115: งานธุรการ+สารบรรณ | G115: /
A116: 6 | B116: เครื่องขยายเสียง | C116: 462-53-0284 | D116: 19428 | E116: 9000 | F116: งานธุรการ+สารบรรณ | G116: /
A117: 7 | B117: เครื่องขยายเสียง ขนาด 240 วัตต์ | C117: 462-57-0295 | D117: 20834 | E117: 13500 | F117: ฝ่ายกิจการสภา | G117: / | M117: ห้องประชุมสภา
A118: 8 | B118: เครื่องผสมสัญญาณเสียง ขนาด 6 โมโน 2 สเตอริโอ | C118: 462-57-0296 | D118: 20834 | E118: 13000 | F118: ฝ่ายกิจการสภา | G118: / | M118: ห้องประชุมสภา
A119: 9 | B119: เครื่องปรับแต่งสัญญาณเสียง แบบสเตอริโอ ขนาด 15 ช่อง | C119: 462-57-0297 | D119: 20834 | E119: 10500 | F119: ฝ่ายกิจการสภา | G119: / | M119: ห้องประชุมสภา
A120: 10 | B120: ชุดวีดีทัศน์ ประกอบด้วย Stereo Amplifier | C120: 462-54-0002 | D120: 1 ม.ค. 54 | E120: 23000 | F120: งานท่องเที่ยว | G120: / | M120: หอปูม ชั้น2 (โอนมาจาก) ฝ่ายบริหารงานทั่วไป สำนักการศึกษา
A121: 11 | B121: Stereo Amplifier | C121: 462-54-0003 | D121: 1 ม.ค. 54 | E121: 23000 | F121: งานท่องเที่ยว | G121: / | M121: หอปูม ชั้น2 (โอนมาจาก) ฝ่ายบริหารงานทั่วไป สำนักการศึกษา
A122: 12 | B122: Stereo Amplifier | C122: 462-54-0004 | D122: 1 ม.ค. 54 | E122: 23000 | F122: งานท่องเที่ยว | G122: / | M122: หอปูม ชั้น2 (โอนมาจาก) ฝ่ายบริหารงานทั่วไป สำนักการศึกษา
A123: 13 | B123: Stereo Amplifier | C123: 462-54-0005 | D123: 1 ม.ค. 54 | E123: 23000 | F123: งานท่องเที่ยว | G123: / | M123: หอปูม ชั้น2 (โอนมาจาก) ฝ่ายบริหารงานทั่วไป สำนักการศึกษา
A124: 13 | D124: รวม | E124: =SUM(E111:E123) -> 156000
B125: เครื่องเล่น (463)
A126: 1 | B126: เครื่องขยายเสียง(250 วัตต์)+เทปใบ้taff+เครื่องรับวิทยุ | C126: 463-44-0004 | D126: 16326 | E126: 15000 | F126: งานเทศกิจ | G126: /
B127: marantz
...

Sheet โฆษณา
A1: รายละเอียดครุภัณฑ์ สำนักปลัดเทศบาล
A2: ณ กันยายน 2567
A4: ลำดับ | B4: รายการ | C4: รหัสครุภัณฑ์ | D4: วัน เดือน ปี | E4: ราคาที่ได้มา | F4: สภาพครุภัณฑ์
A5: ที่ | D5: ที่ได้มา | F5: สถานที่ใช้งาน | G5: ใช้ได้ | H5: ชำรุด | I5: เสื่อม | J5: สูญหาย | K5: เก็บ | L5: หมดความ | M5: หมายเหตุ
I6: สภาพ | K6: ไว้นาน | L6: จำเป็น
B7: ครุภัณฑ์โฆษณาและเผยแพร่
B8: จอภาพ (444)
A9: 1 | B9: จอภาพ | C9: 444-41-0011 | D9: 14981 | E9: 0 | F9: งานธุรการ+สารบรรณ | G9: /
A10: 2 | B10: จอภาพ | C10: 444-41-0012 | D10: 14981 | E10: 0 | F10: งานธุรการ+สารบรรณ | G10: /
A11: 3 | B11: จอรับภาพ (งานบริหารทั่งไป) | C11: 444-48-0014 | D11: 17832 | E11: 0 | F11: งานธุรการ+สารบรรณ | G11: /
A12: 4 | B12: จอรับภาพ | C12: 444-51-0015 | D12: 18851 | E12: 14000 | F12: งานธุรการ+สารบรรณ | G12: /
A13: 5 | B13: จอรับภาพมอนิเตอร์ไฟฟ้า (ห้องประชุมราชาวดี) | C13: 444-54-0017 | D13: 18850 | E13: 37700 | F13: งานธุรการ+สารบรรณ | G13: / | M13: ห้องประชุมราชาวดี
A14: 6 | B14: จอรับภาพมอนิเตอร์ไฟฟ้า (ชัยพกฤ) | C14: 444-62-0036 | D14: 22761 | E14: 9500 | F14: งานธุรการ+สารบรรณ | G14: / | M14: ห้องชัยพกฤษ์
A15: 6 | D15: รวม | E15: =SUM(E9:E14) -> 61200
B17: เครื่องฉายภาพโปรเจกเตอร์ (447)
A18: 1 | B18: เครื่องฉายมัลติมีเดียโปรเจคเตอร์ (งานธุรการ วรพงษ์ มาลัย) | C18: 447-59-0025 | D18: 21544 | E18: 65000 | F18: งานธุรการ+สารบรรณ | G18: / | M18: สำรองห้องประชุมราชาวดี
A19: 2 | B19: เครื่องฉายมัลติมีเดียโปรเจคเตอร์ (งานธุรการ วรพงษ์ มาลัย) | C19: 447-62-0039 | D19: 22761 | E19: 42000 | F19: งานธุรการ+สารบรรณ | G19: / | M19: ห้องชัยพกฤษ์
A20: 3 | B20: เครื่องมัลติมีเดียโปรเจคเตอร์ Panasonic LCD รุ่น PT-MZ880 | C20: 447-65-0051 | D20: 242943 | E20: 475000 | F20: งานบริหารทั่วไป | G20: / | M20: ห้องประชุมราชาวดี
A21: 3 | D21: รวม | E21: =SUM(E18:E20) -> 582000
B23: เครื่องเล่นสื่อ (448)
A24: 1 | B24: เครื่องเล่นสื่อโสต สำหรับชุดเจ้าเมืองและตำนาน | C24: 448-59-0015 | D24: 25 พ.ย. 58 | E24: 30000 | F24: งานรท่องเที่ยว | G24: / | M24: (โอนมาจาก) ฝ่ายบริหารงานทั่วไป สำนักการศึกษา
A25: 2 | B25: จอสัมผัส ขนาด 27 นิ้ว ชุดมัลติมีเดียสำหรับลงคำ | C25: 448-59-0016 | D25: 25 พ.ย. 58 | E25: 59990 | F25: งานรท่องเที่ยว | G25: / | M25: (โอนมาจาก) ฝ่ายบริหารงานทั่วไป สำนักการศึกษา
A26: 3 | B26: เครื่องควบคุมลำดับ ชุดมัลติมีเดียสำหรับลงคำปฎิญาณ | C26: 448-59-0017 | D26: 25 พ.ย. 58 | E26: 30000 | F26: งานรท่องเที่ยว | G26: / | M26: (โอนมาจาก) ฝ่ายบริหารงานทั่วไป สำนักการศึกษา
A27: 4 | B27: เครื่องควบคุมลำดับ ชุดมัลติมีเดียสำหรับลงคำปฎิญาณ | C27: 448-59-0018 | D27: 25 พ.ย. 58 | E27: 37000 | F27: งานรท่องเที่ยว | G27: / | M27: หอปูม ชั้น2 (โอนมาจาก) ฝ่ายบริหารงานทั่วไป สำนักการศึกษา
A28: 4 | D28: รวม | E28: =SUM(E24:E27) -> 156990
B30: กล้องถ่ายรูป (452)
A31: 1 | B31: กล้องถ่ายภาพ ระบบดิจิตอล | C31: 452-64-0090 | D31: 23581 | E31: 18990 | F31: งานท่องเที่ยว | G31: / | M31: ท่องเที่ยว
A32: 1 | D32: รวม | E32: =SUM(E31) -> 18990
B34: อุปกรณ์บันทึกภาพฯ (454)
A35: 1 | B35: อุปกรณ์บันทึกภาพผ่านเครือข่าย | C35: 454-59-0106 | D35: 21863 | E35: 139956 | F35: งานธุรการ+สารบรรณ | G35: /
A36: 2 | B36: อุปกรณ์บันทึกภาพผ่านเครือข่าย | C36: 454-59-0107 | D36: 21863 | E36: 155957 | F36: งานธุรการ+สารบรรณ | G36: /
A37: 2 | D37: รวม | E37: =SUM(E35:E36) -> 295913
B39: โทรทัศน์สี (456)
A40: 1 | B40: โทรทัศน์สี | C40: 456-36-0012 | D40: 13263 | E40: 11000 | F40: งานธุรการ+สารบรรณ | G40: /
A41: 2 | B41: โทรทัศน์สี ยี่ห้อ พานาโซนิค twin topdome | C41: 456-41-0021 | D41: 15234 | E41: 15000 | F41: งานเลขา ฯ | G41: /
A42: 3 | B42: จอ LCD (ห้องราชพฤกษ์) | C42: 456-51-0053 | D42: 18851 | E42: 27000 | F42: งานธุรการ+สารบรรณ | G42: / | M42: เก็บไว้ที่ห้องราชาวดีชั้น4
A43: 4 | B43: จอ LCD (ห้องราชพฤกษ์) | C43: 456-51-0055 | D43: 18851 | E43: 64500 | F43: งานธุรการ+สารบรรณ | G43: / | M43: เก็บไว้ที่ห้องราชาวดีชั้น4
A44: 5 | B44: จอ LCD (ห้องราชพฤกษ์) | C44: 456-51-0056 | D44: 18851 | E44: 64500 | F44: งานธุรการ+สารบรรณ | G44: / | M44: เก็บไว้ที่ห้องราชาวดีชั้น4
A45: 6 | B45: เครื่องสลับสัญญาณคอมพิวเตอร์ (ห้องราชพฤกษ์) | C45: 456-51-0059 | D45: 18851 | E45: 36200 | F45: งานธุรการ+สารบรรณ | G45: / | M45: เก็บไว้ที่ห้องราชาวดีชั้น4
A46: 7 | B46: เครื่องสลับสัญญาณเสียง (ห้องราชพฤกษ์) | C46: 456-51-0060 | D46: 18851 | E46: 23500 | F46: งานธุรการ+สารบรรณ | G46: / | M46: เก็บไว้ที่ห้องราชาวดีชั้น4
A47: 8 | B47: เครื่องประมวลผลสัญญาณเสียง (ห้องราชพฤกษ์) | C47: 456-51-0061 | D47: 18851 | E47: 30000 | F47: งานธุรการ+สารบรรณ | G47: / | M47: เก็บไว้ที่ห้องราชาวดีชั้น4
A48: 9 | B48: เครื่องป้องกันเสียงย้อนกลับ (ห้องราชพฤกษ์) | C48: 456-51-0062 | D48: 18851 | E48: 12000 | F48: งานธุรการ+สารบรรณ | G48: /
A49: 10 | B49: โทรทัศน์สี | C49: 456-52-0063 | D49: 19168 | E49: 8000 | F49: งานธุรการ+สารบรรณ | G49: /
A50: 11 | B50: จอ LCD | C50: 456-52-0065 | D50: 19169 | E50: 8000.39 | F50: งานธุรการ+สารบรรณ | G50: /
A51: 12 | B51: จอทีวีพลาสม่า (งานธุรการ) | C51: 456-53-0066 | D51: 19428 | E51: 42000 | F51: งานธุรการ+สารบรรณ | G51: /
A52: 13 | B52: ทีวีสี จอ LCD | C52: 456-54-0067 | D52: 19913 | E52: 10900 | F52: งานป้องกัน | H52: / | M52: งานป้องกัน หน่วย 1
A53: 14 | B53: ทีวีสี จอ LCD | C53: 456-54-0068 | D53: 19913 | E53: 10900 | F53: งานธุรการ+สารบรรณ | G53: /
A54: 15 | B54: ทีวีสีจอแบน ขนาด 100 cm. ยี่ห้อ Panasonic | C54: 456-61-0091 | D54: 22300 | E54: 12990 | F54: ฝ่ายกิจการสภา | G54: / | M54: ห้องสมาชิกสภา
A55: 16 | B55: โทรทัศน์ แอล อี ดี (LED TV) 55 นิ้ว (ห้องนายกฯ) | C55: 456-64-0128 | D55: 23636 | E55: 15670 | F55: ธุรการ+สารบรรณ | G55: /
A56: 17 | B56: โทรทัศน์ แอล อี ดี (LED TV) แบบ Smart TV | C56: 456-65-0137 | D56: 242975 | E56: 63490 | F56: ฝ่ายประสานงาน อปท | G56: / | M56: ห้องประชุมสภา
A57: 18 | B57: โทรทัศน์ แอล อี ดี (LED TV) แบบ Smart TV | C57: 456-65-0138 | D57: 242975 | E57: 63490 | F57: ฝ่ายประสานงาน อปท | G57: / | M57: ห้องประชุมสภา
A58: 19 | B58: โทรทัศน์ แอล อี ดี (LED TV) แบบ Smart TV | C58: 456-65-0139 | D58: 242975 | E58: 63490 | F58: ฝ่ายประสานงาน อปท | G58: / | M58: ห้องประชุมสภา
A59: 20 | B59: โทรทัศน์ แอล อี ดี (LED TV) แบบ Smart TV | C59: 456-65-0140 | D59: 242975 | E59: 63490 | F59: ฝ่ายประสานงาน อปท | G59: / | M59: ห้องประชุมสภา
A60: 21 | B60: โทรทัศน์ แอล อี ดี (LED TV) | C60: 456-65-0135 | D60: 242915 | E60: 184900 | F60: งานธุรการ | G60: / | M60: ห้องประชุมราชาวดี
A61: 22 | B61: โทรทัศน์ แอล อี ดี (LED TV) | C61: 456-65-0136 | D61: 242915 | E61: 184900 | F61: งานธุรการ | G61: / | M61: ห้องประชุมราชพฤกษ์
A62: 23 | B62: LCD TV 40 นิ้ว ขาประกอบด้วย (ชุดเจ้าแม่สุชาดา) | C62: 456-54-0001 | D62: 1 ม.ค.54 | E62: 6500 | F62: งานท่องเที่ยว | G62: / | M62: หอปูม ชั้น2 (โอนมาจาก) ฝ่ายบริหารงานทั่วไป สำนักการศึกษา
A63: 24 | B63: LCD TV 40 นิ้ว ระดับความละเอียดจอภาพไม่น้อยกว่า 1366 (ชุดเจ้าแม่สุชาดา) | C63: 456-54-0002 | D63: 1 ม.ค.54 | E63: 37383 | F63: งานท่องเที่ยว | G63: / | M63: หอปูม ชั้น2 (โอนมาจาก) ฝ่ายบริหารงานทั่วไป สำนักการศึกษา
A64: 24 | D64: รวม | E64: =SUM(E40:E63) -> 1059803.4
B67: ชุดอุปกรณ์สำหรับประชุมทางไกล (478)
A68: 1 | B68: ชุดอุปกรณ์สำหรับประชุมทางไกล | C68: 478-64-0001 | D68: 23563 | E68: 99500 | F68: ธุรการ | G68: / | M68: ห้องประชุมราชพฤกษ์
A69: 2 | B69: อุปกรณ์สำหรับประชุมทางไกล (Video Conference) | C69: 478-65-0004 | D69: 242871 | E69: 99500 | F69: ธุรการ | G69: / | M69: ห้องประชุมราชาวดี
A70: 3 | B70: อุปกรณ์สำหรับประชุมทางไกล (Video Conference) | C70: 478-65-0002 | D70: 242836 | E70: 17900 | F70: ธุรการ | G70: /
A71: 4 | B71: อุปกรณ์สำหรับประชุมทางไกล (Video Conference) | C71: 478-65-0003 | D71: 242836 | E71: 17900 | F71: ธุรการ | G71: /
A72: 4 | D72: รวม | E72: =SUM(E68:E71) -> 234800
B74: โดรน (480)
A75: 1 | B75: โดรน (อากาศยานไร้คนขับสำหรับถ่ายภาพทางอากาศ) Autel EVO2 Pro-single | C75: 480-65-0001 | D75: 242979 | E75: 70486.25 | F75: งานป้องกัน | G75: / | M75: งานป้องกัน หน่วย 1
A76: 1 | E76: =SUM(E75) -> 70486.25
B78: Sensorwith Supply (488)
A79: 1 | B79: Sensorwith Supply | C79: 488-54-0005 | D79: 1ม.ค.54 | E79: 12000 | F79: งานท่องเที่ยว | G79: / | M79: หอปูม ชั้น2 (โอนมาจาก) ฝ่ายบริหารงานทั่วไป สำนักการศึกษา
A80: 1 | E80: =SUM(E79) -> 12000
A82: =A80+A76+A72+A64+A37+A32+A28+A21+A15 -> 46 | D82: รวมทั้งสิ้น | E82: =E80+E76+E72+E64+E37+E32+E28+E21+E15 -> 2492182.6

Sheet วิทยาศาสตร์
A1: รายละเอียดครุภัณฑ์ สำนักปลัดเทศบาล
A2: ณ กันยายน 2567
A4: ลำดับ | B4: รายการ | C4: รหัสครุภัณฑ์ | D4: วัน เดือน ปี | E4: ราคาที่ได้มา | F4: สภาพครุภัณฑ์
A5: ที่ | D5: ที่ได้มา | F5: สถานที่ใช้งาน | G5: ใช้ได้ | H5: ชำรุด | I5: เสื่อม | J5: สูญหาย | K5: เก็บ | L5: หมดความ | M5: หมายเหตุ
I6: สภาพ | K6: ไว้นาน | L6: จำเป็น
B7: ครุภัณฑ์วิทยาศาสตร์
B8: เครื่องช่วยหายใจ (264)
A9: 1 | B9: เครื่องช่วยหายใจแบบอัดอากาศ | C9: 264-51-0014 | D9: 18836 | E9: 100000 | F9: งานป้องกันฯ | G9: /
A10: 2 | B10: เครื่องช่วยหายใจแบบอัดอากาศ | C10: 264-51-0015 | D10: 18836 | E10: 100000 | F10: งานป้องกันฯ | G10: /
A11: 3 | B11: เครื่องช่วยหายใจแบบอัดอากาศ | C11: 264-51-0016 | D11: 18836 | E11: 100000 | F11: งานป้องกันฯ | G11: /
A12: 4 | B12: เครื่องช่วยหายใจแบบอัดอากาศ | C12: 264-51-0017 | D12: 18836 | E12: 100000 | F12: งานป้องกันฯ | G12: /
A13: 5 | B13: เครื่องช่วยหายใจแบบอัดอากาศ | C13: 264-52-0018 | D13: 19197 | E13: 104860 | F13: งานป้องกันฯ | G13: /
A14: 6 | B14: เครื่องช่วยหายใจแบบอัดอากาศ | C14: 264-52-0019 | D14: 19197 | E14: 104860 | F14: งานป้องกันฯ | G14: /
A15: 7 | B15: เครื่องช่วยหายใจแบบอัดอากาศ | C15: 264-52-0020 | D15: 19197 | E15: 104860 | F15: งานป้องกันฯ | G15: /
A16: 8 | B16: เครื่องช่วยหายใจแบบอัดอากาศ | C16: 264-52-0021 | D16: 19197 | E16: 104860 | F16: งานป้องกันฯ | G16: /
A17: 8 | D17: รวม | E17: =SUM(E9:E16) -> 819440
B18: ครุภัณฑ์วิทยาศาสตร์และการแพทย์
B19: เครื่องวัดอุณหภูมิ (298)
A20: 1 | B20: เครื่องวัดอุณหภูมิ ชนิดไม่สัมผัส (มือถือ) | C20: 298-63-0011 | D20: 23171 | E20: 2500 | F20: งานท่องเที่ยว | G20: / | M20: ถนนสายวัฒนธรรม(รับโอนจากสาธารณสุข)
A21: 2 | B21: เครื่องวัดอุณหภูมิ ชนิดไม่สัมผัส (มือถือ) | C21: 298-63-0012 | D21: 23171 | E21: 2500 | F21: สารบรรณ | G21: /
A22: 3 | B22: เครื่องวัดอุณหภูมิ ชนิดไม่สัมผัส (มือถือ) | C22: 298-63-0030 | D22: 23171 | E22: 2500 | F22: งานท่องเที่ยว | G22: / | M22: ถนนสายวัฒนธรรม(รับโอนจากสาธารณสุข)
A23: 4 | B23: เครื่องวัดอุณหภูมิ ชนิดไม่สัมผัส (มือถือ) | C23: 298-63-0031 | D23: 23171 | E23: 2500 | F23: งานท่องเที่ยว | G23: / | M23: ถนนสายวัฒนธรรม(รับโอนจากสาธารณสุข)
A24: 5 | B24: เครื่องวัดอุณหภูมิ ชนิดไม่สัมผัส (มือถือ) | C24: 298-63-0032 | D24: 23171 | E24: 2500 | F24: งานท่องเที่ยว | G24: / | M24: ถนนสายวัฒนธรรม(รับโอนจากสาธารณสุข)
A25: 6 | B25: เครื่องวัดอุณหภูมิระบบอินฟราเรดทางหน้าผาก | C25: 298-64-0049 | D25: 23405 | E25: 2195 | F25: ธุรการ | G25: /
B26: (ใช้งานกลางแจ้งและในอาคารพร้อมขาตั้ง,ADAPTER)
A27: 7 | B27: เครื่องวัดอุณหภูมิระบบอินฟราเรดทางหน้าผาก | C27: 298-64-0050 | D27: 23405 | E27: 2195 | F27: งานทะเบียนฯ | G27: /
B28: (ใช้งานกลางแจ้งและในอาคารพร้อมขาตั้ง,ADAPTER)
A29: 8 | B29: เครื่องวัดอุณหภูมิอินฟราเรด | C29: 298-65-0078 | D29: 242887 | E29: 1720 | F29: งานป้องกันฯ | G29: / | M29: งานป้องกัน หน่วย 1
A30: 9 | B30: เครื่องวัดอุณหภูมิอินฟราเรด(ห้องประชุมราชาวดี) | C30: 298-65-0079 | D30: 242887 | E30: 1720 | F30: ธุรการ | G30: /
A31: 10 | B31: เครื่องวัดอุณหภูมิอินฟราเรด(ห้องนายกฯ) | C31: 298-65-0080 | D31: 242887 | E31: 1720 | F31: งานเลขาฯ | G31: /
A32: 11 | B32: เครื่องวัดอุณหภูมิอินฟราเรด | C32: 298-65-0081 | D32: 242887 | E32: 1720 | F32: ฝ่ายกิจการสภา | G32: /
A33: 12 | B33: เครื่องวัดอุณหภูมิ ยี่ห้อ CIG LL,MO-T260 | C33: 298-63-0015 | D33: 9 มิ.ย. 63 | E33: 2500 | F33: งานรท่องเที่ยว | G33: / | M33: (โอนมาจาก) ฝ่ายบริหารงานทั่วไป สำนักการศึกษา (รับบริจาค/การไฟฟ้าฝ่ายผลิตแห่งประเทศไทย)
A34: 12 | D34: รวม | E34: =SUM(E20:E33) -> 26270
A36: =A34+A17 -> 20 | D36: รวมทั้งสิ้น | E36: =SUM(E17+E34) -> 845710

Sheet งานบ้านงานครัว
A1: รายละเอียดครุภัณฑ์ สำนักปลัดเทศบาล
A2: ณ กันยายน 2567
A4: ลำดับ | B4: รายการ | C4: รหัสครุภัณฑ์ | D4: วัน เดือน ปี | E4: ราคาที่ได้มา | F4: สภาพครุภัณฑ์
A5: ที่ | D5: ที่ได้มา | F5: สถานที่ใช้งาน | G5: ใช้ได้ | H5: ชำรุด | I5: เสื่อม | J5: สูญหาย | K5: เก็บ | L5: หมดความ | M5: หมายเหตุ
I6: สภาพ | K6: ไว้นาน | L6: จำเป็น
B7: ครุภัณฑ์งานบ้านงานครัว
B8: บังรางม่าน (433)
A9: 1 | B9: บังรางม่าน | C9: 433-48-0165 | D9: 17873 | E9: 8540 | F9: งานธุรการ+สารบรรณ | G9: /
A10: 2 | B10: ผ้าม่านจีบทึบ | C10: 433-48-0166 | D10: 17873 | E10: 15860 | F10: งานธุรการ+สารบรรณ | G10: /
A11: 3 | B11: ม่านปรับแสง | C11: 433-49-0154 | D11: 17932 | E11: 5400 | F11: งานธุรการ+สารบรรณ | G11: /
A12: 4 | B12: ม่านปรับแสง | C12: 433-49-0155 | D12: 17932 | E12: 5500 | F12: งานธุรการ+สารบรรณ | G12: /
A13: 5 | B13: ม่านปรับแสง | C13: 433-49-0156 | D13: 17932 | E13: 3200 | F13: งานธุรการ+สารบรรณ | G13: /
A14: 6 | B14: ม่านปรับแสง | C14: 433-49-0157 | D14: 17932 | E14: 8050 | F14: งานธุรการ+สารบรรณ | G14: /
A15: 7 | B15: ม่านปรับแสง | C15: 433-49-0158 | D15: 17932 | E15: 5500 | F15: งานธุรการ+สารบรรณ | G15: /
A16: 8 | B16: ม่านปรับแสง | C16: 433-49-0159 | D16: 17932 | E16: 4500 | F16: งานธุรการ+สารบรรณ | G16: /
A17: 9 | B17: ม่านปรับแสง | C17: 433-49-0160 | D17: 17932 | E17: 4500 | F17: งานธุรการ+สารบรรณ | G17: /
A18: 10 | B18: ม่านปรับแสง | C18: 433-49-0161 | D18: 17932 | E18: 2850 | F18: งานธุรการ+สารบรรณ | G18: /
A19: 11 | B19: ม่านปรับแสง | C19: 433-49-0162 | D19: 17932 | E19: 600 | F19: งานธุรการ+สารบรรณ | G19: /
A20: 12 | B20: ม่านปรับแสง | C20: 433-49-0163 | D20: 17932 | E20: 7150 | F20: งานธุรการ+สารบรรณ | G20: /
A21: 13 | B21: ม่านปรับแสง | C21: 433-49-0164 | D21: 17932 | E21: 7150 | F21: งานธุรการ+สารบรรณ | G21: /
A22: 13 | D22: รวม | E22: =SUM(E9:E21) -> 78800
B24: ผ้าม่าน (434)
A25: 1 | B25: ผ้าม่าน 2 ชั้น | C25: 434-51-0001 | D25: 18851 | E25: 12600 | F25: งานธุรการ+สารบรรณ | G25: /
A26: 2 | B26: ผ้าม่านเวที ชนิดผ้าทอลาย Poly ผสม | C26: 434-52-0002 | D26: 19140 | E26: 40125 | F26: ฝ่ายกิจการสภา | G26: / | M26: ห้องประชุมสภา
B27: มีจับหลุยส์ มีภู่ระบาย ขนาด 10.6 x 3.7 ม.
A28: 3 | B28: ผ้าม่าน 2.0x2.80 ม.พร้อมอุปกรณ์ | C28: 434-57-0011 | D28: 21136 | E28: 3210 | F28: งานธุรการ+สารบรรณ | G28: /
A29: 4 | B29: ผ้าม่าน 2.0x2.80 ม.พร้อมอุปกรณ์ | C29: 434-57-0012 | D29: 21136 | E29: 3210 | F29: งานธุรการ+สารบรรณ | G29: /
A30: 5 | B30: ผ้าม่าน 2.0x2.80 ม.พร้อมอุปกรณ์ | C30: 434-57-0013 | D30: 21136 | E30: 3210 | F30: งานธุรการ+สารบรรณ | G30: /
A31: 6 | B31: ผ้าม่าน 2.0x2.80 ม.พร้อมอุปกรณ์ | C31: 434-57-0014 | D31: 21136 | E31: 3210 | F31: งานธุรการ+สารบรรณ | G31: /
A32: 7 | B32: ผ้าม่าน 2.0x2.80 ม.พร้อมอุปกรณ์ | C32: 434-57-0015 | D32: 21136 | E32: 3210 | F32: งานธุรการ+สารบรรณ | G32: /
A33: 8 | B33: ผ้าม่าน 2.0x2.80 ม.พร้อมอุปกรณ์ | C33: 434-57-0016 | D33: 21136 | E33: 3210 | F33: งานธุรการ+สารบรรณ | G33: /
A34: 9 | B34: ผ้าม่าน 2.0x2.80 ม.พร้อมอุปกรณ์ | C34: 434-57-0017 | D34: 21136 | E34: 3210 | F34: งานธุรการ+สารบรรณ | G34: /
A35: 10 | B35: ผ้าม่าน 2.0x2.80 ม.พร้อมอุปกรณ์ | C35: 434-57-0018 | D35: 21136 | E35: 2675 | F35: งานธุรการ+สารบรรณ | G35: /
A36: 11 | B36: ผ้าม่าน 2.0x2.80 ม.พร้อมอุปกรณ์ | C36: 434-57-0019 | D36: 21136 | E36: 2675 | F36: งานธุรการ+สารบรรณ | G36: /
A37: 12 | B37: ผ้าม่าน 2.0x2.80 ม.พร้อมอุปกรณ์ | C37: 434-57-0020 | D37: 21136 | E37: 2675 | F37: งานธุรการ+สารบรรณ | G37: /
A38: 13 | B38: ผ้าม่าน 2.0x2.80 ม.พร้อมอุปกรณ์ | C38: 434-57-0021 | D38: 21136 | E38: 2675 | F38: งานธุรการ+สารบรรณ | G38: /
A39: 14 | B39: ผ้าม่าน 2.0x2.80 ม.พร้อมอุปกรณ์ | C39: 434-57-0022 | D39: 21136 | E39: 2675 | F39: งานธุรการ+สารบรรณ | G39: /
... A41: 16 | B41: ผ้าม่าน 2.0x2.80 ม.พร้อมอุปกรณ์ | C41: 434-57-0024 | D41: 21136 | E41: 2675 | F41: งานธุรการ+สารบรรณ | G41: /
A42: 16 | D42: รวม | E42: =SUM(E25:E41) -> 93920
B44: เครื่องทำน้ำเย็น (439)
A45: 1 | B45: เครื่องทำน้ำเย็น | C45: 439-31-0028 | D45: 11338 | E45: 3400 | F45: งานป้องกันฯ | G45: /
A46: 2 | B46: เครื่องทำน้ำเย็น | C46: 439-33-0046 | D46: 12372 | E46: 3500 | F46: งานป้องกันฯ | G46: /
A47: 3 | B47: เครื่องทำน้ำเย็น | C47: 439-36-0047 | D47: 13480 | E47: 3400 | F47: งานป้องกันฯ | G47: /
A48: 4 | B48: เครื่องทำน้ำเย็น | C48: 439-45-0058 | D48: 16595 | E48: 3200 | F48: งานธุรการ+สารบรรณ | G48: /
A49: 5 | B49: เครื่องทำน้ำเย็น | C49: 439-45-0059 | D49: 16595 | E49: 3200 | F49: งานธุรการ+สารบรรณ | G49: /
A50: 6 | B50: เครื่องทำน้ำร้อน - เย็น | C50: 439-59-0082 | D50: 21589 | E50: 5990 | F50: งานท่องเที่ยว | G50: / | M50: หอปูม ชั้น1 (รับโอนจากสำนักการศึกษา)
A51: 7 | B51: เครื่องทำน้ำเย็นแบบใช้ขวด ยี่ห้อ Standard | C51: 439-47-0069 | D51: 31 พ.ค. 47 | E51: 3200 | F51: งานป้องกัน | G51: / | M51: (รับโอนจาก) งานศูนย์บริการสาธารณสุข 3 (สุขสวัสดิ์)
A52: 7 | D52: รวม | E52: =SUM(E45:E51) -> 25890
B54: เตียงนอนเหล็ก (440)
A55: 1 | B55: เตียงนอนเหล็ก | C55: 440-36-0077 | D55: 13448 | E55: 6259.5 | F55: งานป้องกันฯ | G55: / | M55: งานป้องกัน หน่วย 1 2 3
A56: 2 | B56: เตียงนอนเหล็ก | C56: 440-36-0078 | D56: 13448 | E56: 6259.5 | F56: งานป้องกันฯ | G56: / | M56: งานป้องกัน หน่วย 1 2 3
A57: 3 | B57: เตียงนอนเหล็ก | C57: 440-36-0079 | D57: 13448 | E57: 6259.5 | F57: งานป้องกันฯ | G57: / | M57: งานป้องกัน หน่วย 1 2 3
A58: 4 | B58: เตียงนอนเหล็ก | C58: 440-36-0080 | D58: 13448 | E58: 6259.5 | F58: งานป้องกันฯ | G58: / | M58: งานป้องกัน หน่วย 1 2 3
A59: 5 | B59: เตียงนอนเหล็ก | C59: 440-36-0081 | D59: 13448 | E59: 6259.5 | F59: งานป้องกันฯ | G59: / | M59: งานป้องกัน หน่วย 1 2 3
A60: 6 | B60: เตียงนอนเหล็ก | C60: 440-36-0082 | D60: 13448 | E60: 6259.5 | F60: งานป้องกันฯ | G60: / | M60: งานป้องกัน หน่วย 1 2 3
A61: 7 | B61: เตียงนอนเหล็ก | C61: 440-36-0083 | D61: 13448 | E61: 6259.5 | F61: งานป้องกันฯ | G61: / | M61: งานป้องกัน หน่วย 1 2 3
A62: 8 | B62: เตียงนอนเหล็ก | C62: 440-36-0084 | D62: 13448 | E62: 6259.5 | F62: งานป้องกันฯ | G62: / | M62: งานป้องกัน หน่วย 1 2 3
A63: 9 | B63: เตียงนอนเหล็ก | C63: 440-36-0085 | D63: 13448 | E63: 6259.5 | F63: งานป้องกันฯ | G63: / | M63: งานป้องกัน หน่วย 1 2 3
A64: 10 | B64: เตียงนอนเหล็ก | C64: 440-36-0086 | D64: 13448 | E64: 6259.5 | F64: งานป้องกันฯ | G64: / | M64: งานป้องกัน หน่วย 1 2 3
A65: 11 | B65: เตียงนอนเหล็ก | C65: 440-36-0087 | D65: 13448 | E65: 6259.5 | F65: งานป้องกันฯ | G65: / | M65: งานป้องกัน หน่วย 1 2 3
A66: 12 | B66: เตียงนอนเหล็ก | C66: 440-36-0088 | D66: 13448 | E66: 6259.5 | F66: งานป้องกันฯ | G66: / | M66: งานป้องกัน หน่วย 1 2 3
... A85: 31 | B85: เตียงนอนเหล็ก | C85: 440-36-0107 | D85: 13448 | E85: 6259.5 | F85: งานป้องกันฯ | G85: / | M85: งานป้องกัน หน่วย 1 2 3
A86: 31 | D86: รวม | E86: =SUM(E55:E85) -> 194044.5
B88: ตู้เย็น, ตู้แช่อาหาร (703)
A89: 1 | B89: ตู้เย็น | C89: 703-36-0021 | D89: 13480 | E89: 5800 | F89: งานป้องกันฯ | G89: /
A90: 2 | B90: ตู้เย็น 1 ประตู | C90: 703-59-0041 | D90: 21512 | E90: 6990 | F90: งานธุรการ+สารบรรณ | G90: /
A91: 3 | B91: ตู้เย็น 2 ประตู ขนาด 7.2 คิว ยี่ห้อ MITSUBISHI | C91: 703-61-0043 | D91: 22300 | E91: 7990 | F91: ฝ่ายกิจการสภา | G91: / | M91: ฝ่ายประสานงาน อปท.
A92: 3 | D92: รวม | E92: =SUM(E89:E91) -> 20780
B94: หม้อน้ำร้อน(719)
A95: 1 | B95: หม้อน้ำร้อนแสตนเลส (ห้องประชุมราชาวดี) | C95: 719-41-0001 | D95: 15228 | E95: 14850 | F95: งานธุรการ+สารบรรณ | G95: /
A96: 1 | D96: รวม | E96: =SUM(E95) -> 14850
A98: =A96+A92+A86+A52+A42+A22 -> 71 | D98: รวมทั้งสิ้น | E98: =SUM(E22+E42+E52+E86+E92+E96) -> 428284.5

Sheet โรงงาน
A1: รายละเอียดครุภัณฑ์ สำนักปลัดเทศบาล
A2: ณ กันยายน 2567
A4: ลำดับ | B4: รายการ | C4: รหัสครุภัณฑ์ | D4: วัน เดือน ปี | E4: ราคาที่ได้มา | F4: สภาพครุภัณฑ์
A5: ที่ | D5: ที่ได้มา | F5: สถานที่ใช้งาน | G5: ใช้ได้ | H5: ชำรุด | I5: เสื่อม | J5: สูญหาย | K5: เก็บ | L5: หมดความ | M5: หมายเหตุ
I6: สภาพ | K6: ไว้นาน | L6: จำเป็น
B7: ครุภัณฑ์โรงงาน
B8: สว่าน (059)
A9: 1 | B9: สว่านไฟฟ้าไร้สาย ยี่ห้อ Makita | C9: 059-67-0037 | D9: 243628 | E9: 14980 | F9: งานธุรการ | G9: / | M9: ห้องประชุมราชาวดี
A10: 1 | D10: รวม | E10: =SUM(E9) -> 14980
B11: เลื่อย (068)
A12: 1 | B12: เครื่องเลื่อยโซ่สตีล | C12: 068-22-0001 | D12: 44888 | E12: 13900 | F12: งานป้องกันฯ | G12: /
A13: 2 | B13: เลื่อยตัดโลหะ (งานป้องกันฯ) | C13: 068-22-0004 | D13: 44899 | E13: 13800 | F13: งานป้องกันฯ | G13: /
A14: 3 | B14: เลื่อยยนต์ STIHLS 180 ขนาด 12นิ้ว (หน่วย 1) | C14: 068-57-0031 | D14: 20840 | E14: 12500 | F14: งานป้องกันฯ | G14: /
A15: 4 | B15: เลื่อยยนต์ STIHLS 180 ขนาด 12นิ้ว (หน่วย 2) | C15: 068-57-0032 | D15: 20840 | E15: 12500 | F15: งานป้องกันฯ | G15: / | M15: งานป้องกัน หน่วย 2 (เบอร์ 2)
A16: 5 | B16: เลื่อยยนต์ STIHLS 180 ขนาด 12นิ้ว (หน่วย 1) | C16: 068-57-0033 | D16: 20840 | E16: 12500 | F16: งานป้องกันฯ | G16: /
A17: 6 | B17: เลื่อยยนต์มิตซู หนัก 3.9 กก. ขนาดโซ่ 3/8" ความจุ | C17: 068-59-0041 | D17: 21709 | E17: 4800 | F17: งานป้องกันฯ | G17: / | M17: งานป้องกัน หน่วย 1 (เบอร์ 1)
B18: ถังน้ำมัน 0.25 ลิตร ความจุถังน้ำมันโซ่ 0.15 ลิตร
A19: 7 | B19: เลื่อยยนต์มิตซู หนัก 3.9 กก. ขนาดโซ่ 3/8" ความจุ | C19: 068-59-0042 | D19: 21709 | E19: 4800 | F19: งานป้องกันฯ | G19: / | M19: งานป้องกัน หน่วย 1 (เบอร์ 2)
B20: ถังน้ำมัน 0.25 ลิตร ความจุถังน้ำมันโซ่ 0.15 ลิตร
A21: 8 | B21: เลื่อยยนต์มิตซู หนัก 3.9 กก. ขนาดโซ่ 3/8" ความจุ | C21: 068-59-0043 | D21: 21709 | E21: 4800 | F21: งานป้องกันฯ | G21: / | M21: งานป้องกัน หน่วย 1 (เบอร์ 3)
B22: ถังน้ำมัน 0.25 ลิตร ความจุถังน้ำมันโซ่ 0.15 ลิตร
A23: 9 | B23: เลื่อยยนต์มิตซู หนัก 3.9 กก. ขนาดโซ่ 3/8" ความจุ | C23: 068-59-0044 | D23: 21709 | E23: 4800 | F23: งานป้องกันฯ | G23: /
B24: ถังน้ำมัน 0.25 ลิตร ความจุถังน้ำมันโซ่ 0.15 ลิตร
A25: 10 | B25: เลื่อยยนต์มิตซู หนัก 3.9 กก. ขนาดโซ่ 3/8" ความจุ | C25: 068-59-0045 | D25: 21709 | E25: 4800 | F25: งานป้องกันฯ | G25: /
B26: ถังน้ำมัน 0.25 ลิตร ความจุถังน้ำมันโซ่ 0.15 ลิตร
A27: 10 | D27: รวม | E27: =SUM(E12:E25) -> 89200
B28: (112)
A29: 1 | B29: เครื่องเย็บปากถุงแบบมือถือ | C29: 112-48-0002 | D29: 17804 | E29: 18500 | F29: งานป้องกันฯ | G29: /
A30: 1 | D30: รวม | E30: =SUM(E29) -> 18500
A32: =A30+A27+A10 -> 12 | D32: รวมทั้งสิ้น | E32: =E30+E27+E10 -> 122680

Sheet อื่นๆ
A1: รายละเอียดครุภัณฑ์ สำนักปลัดเทศบาล
A2: ณ กันยายน 2567
A4: ลำดับ | B4: รายการ | C4: รหัสครุภัณฑ์ | D4: วัน เดือน ปี | E4: ราคาที่ได้มา | F4: สภาพครุภัณฑ์
A5: ที่ | D5: ที่ได้มา | F5: สถานที่ใช้งาน | G5: ใช้ได้ | H5: ชำรุด | I5: เสื่อม | J5: สูญหาย | K5: เก็บ | L5: หมดความ | M5: หมายเหตุ
I6: สภาพ | K6: ไว้นาน | L6: จำเป็น
B7: ครุภัณฑ์ดับเพลิง
B8: ชุดดับเพลิง (474)
A9: 1 | B9: ชุดดับเพลิง | C9: 474-44-0032 | D9: 16115 | E9: 33000 | F9: งานป้องกันฯ | G9: /
A10: 2 | B10: ชุดดับเพลิง | C10: 474-44-0033 | D10: 16115 | E10: 33000 | F10: งานป้องกันฯ | G10: /
A11: 3 | B11: ชุดดับเพลิง | C11: 474-44-0034 | D11: 16115 | E11: 33000 | F11: งานป้องกันฯ | G11: /
A12: 4 | B12: ชุดดับเพลิง | C12: 474-44-0035 | D12: 16115 | E12: 33000 | F12: งานป้องกันฯ | G12: /
A13: 5 | B13: ชุดดับเพลิง | C13: 474-44-0036 | D13: 16115 | E13: 33000 | F13: งานป้องกันฯ | G13: /
A14: 6 | B14: หัวฉีดดับเพลิง | C14: 474-43-0027 | D14: 15745 | E14: 28000 | F14: งานป้องกันฯ | G14: /
A15: 7 | B15: หัวฉีดดับเพลิง | C15: 474-43-0028 | D15: 15745 | E15: 28000 | F15: งานป้องกันฯ | G15: /
A16: 8 | B16: หัวฉีดดับเพลิง | C16: 474-43-0029 | D16: 15745 | E16: 28000 | F16: งานป้องกันฯ | G16: /
A17: 9 | B17: หัวฉีดดับเพลิง | C17: 474-43-0030 | D17: 15745 | E17: 28000 | F17: งานป้องกันฯ | G17: /
A18: 10 | B18: หัวฉีดดับเพลิง | C18: 474-43-0031 | D18: 15745 | E18: 28000 | F18: งานป้องกันฯ | G18: /
A19: 11 | B19: ชุดดับเพลิงทนความร้อนสูง ทำด้วยผ้า Nomax Advance | C19: 474-56-0052 | D19: 20693 | E19: 47000 | F19: งานป้องกันฯ | G19: / | M19: งานป้องกัน หน่วย 1
A20: 12 | B20: ชุดดับเพลิงทนความร้อนสูง ทำด้วยผ้า Nomax Advance | C20: 474-56-0053 | D20: 20693 | E20: 47000 | F20: งานป้องกันฯ | G20: / | M20: งานป้องกัน หน่วย 1
A21: 13 | B21: ชุดดับเพลิงทนความร้อนสูง ทำด้วยผ้า Nomax Advance | C21: 474-56-0054 | D21: 20693 | E21: 47000 | F21: งานป้องกันฯ | G21: / | M21: งานป้องกัน หน่วย 1
A22: 14 | B22: หัวฉีดดับเพลิงแบบมีด้ามปืน มีคันโยก เปิด-ปิด น้ำ | C22: 474-60-0055 | D22: 22052 | E22: 22000 | F22: งานป้องกันฯ | G22: / | M22: งานป้องกัน หน่วย 1
A23: 15 | B23: หัวฉีดดับเพลิงแบบมีด้ามปืน มีคันโยก เปิด-ปิด น้ำ | C23: 474-60-0056 | D23: 22052 | E23: 22000 | F23: งานป้องกันฯ | G23: / | M23: งานป้องกัน หน่วย 1
A24: 16 | B24: หัวฉีดดับเพลิงแบบมีด้ามปืน มีคันโยก เปิด-ปิด น้ำ | C24: 474-60-0057 | D24: 22052 | E24: 22000 | F24: งานป้องกันฯ | G24: / | M24: งานป้องกัน หน่วย 1
A25: 17 | B25: หัวฉีดดับเพลิงแบบมีด้ามปืน มีคันโยก เปิด-ปิด น้ำ | C25: 474-60-0058 | D25: 22052 | E25: 22000 | F25: งานป้องกันฯ | G25: / | M25: งานป้องกัน หน่วย 1
A26: 18 | B26: เครื่องช่วยหายใจ | C26: 264-65-0026 | D26: 243032 | E26: 120000 | F26: งานป้องกันฯ | G26: / | M26: งานป้องกัน หน่วย 1 (ห้องธุรการ)
A27: 19 | B27: เครื่องช่วยหายใจ | C27: 264-65-0027 | D27: 243032 | E27: 120000 | F27: งานป้องกันฯ | G27: / | M27: งานป้องกัน หน่วย 1 (ห้องธุรการ)
A28: 20 | B28: เครื่องช่วยหายใจ | C28: 264-65-0028 | D28: 243032 | E28: 120000 | F28: งานป้องกันฯ | G28: / | M28: งานป้องกัน หน่วย 1 (ห้องธุรการ)
A29: 20 | D29: รวม | E29: =SUM(E9:E28) -> 894000
D31: รวมทั้งสิ้น | E31: =SUM(E29) -> 894000

Sheet กีฬา
A1: รายละเอียดครุภัณฑ์ สำนักปลัดเทศบาล
A2: ณ กันยายน 2567
A4: ลำดับ | B4: รายการ | C4: รหัสครุภัณฑ์ | D4: วัน เดือน ปี | E4: ราคาที่ได้มา | F4: สภาพครุภัณฑ์
A5: ที่ | D5: ที่ได้มา | F5: สถานที่ใช้งาน | G5: ใช้ได้ | H5: ชำรุด | I5: เสื่อม | J5: สูญหาย | K5: เก็บ | L5: หมดความ | M5: หมายเหตุ
I6: สภาพ | K6: ไว้นาน | L6: จำเป็น
B7: ครุภัณฑ์กีฬา
B8: (806)
A9: 1 | B9: จักรยานนั่งพิงควบคุมความดันโลหิตสูง | C9: 806-50-0017 | D9: 18183 | E9: 57800 | F9: งานป้องกันฯ | G9: / | M9: งานป้องกัน หน่วย 2
A10: 2 | B10: ลู่วิ่งไฟฟ้า ยี่ฮ้อ Bolzen | C10: 806-61-0024 | D10: 22474 | E10: 40000 | F10: งานป้องกันฯ | G10: /
A11: 3 | B11: จักรยานปั่น ยี่ฮ้อ Engineer | C11: 806-61-0032 | D11: 22474 | E11: 14000 | F11: งานป้องกันฯ | G11: /
A12: 4 | B12: จักรยานปั่น ยี่ฮ้อ Engineer | C12: 806-61-0029 | D12: 22474 | E12: 14000 | F12: งานเทศกิจ | G12: /
A13: 4 | E13: =SUM(E9:E12) -> 125800
B14: (807)
A15: 1 | B15: อุปกรณ์ยืดเหยียดกล้ามเนื้อ (อาคารมูลนิธิชัยพัฒนา) | C15: 807-50-0012 | D15: 18183 | E15: 18000 | F15: งานป้องกันฯ | G15: / | M15: งานป้องกัน หน่วย 2
A16: 1 | E16: =SUM(E15:E15) -> 18000
A18: =A16+A13 -> 5 | D18: รวมทั้งสิ้น | E18: =SUM(E13,E16) -> 143800

Sheet ศึกษา
A1: รายละเอียดครุภัณฑ์ สำนักปลัดเทศบาล
A2: ณ กันยายน 2566
A4: ลำดับ | B4: รายการ | C4: รหัสครุภัณฑ์ | D4: วัน เดือน ปี | E4: ราคาที่ได้มา | F4: สภาพครุภัณฑ์
A5: ที่ | D5: ที่ได้มา | F5: สถานที่ใช้งาน | G5: ใช้ได้ | H5: ชำรุด | I5: เสื่อม | J5: สูญหาย | K5: เก็บ | L5: หมดความ | M5: หมายเหตุ
I6: สภาพ | K6: ไว้นาน | L6: จำเป็น
B7: ครุภัณฑ์การศึกษา
B8: (500)
A9: 1 | B9: บอร์ดแสดงแผนที่ (พิพิธภัณฑ์หอปูมละกอน) | C9: 500-54-0008 | D9: 19743 | E9: 7000 | F9: งานท่องเที่ยว | G9: / | M9: หอปูม ชั้น1
A10: 2 | B10: หุ่นจำลองคนผู้ชาย แบบลอยตัวพร้อมเสื้อผ้า 1 ตัว | C10: 500-54-0001 | D10: 19743 | E10: 53000 | F10: งานท่องเที่ยว | G10: / | M10: หอปูม ชั้น1 (โอนมาจาก) ฝ่ายบริหารงานทั่วไป สำนักการศึกษา
A11: 3 | B11: หุ่นจำลองคนผู้หญิง แบบลอยตัวพร้อมเสื้อผ้า 1 ตัว | C11: 500-54-0002 | D11: 19743 | E11: 26000 | F11: งานท่องเที่ยว | G11: / | M11: หอปูม ชั้น1 (โอนมาจาก) ฝ่ายบริหารงานทั่วไป สำนักการศึกษา
A12: 4 | B12: เค้าโครงร่างแม่ค้าผู้หญิงแบบเต็มตัว | C12: 500-54-0004 | D12: 19743 | E12: 6000 | F12: งานท่องเที่ยว | G12: / | M12: หอปูม ชั้น1 (โอนมาจาก) ฝ่ายบริหารงานทั่วไป สำนักการศึกษา
A13: 5 | B13: ตัวอย่างจำลองสินค้าเบ็ดเตล็ด | C13: 500-54-0006 | D13: 19743 | E13: 35000 | F13: งานท่องเที่ยว | G13: / | M13: หอปูม ชั้น1 (โอนมาจาก) ฝ่ายบริหารงานทั่วไป สำนักการศึกษา
A14: 6 | B14: อุปกรณ์ตกแต่งในตลาด 1 ชุด | C14: 500-54-0007 | D14: 19743 | E14: 10000 | F14: งานท่องเที่ยว | G14: / | M14: หอปูม ชั้น1 (โอนมาจาก) ฝ่ายบริหารงานทั่วไป สำนักการศึกษา
A15: 6 | E15: =SUM(E9:E14) -> 137000
A18: =A15 -> 6 | D18: รวมทั้งสิ้น | E18: =SUM(E15) -> 137000

Sheet คอมพิวเตอร์
A1: รายละเอียดครุภัณฑ์ สำนักปลัดเทศบาล
A2: ณ กันยายน 2566
A4: ลำดับ | B4: รายการ | C4: รหัสครุภัณฑ์ | D4: วัน เดือน ปี | E4: ราคาที่ได้มา | F4: สภาพครุภัณฑ์
A5: ที่ | D5: ที่ได้มา | F5: สถานที่ใช้งาน | G5: ใช้ได้ | H5: ชำรุด | I5: เสื่อม | J5: สูญหาย | K5: เก็บ | L5: หมดความ | M5: หมายเหตุ
I6: สภาพ | K6: ไว้นาน | L6: จำเป็น
B7: ครุภัณฑ์คอมพิวเตอร์
B8: เครื่องคอมพิวเตอร์ (416)
A9: 1 | B9: เครื่องคอมพิวเตอร์ | C9: 416-41-0046 | D9: 15291 | E9: 80700 | F9: งาน บ.ม. | G9: /
A10: 2 | B10: เครื่องคอมพิวเตอร์ | C10: 416-41-0047 | D10: 15291 | E10: 80700 | F10: งานธุรการ+สารบรรณ | G10: /
A11: 3 | B11: เครื่องคอมพิวเตอร์ ATEC | C11: 416-42-0049 | D11: 15482 | E11: 55000 | F11: งานป้องกัน | G11: / | M11: งานป้องกัน หน่วย 1 (ห้องธุรการ)
A12: 4 | B12: เครื่องคอมพิวเตอร์ | C12: 416-46-0190 | D12: 16948 | E12: 51400 | F12: งานเทศกิจ | H12: / | M12: รับโอน
A13: 5 | B13: เครื่องคอมพิวเตอร์ | C13: 416-46-0196 | D13: 17084 | E13: 57000 | F13: งานธุรการ+สารบรรณ | G13: /
A14: 6 | B14: เครื่องคอมพิวเตอร์ | C14: 416-47-0211 | D14: 17308 | E14: 46564.26 | F14: งานทะเบียนราษฎร | H14: / | M14: รอจำหน่าย
A15: 7 | B15: เครื่องควบคุมระบบ (SERVER) | C15: 416-47-0226 | D15: 17390 | E15: 39000 | F15: งานธุรการ+สารบรรณ | G15: /
A16: 8 | B16: จอคอม (ราคาซื้อรวมชุดกับ SERVER รหัส 416-47-0226) สำนักปลัด | C16: 416-47-0227 | D16: 17390 | E16: 0 | F16: งานธุรการ+สารบรรณ | G16: /
A17: 9 | B17: เครื่องพิมพ์คอมพิวเตอร์ HP | C17: 416-48-0236 | D17: 17504 | E17: 8990 | F17: งานธุรการ+สารบรรณ | G17: /
A18: 10 | B18: เครื่องพิมพ์คอมพิวเตอร์ HP | C18: 416-48-0238 | D18: 17732 | E18: 15900 | F18: งานธุรการ+สารบรรณ | G18: /
A19: 11 | B19: เครื่องพิมพ์คอมพิวเตอร์ LEXARK | C19: 416-49-0270 | D19: 17958 | E19: 1590 | F19: งานธุรการ+สารบรรณ | G19: /
A20: 12 | B20: เครื่องคอมพิวเตอร์พร้อมจอฯ | C20: 416-49-0271 | D20: 17958 | E20: 17950 | F20: งานธุรการ+สารบรรณ | G20: /
A21: 13 | B21: เครื่องคอมพิวเตอร์ | C21: 416-49-0317 | D21: 18086 | E21: 31420 | F21: งานธุรการ+สารบรรณ | G21: /
A22: 14 | B22: เครื่องคอมพิวเตอร์ | C22: 416-49-0318 | D22: 18086 | E22: 31420 | F22: ฝ่ายกิจการสภา | G22: / | M22: ศิริกัญญาฯ
A23: 15 | B23: เครื่องปริ้นเตอร์ | C23: 416-49-0320 | D23: 18086 | E23: 10120 | F23: งานธุรการ+สารบรรณ | G23: /
A24: 16 | B24: เครื่องพิมพ์คอมพิวเตอร์ CPU HP | C24: 416-50-0344 | D24: 18554 | E24: 25950 | F24: งานธุรการ+สารบรรณ | G24: / | M24: วิทวัสฯ
A25: 17 | B25: จอคอม HP | C25: 416-50-0355 | D25: 18554 | E25: 5000 | F25: งานเลขา ฯ | G25: /
A26: 18 | B26: จอคอม LCD | C26: 416-50-0356 | D26: 18554 | E26: 5000 | F26: งานธุรการ+สารบรรณ | G26: / | M26: วิทวัสฯ
A27: 19 | B27: จอคอม LCD | C27: 416-50-0357 | D27: 18554 | E27: 5000 | F27: งานธุรการ+สารบรรณ | G27: /
A28: 20 | B28: จอคอม LCD | C28: 416-50-0360 | D28: 18554 | E28: 5000 | F28: งานธุรการ+สารบรรณ | G28: /
A29: 21 | B29: เครื่องคอมพิวเตอร์ Note book HP | C29: 416-51-0329 | D29: 18632 | E29: 44833 | F29: งานธุรการ+สารบรรณ | G29: /
A30: 22 | B30: ซีพียูคอมพิวเตอร์ | C30: 416-51-0345 | D30: 18554 | E30: 25950 | F30: งานศูนย์บริการร่วมฯ | G30: /
A31: 23 | B31: เครื่องคอมพิวเตอร์ CPU ลูกข่าย (ฝากงานร้องทุกข์เก็บ) | C31: 416-51-0383 | D31: 55302 | E31: 23400 | F31: งานธุรการ+สารบรรณ | G31: /
A32: 24 | B32: Cpu Hp compaq | C32: 416-51-0387 | D32: 18747 | E32: 23400 | F32: งานธุรการ+สารบรรณ | G32: /
A33: 25 | B33: คอมพิวเตอร์ HP | C33: 416-51-0394 | D33: 18747 | E33: 23400 | F33: งานเลขา ฯ | G33: / | M33: ผกามาศฯ
A34: 26 | B34: CPU Hp compaq | C34: 416-51-0396 | D34: 18747 | E34: 23400 | F34: ฝ่ายกิจการสภา | G34: / | M34: ฝ่ายประสานงาน อปท.
A35: 27 | B35: Cpu Hp compaq | C35: 416-51-0398 | D35: 18747 | E35: 23400 | F35: งานเลขา ฯ | G35: /
A36: 28 | B36: เครื่องคอมพิวเตอร์ยี่ห้อ HP | C36: 416-51-0400 | D36: 18777 | E36: 23400 | F36: งานเลขา ฯ | G36: / | M36: เลขานนทวัชร์ฯ
A37: 29 | B37: เครื่องสำรองไฟ ลูกข่าย (สำนักปลัด งานธุรการ สป.) | C37: 416-51-0419 | D37: 55302 | E37: 7000 | F37: งานธุรการ+สารบรรณ | G37: / | M37: อิชยาพรฯ
A38: 30 | B38: เครื่องสำรองไฟ ลูกข่าย (สำนักปลัด หน.สป.) | C38: 416-51-0420 | D38: 55302 | E38: 7000 | F38: งานธุรการ+สารบรรณ | G38: / | M38: กนิษฐาฯ
A39: 31 | B39: เครื่องสำรองไฟ ลูกข่าย (สำนักปลัด (ปลัด)) | C39: 416-51-0424 | D39: 55302 | E39: 7000 | F39: งานธุรการ+สารบรรณ | G39: /
A40: 32 | B40: เครื่องสำรองไฟ SYnDOME | C40: 416-51-0431 | D40: 18747 | E40: 7000 | F40: งานเลขา ฯ | G40: /
A41: 33 | B41: เครื่องสำรองไฟ | C41: 416-51-0432 | D41: 18747 | E41: 7000 | F41: งานเลขา ฯ | G41: /
A42: 34 | B42: เครื่องสำรองไฟ | C42: 416-51-0433 | D42: 18747 | E42: 7000 | F42: งานเลขา ฯ | G42: /
A43: 35 | B43: เครื่องสำรองไฟ syndome | C43: 416-51-0439 | D43: 18747 | E43: 7000 | F43: งานเลขา ฯ | G43: /
A44: 36 | B44: Printer Hp Pro k 5400 | C44: 416-51-0454 | D44: 18747 | E44: 6140 | F44: งานเลขา ฯ | G44: /
A45: 37 | B45: เครื่องพิมพ์ HP ลูกข่าย (รองนายก มนัส) | C45: 416-51-0461 | D45: 55302 | E45: 6140 | F45: งานธุรการ+สารบรรณ | G45: /
A46: 38 | B46: จอมอนิเตอร์ Hp L 1700 | C46: 416-51-0490 | D46: 18777 | E46: 11600 | F46: งานเลขา ฯ | G46: /
A47: 39 | B47: จอมอนิเตอร์ Hp L 1700 | C47: 416-51-0498 | D47: 18777 | E47: 11600 | F47: งานเลขา ฯ | G47: / | M47: ผกามาศฯ
A48: 40 | B48: จอมอนิเตอร์ HP L1700 | C48: 416-51-0499 | D48: 18777 | E48: 11600 | F48: งานเลขา ฯ | G48: / | M48: รองนายกสุรพลฯ
A49: 41 | B49: จอมอนิเตอร์ HP L1710 | C49: 416-51-0500 | D49: 18777 | E49: 11600 | F49: ฝ่ายประสานงาน อปท. | G49: / | M49: เลิศลักษณ์ฯ
A50: 42 | B50: จอภาพ ขนาด 17 นิ้ว | C50: 416-51-0506 | D50: 18777 | E50: 11600 | F50: ทะเบียนราษฎร | G50: /
A51: 43 | B51: เครื่องคอมพิวเตอร์ ยี่ห้อ HP | C51: 416-51-0513 | D51: 18747 | E51: 23400 | F51: ทะเบียนราษฎร | G51: /
A52: 44 | B52: เครื่องคอมพิวเตอร์ | C52: 416-51-0517 | D52: 55376 | E52: 46000 | F52: งานธุรการ+สารบรรณ | G52: /
A53: 45 | B53: ซีพียูคอมพิวเตอร์ (หัวหน้าสำนักปลัด) | C53: 416-52-0538 | D53: 55701 | E53: 34600 | F53: งานธุรการ+สารบรรณ | G53: / | M53: หัวหน้าสำนักปลัด
A54: 46 | B54: ซีพียูคอมพิวเตอร์ | C54: 416-52-0540 | D54: 55701 | E54: 34600 | F54: งานศูนย์บริการร่วมฯ | H54: / | M54: ศูนย์บริการร่วมชั้น1
A55: 47 | B55: จอคอมพิวเตอร์ | C55: 416-52-0550 | D55: 238322 | E55: 5300 | F55: งานศูนย์บริการร่วมฯ | G55: / | M55: สำนักปลัด ชั้น3
A56: 48 | B56: จอภาพ LED | C56: 416-52-0552 | D56: 55701 | E56: 5300 | F56: งานธุรการ+สารบรรณ | H56: / | M56: ศูนย์บริการร่วมชั้น1
A57: 49 | B57: เครื่องคอมพิวเตอร์แบบ Touch Screen (ฝ่ายบริหาร มนัส) | C57: 416-52-0553 | D57: 55701 | E57: 15400 | F57: งานธุรการ+สารบรรณ | H57: / | M57: ศูนย์บริการร่วมชั้น1
A58: 50 | B58: เครื่อง CPU HP Compaq | C58: 416-52-0554 | D58: 55701 | E58: 15400 | F58: ท่องเที่ยว | H58: / | M58: ธนันกรกานต์ฯ
A59: 51 | B59: จอคอมพิวเตอร์ HP | C59: 416-52-0556 | D59: 238322 | E59: 20000 | F59: ท่องเที่ยว | H59: / | M59: นางสาวนภาเพ็ญ (รับโอนจากกองวิชาการ)
A60: 52 | B60: เครื่องพิมพ์ BROTHER | C60: 416-53-0635 | D60: 19405 | E60: 5490 | F60: งานธุรการ+สารบรรณ | G60: /
A61: 53 | B61: เครื่องพิมพ์ CANON PIXMA MP 280 | C61: 416-54-0665 | D61: 19766 | E61: 7396 | F61: งานธุรการ+สารบรรณ | G61: / | M61: อิชยาพรฯ
A62: 54 | B62: เครื่องพิมพ์ CANON PIXMA MP 280 | C62: 416-54-0666 | D62: 19766 | E62: 7396 | F62: งานธุรการ+สารบรรณ | G62: / | M62: จันจิราฯ
A63: 55 | B63: เครื่องคอมพิวเตอร์ LG-Flatron E2041 | C63: 416-54-0676 | D63: 19917 | E63: 3570 | F63: ท่องเที่ยว | G63: / | M63: ศุภรัตน์ฯ
A64: 56 | B64: เครื่อง CPU Gview | C64: 416-54-0677 | D64: 19917 | E64: 28130 | F64: ท่องเที่ยว | G64: / | M64: ศุภรัตน์ฯ
A65: 57 | B65: เครื่องพิมพ์ CANON PIXMA MP286 | C65: 416-55-0681 | D65: 20115 | E65: 2650 | F65: งานธุรการ+สารบรรณ | G65: /
A66: 58 | B66: จอรับภาพมอนิเตอร์ | C66: 416-55-0686 | D66: 20311 | E66: 3800 | F66: งานธุรการ+สารบรรณ | G66: / | M66: อิชยาพรฯ
A67: 59 | B67: CPU | C67: 416-55-0696 | D67: 20311 | E67: 21900 | F67: งานเทศกิจ | H67: /
A68: 60 | B68: CPU | C68: 416-55-0697 | D68: 20311 | E68: 21900 | F68: งานธุรการ+สารบรรณ | G68: / | M68: อิชยาพรฯ
A69: 61 | B69: เครื่องพิมพ์แบบฉีดหมึกแท๊งค์ (งานเทศกิจ) | C69: 416-55-0715 | D69: 56836 | E69: 4730 | F69: งานธุรการ+สารบรรณ | G69: /
A70: 62 | B70: DIGITAL VIDIO RECCORDER NETWORK 16 ช่อง | C70: 416-55-0728 | D70: 239533 | E70: 8500 | F70: งานเทศกิจ | H70: /
A71: 63 | B71: DIGITAL VIDIO RECCORDER NETWORK 16 ช่อง | C71: 416-55-0729 | D71: 239533 | E71: 8500 | F71: งานเทศกิจ | H71: /
A72: 64 | B72: ชุดควบคุมและตรวจสอบควมปลอดภัยส่วนกลาง | C72: 416-55-0730 | D72: 239533 | E72: 27375 | F72: งานเทศกิจ | G72: /
A73: 65 | B73: ชุดควบคุมและตรวจสอบควมปลอดภัยส่วนกลาง | C73: 416-55-0731 | D73: 239533 | E73: 27375 | F73: งานเทศกิจ | H73: /
A74: 66 | B74: เครื่องสำรองไฟ | C74: 416-55-0737 | D74: 239533 | E74: 6545.33 | F74: งานเทศกิจ | G74: /
A75: 67 | B75: เครื่องสำรองไฟ UPS ยี่ห้อ APC รุ่น BX1100CI | C75: 416-55-0738 | D75: 239533 | E75: 6550 | F75: งานเทศกิจ | H75: /
A76: 68 | B76: เครื่องสำรองไฟ APC BX1100CI | C76: 416-55-0739 | D76: 20387 | E76: 6550 | F76: งานเทศกิจ | H76: /
A77: 69 | B77: Scanner EPSON GT-S55 | C77: 416-56-0750 | D77: 20666 | E77: 20000 | F77: งานศูนย์บริการร่วมฯ | G77: /
A78: 70 | B78: จ้างพัฒนาปรับปรุงระบบการประเมินผลเทศบาล | C78: 416-57-0810 | D78: 20903 | E78: 44000 | F78: งานธุรการ+สารบรรณ | G78: /
A79: 71 | B79: ปรับปรุงระบบสารสนเทศศูนย์รับเรื่องร้องทุกข์ | C79: 416-58-0836 | D79: 21344 | E79: 60000 | F79: งานศูนย์บริการร่วมฯ | G79: / | M79: ห้องปลัด
A80: 72 | B80: เครื่องปริ้นเตอร์ (งานธูรการ พิชิต โมกศรี (ปลัด)) | C80: 416-59-0832 | D80: 58037 | E80: 3200 | F80: งานธุรการ+สารบรรณ | G80: /
A81: 73 | B81: เครื่องปริ้นเตอร์ | C81: 416-59-0833 | D81: 58037 | E81: 2990 | F81: งานธุรการ+สารบรรณ | G81: /
A82: 74 | B82: เครื่องสำรองไฟ | C82: 416-59-0837 | D82: 21664 | E82: 2990 | F82: งานศูนย์บริการร่วมฯ | G82: / | M82: ศูนย์ข้อมูลข่าวสารชั้น2
A83: 75 | B83: เครื่องสำรองไฟ | C83: 416-59-0838 | D83: 21664 | E83: 2990 | F83: งานศูนย์บริการร่วมฯ | G83: / | M83: ศูนย์บริการร่วมชั้น1
A84: 76 | B84: Printer HL-3170CDW | C84: 416-59-0841 | D84: 21648 | E84: 11800 | F84: งานศูนย์บริการร่วมฯ | G84: / | M84: ศูนย์ข้อมูลข่าวสารชั้น2
A85: 77 | B85: เครื่องพิมพ์ | C85: 416-59-0842 | D85: 58173 | E85: 11800 | F85: งานธุรการ+สารบรรณ | G85: / | M85: กนิษฐาฯ
A86: 78 | B86: ชุดเครื่องคอมพิวเตอร์ CPU | C86: 416-59-0843 | D86: 58173 | E86: 10900 | F86: ท่องเที่ยว | G86: / | M86: นภาเพ็ญฯ
A87: 79 | B87: จอคอมพิวเตอร์ AOC | C87: 416-59-0844 | D87: 58173 | E87: 5000 | F87: ท่องเที่ยว | G87: / | M87: นภาเพ็ญฯ
A88: 80 | B88: เครื่องสำรองไฟ | C88: 416-59-0845 | D88: 58173 | E88: 2990 | F88: ท่องเที่ยว | H88: / | M88: ภัทราวดีฯ
A89: 81 | B89: เครื่องคอมพิวเตอร์โน๊ตบุ๊ค (ห้องประชุมชั้น 4) | C89: 416-59-0846 | D89: 58173 | E89: 15900 | F89: งานธุรการ+สารบรรณ | G89: /
A90: 82 | B90: เครื่องคอมพิวเตอร์โน๊ตบุ๊ค (ห้องประชุมชั้น 4) | C90: 416-59-0847 | D90: 58173 | E90: 15900 | F90: งานธุรการ+สารบรรณ | H90: /
A91: 83 | B91: คอมพิวเตอร์ HP | C91: 416-59-0848 | D91: 58173 | E91: 15900 | F91: งานเลขา ฯ | G91: / | M91: ใช้งานสำรองห้องประชุม ราชาวดี
A92: 84 | B92: ซีพียูคอมพิวเตอร์ | C92: 416-59-0849 | D92: 21648 | E92: 16000 | F92: งานศูนย์บริการร่วมฯ | G92: / | M92: ศูนย์บริการร่วมชั้น1
A93: 85 | B93: จอคอมพิวเตอร์ | C93: 416-59-0850 | D93: 21648 | E93: 5900 | F93: งานศูนย์บริการร่วมฯ | G93: / | M93: ศูนย์บริการร่วมชั้น1
A94: 86 | B94: ซีพียูคอมพิวเตอร์ | C94: 416-59-0851 | D94: 21648 | E94: 16000 | F94: งานศูนย์บริการร่วมฯ | G94: / | M94: ศูนย์ข้อมูลข่าวสารชั้น2
A95: 87 | B95: จอคอมพิวเตอร์ (หัวหน้าสำนักปลัด) | C95: 416-59-0852 | D95: 21648 | E95: 5900 | F95: งานธุรการ+สารบรรณ | G95: / | M95: หัวหน้าสำนักปลัด
A96: 88 | B96: เครื่องอ่านบัตร ปชช | C96: 416-60-1264 | D96: 21978 | E96: 690 | F96: งานศูนย์บริการร่วมฯ | G96: / | M96: ศูนย์บริการร่วมชั้น1
A97: 89 | B97: เครื่องอ่านบัตร ปชช | C97: 416-60-1265 | D97: 21978 | E97: 690 | F97: งานศูนย์บริการร่วมฯ | G97: / | M97: ศูนย์บริการร่วมชั้น1
A98: 90 | B98: เครื่องอ่านบัตร ปชช | C98: 416-60-1266 | D98: 21978 | E98: 690 | F98: งานศูนย์บริการร่วมฯ | G98: / | M98: ศูนย์บริการร่วมชั้น1
A99: 91 | B99: พัฒนาระบบสารสนเทศ | C99: 416-60-1267 | D99: 21995 | E99: 90000 | F99: งานธุรการ+สารบรรณ | G99: /
A100: 92 | B100: เครื่องสำรองไฟ ขนาด 1 KVA(600 วัตต์) ยี่ห้อ ZIRCON | C100: 416-60-1268 | D100: 21996 | E100: 36800 | F100: งานศูนย์บริการร่วมฯ | G100: / | M100: วรรณเสด็จฯ
A101: 93 | B101: เครื่องพิมพ์คอมพิวเตอร์ | C101: 416-60-1270 | D101: 22067 | E101: 3290 | F101: งานธุรการ+สารบรรณ | G101: /
...

Sheet ส่งคลัง (ต)
A1: รายละเอียดครุภัณฑ์ต่ำกว่าเกณฑ์ สำนักปลัดเทศบาล
A2: ณ กันยายน 2567
A4: ลำดับ | B4: รายการ | C4: รหัสครุภัณฑ์ | D4: วัน เดือน ปี | E4: ราคาที่ได้มา | F4: สภาพครุภัณฑ์
A5: ที่ | D5: ที่ได้มา | F5: สถานที่ใช้งาน | G5: ใช้ได้ | H5: ชำรุด | I5: เสื่อม | J5: สูญหาย | K5: เก็บ | L5: หมดความ | M5: หมายเหตุ
I6: สภาพ | K6: ไว้นาน | L6: จำเป็น
B7: ครุภัณฑ์สำนักงาน
B8: โต๊ะ (400)
A9: 1 | B9: ชุดโต๊ะรูปตัวแอล (โต๊ะทำงานไม้+โต๊ะเข้ามุม+โต๊ะวางคอมฯ) | C9: 400-56-0118 (ต) | D9: 20476 | E9: 4900 | F9: งานธุรการ+สารบรรณ | G9: / | M9: รุ่งนภาฯ
A10: 2 | B10: โต๊ะประชุมครึ่งวงกลม เคลือบผิวเมลามิน | C10: 400-56-0119 (ต) | D10: 20476 | E10: 3000 | F10: งานธุรการ+สารบรรณ | G10: /
A11: 3 | B11: โต๊ะประชุมครึ่งวงกลม เคลือบผิวเมลามิน | C11: 400-56-0121 (ต) | D11: 20476 | E11: 3400 | F11: งานธุรการ+สารบรรณ | G11: /
A12: 4 | B12: โต๊ะประชุมครึ่งวงกลม เคลือบผิวเมลามิน | C12: 400-56-0122 (ต) | D12: 20476 | E12: 3400 | F12: งานธุรการ+สารบรรณ | G12: /
A13: 5 | B13: โต๊ะทำงาน | C13: 400-56-0126 (ต) | D13: 20689 | E13: 2490 | F13: งานธุรการ+สารบรรณ | G13: /
A14: 6 | B14: โต๊ะทำงาน ขนาด 120x60x75 cm. | C14: 400-56-0175 (ต) | D14: 20749 | E14: 3290 | F14: งานป้องกัน | I14: / | M14: งานป้องกัน
A15: 7 | B15: โต๊ะทำงานพร้อมถาดคีย์บอร์ด | C15: 400-56-0176 (ต) | D15: 20749 | E15: 3290 | F15: ฝ่ายกิจการสภา | G15: /
B16: ขนาด 120x60x75 cm.
A17: 8 | B17: โต๊ะทำงาน | C17: 400-58-0252 (ต) | D17: 21211 | E17: 4900 | F17: งานเลขา ฯ | G17: /
A18: 9 | B18: โต๊ะทำงานระดับ 3-6 | C18: 400-58-0254 (ต) | D18: 21354 | E18: 4990 | F18: งานเทศกิจ | G18: /
A19: 10 | B19: โต๊ะทำงานขนาด 120x60x75 cm | C19: 400-58-0257 (ต) | D19: 240526 | E19: 3000 | F19: งานศูนย์บริการร่วมฯ | H19: / | M19: ศูนย์บริการนอกเวลา
A20: 11 | B20: โต๊ะทำงานขนาด 120x60x75 cm | C20: 400-58-0258 (ต) | D20: 240526 | E20: 3000 | F20: งานศูนย์บริการร่วมฯ | H20: / | M20: ศูนย์บริการนอกเวลา
A21: 12 | B21: โต๊ะวางคอมพิวเตอร์ขนาด 80x60x75 cm | C21: 400-58-0259 (ต) | D21: 240526 | E21: 1800 | F21: งานศูนย์บริการร่วมฯ | H21: / | M21: ศูนย์บริการนอกเวลา
A22: 13 | B22: โต๊ะทำงานเหล็กพร้อมกระจก | C22: 400-67-6969 | D22: 24490 | E22: 8500 | F22: งานธุรการ | G22: / | M22: ฝ่ายบริหารงานทั่วไป
A23: 14 | B23: โต๊ะวางคอมพิวเตอร์ | C23: 400-67-7519 | D23: 26-7-2566 | E23: 7300 | F23: งานธุรการ | G23: / | M23: ฝ่ายบริหารงานทั่วไป
A24: 14 | D24: รวม | E24: =SUM(E9:E23) -> 57260
B26: เก้าอี้ (401)
A27: 1 | B27: เก้าอี้สำนักงาน | C27: 401-54-0015 (ต) | D27: 20059 | E27: 1800 | F27: งานธุรการ+สารบรรณ | G27: /
A28: 2 | B28: เก้าอี้สำนักงาน | C28: 401-54-0016 (ต) | D28: 20059 | E28: 1800 | F28: งานธุรการ+สารบรรณ | G28: / | M28: อิชยาพรฯ
A29: 3 | B29: เก้าอี้ทำงาน | C29: 401-55-0331 (ต) | D29: 239317 | E29: 2460 | F29: งานศูนย์บริการร่วมฯ | G29: / | M29: ศูนย์ข้อมูลข่าวสารชั้น2
A30: 4 | B30: สตูล | C30: 401-55-0329 (ต) | D30: 20171 | E30: 2285 | F30: งานศูนย์บริการร่วมฯ | G30: /
A31: 5 | B31: สตูล | C31: 401-55-0330 (ต) | D31: 20171 | E31: 2285 | F31: งานศูนย์บริการร่วมฯ | G31: /
A32: 6 | B32: เก้าอี้สำนักงาน | C32: 401-55-0332 (ต) | D32: 20171 | E32: 2460 | F32: งานศูนย์บริการร่วมฯ | G32: /
A33: 7 | B33: เก้าอี้สำนักงาน | C33: 401-56-0485 (ต.) | D33: 20476 | E33: 2900 | F33: งานเลขาฯ | G33: / | M33: กาณฑ์พิรญาณ์ฯ
A34: 8 | B34: เก้าอี้สำนักงาน | C34: 401-57-0831 (ต) | D34: 20984 | E34: 4200 | F34: งานเทศกิจ | G34: /
A35: 9 | B35: เก้าอี้สำนักงาน | C35: 401-57-0832 (ต) | D35: 20984 | E35: 4500 | F35: งานเทศกิจ | G35: /
A36: 10 | B36: เก้าอี้สำนักงาน | C36: 401-57-0835 (ต) | D36: 21152 | E36: 3290 | F36: งานป้องกันฯ | G36: /
A37: 11 | B37: เก้าอี้สำนักงานขนาดกลาง | C37: 401-58-0845 (ต) | D37: 21233 | E37: 1590 | F37: งานท่องเที่ยว | G37: /
A38: 12 | B38: เก้าอี้สำนักงานขนาดกลาง | C38: 401-58-0846 (ต) | D38: 21233 | E38: 1590 | F38: งานท่องเที่ยว | G38: / | M38: ธนันกรกานต์
A39: 13 | B39: เก้าอี้เอนกประสงค์ขาเหล็กชุบโครเมี่ยม | C39: 401-58-0865 (ต) | D39: 21373 | E39: 900 | F39: งานธุรการ+สารบรรณ | G39: /
A40: 14 | B40: เก้าอี้เอนกประสงค์ขาเหล็กชุบโครเมี่ยม | C40: 401-58-0888 (ต) | D40: 21373 | E40: 900 | F40: งานธุรการ+สารบรรณ | G40: /
A41: 15 | B41: เก้าอี้สำนักงานพนักพิงตาข่าย | C41: 401-58-0914 (ต) | D41: 240526 | E41: 2100 | F41: งานศูนย์บริการร่วมฯ | G41: / | M41: ศูนย์บริการร่วมชั้น1
A42: 16 | B42: เก้าอี้สำนักงานพนักพิงตาข่าย | C42: 401-58-0915 (ต) | D42: 240526 | E42: 2100 | F42: งานศูนย์บริการร่วมฯ | G42: / | M42: ศูนย์ข้อมูลข่าวสารชั้น2
A43: 17 | B43: เก้าอี้สำนักงานพนักพิงตาข่าย | C43: 401-58-0916 (ต) | D43: 240526 | E43: 2100 | F43: งานศูนย์บริการร่วมฯ | G43: / | M43: ศูนย์บริการร่วมชั้น1
A44: 18 | B44: เก้าอี้อเนกประสงค์ | C44: 401-67-9940 | D44: 243636 | E44: 1100 | F44: งานธุรการ | G44: / | M44: ฝ่ายบริหารงานทั่วไป
A45: 19 | B45: เก้าอี้อเนกประสงค์ | C45: 401-67-9941 | D45: 243636 | E45: 1100 | F45: งานธุรการ | G45: / | M45: ฝ่ายบริหารงานทั่วไป
A46: 20 | B46: เก้าอี้อเนกประสงค์ | C46: 401-67-9942 | D46: 243636 | E46: 1100 | F46: งานธุรการ | G46: / | M46: ฝ่ายบริหารงานทั่วไป
A47: 21 | B47: เก้าอี้อเนกประสงค์ | C47: 401-67-9943 | D47: 243636 | E47: 1100 | F47: งานธุรการ | G47: / | M47: ฝ่ายบริหารงานทั่วไป
A48: 22 | B48: เก้าอี้อเนกประสงค์ | C48: 401-67-9944 | D48: 243636 | E48: 1100 | F48: งานธุรการ | G48: / | M48: ฝ่ายบริหารงานทั่วไป
A49: 23 | B49: เก้าอี้อเนกประสงค์ | C49: 401-67-9945 | D49: 243636 | E49: 1100 | F49: งานธุรการ | G49: / | M49: ฝ่ายบริหารงานทั่วไป
A50: 24 | B50: เก้าอี้อเนกประสงค์ | C50: 401-67-9946 | D50: 243636 | E50: 1100 | F50: งานธุรการ | G50: / | M50: ฝ่ายบริหารงานทั่วไป
A51: 25 | B51: เก้าอี้อเนกประสงค์ | C51: 401-67-9947 | D51: 243636 | E51: 1100 | F51: งานธุรการ | G51: / | M51: ฝ่ายบริหารงานทั่วไป
A52: 26 | B52: เก้าอี้อเนกประสงค์ | C52: 401-67-9948 | D52: 243636 | E52: 1100 | F52: งานธุรการ | G52: / | M52: ฝ่ายบริหารงานทั่วไป
... A144: 118 | B144: เก้าอี้สำนักงาน Taiyo รุ่น CA555A | C144: 401-67-10135 | D144: 243825 | E144: 3500 | F144: งานธุรการ | G144: / | M144: ฝ่ายบริหารงานทั่วไป
A146: 118 | D146: รวม | E146: =SUM(E27:E145) -> 152760
B148: ชั้นวางของ (404)
A149: 1 | B149: ชั้นวางเอกสารไม้ | C149: 404-56-0020 (ต) | D149: 20689 | E149: 3200 | F149: ฝ่ายกิจการสภา | G149: /
A150: 2 | B150: ชั้นวางเอกสารไม้ | C150: 404-56-0021 (ต) | D150: 20689 | E150: 3200 | F150: ฝ่ายกิจการสภา | G150: /
A151: 3 | B151: ชั้นเอนกประสงค์ขนาดเล็ก | C151: 404-56-0022 (ต) | D151: 20689 | E151: 550 | F151: ฝ่ายกิจการสภา | G151: /
A152: 4 | B152: ชั้นวางของ | C152: 404-58-0026 (ต) | D152: 21267 | E152: 300 | F152: ทะเบียนราษฎร | G152: /
A153: 5 | B153: ชั้นวางของ | C153: 404-58-0027 (ต) | D153: 21267 | E153: 300 | F153: ทะเบียนราษฎร | G153: /
A154: 5 | D154: รวม | E154: =SUM(E149:E153) -> 7550
B158: ตู้ (406)
A159: 1 | B159: ตู้เหล็กบานเลื่อนทึบ | C159: 406-58-0083 (ต) | D159: 21211 | E159: 2900 | F159: งานเลขาฯ | G159: /
A160: 2 | B160: ตู้เอกสารชนิดไม้ | C160: 406-58-0085 (ต) | D160: 21211 | E160: 4500 | F160: งานเลขาฯ | G160: / | M160: รองนายกสุรพลฯ
A161: 3 | B161: ตู้บานเลื่อนกระจก | C161: 406-58-0093 (ต) | D161: 21326 | E161: 4290 | F161: ทะเบียนราษฎร | G161: /
A162: 4 | B162: ตู้เอกสารแบบบานเปิด | C162: 406-58-0094 (ต) | D162: 21326 | E162: 2390 | F162: ทะเบียนราษฎร | G162: /
A163: 5 | B163: ตู้เก็บแบบฟอร์ม 10 ลิ้นชัก SmartForm | C163: 406-58-0102 (ต) | D163: 240526 | E163: 3500 | F163: งานศูนย์บริการร่วมฯ | G163: / | M163: ศูนย์ข้อมูลข่าวสารชั้น2
A164: 6 | B164: ตู้เก็บเอกสารบานเลื่อนทึบ 5SC820 | C164: 406-58-0103 (ต) | D164: 240526 | E164: 2500 | F164: งานศูนย์บริการร่วมฯ | G164: / | M164: ศูนย์ข้อมูลข่าวสารชั้น2
A165: 7 | B165: ตู้เก็บเอกสารบานเลื่อนทึบ 5SC820 | C165: 406-58-0104 (ต) | D165: 240526 | E165: 2500 | F165: งานศูนย์บริการร่วมฯ | G165: / | M165: ศูนย์ข้อมูลข่าวสารชั้น2
A166: 8 | B166: ตู้ล็อกเกอร์ | C166: 406-67-1463 | D166: 243636 | E166: 8000 | F166: งานธุรการ | G166: / | M166: ฝ่ายบริหารงานทั่วไป
A167: 9 | B167: ตู้เหล็กบานเลื่อนกระจก | C167: 406-67-1464 | D167: 243636 | E167: 5000 | F167: งานธุรการ | G167: / | M167: ฝ่ายบริหารงานทั่วไป
A168: 10 | B168: ตู้เหล็กแบบบานเลื่อนกระจก ขนาด120x40x88เซ็นติเมตร | C168: 406-67-1470 | D168: 23-4-2567 | E168: 4200 | F168: งานป้องกันและบรรเทาสาธารณภัย | G168: / | M168: สำนักปลัดเทศบาล
A169: 11 | B169: ตู้เหล็กแบบสองบาน ขนาด 920 x 460 x 1830 เซ็นติเมตร | C169: 406-67-1471 | D169: 23-4-2567 | E169: 6000 | F169: งานป้องกันและบรรเทาสาธารณภัย | G169: / | M169: สำนักปลัดเทศบาล
A170: 12 | B170: ตู้เหล็กแบบ 2 บาน ยี่ห้อ TAIYO ครุภัณฑ์มากับโครงการปรับปรุง อาคาร B ตลาดเทศบาล 4 เพื่อเป็นอาคารเก็บพัสดุกลาง สัญญาจ้างก่อสร้าง เลขที่ 17/2566 ลว.17 ก.ค. 2566 มูลค่าก่อสร้างจำวนเงินทั้งสิ้น 2,484,000 บาท | C170: 406-66-1423 | D170: 15-11-2566 | E170: 5882 | F170: งานบริหารทั่วไป | G170: / | M170: สำนักปลัดเทศบาล (งานทะเบียนราษฯ)
A171: 13 | B171: ตู้เหล็กแบบ 2 บาน ยี่ห้อ TAIYO ครุภัณฑ์มากับโครงการปรับปรุง อาคาร B ตลาดเทศบาล 4 เพื่อเป็นอาคารเก็บพัสดุกลาง สัญญาจ้างก่อสร้าง เลขที่ 17/2566 ลว.17 ก.ค. 2566 มูลค่าก่อสร้างจำวนเงินทั้งสิ้น 2,484,000 บาท | C171: 406-66-1424 | D171: 15-11-2566 | E171: 5885 | F171: งานบริหารทั่วไป | G171: / | M171: สำนักปลัดเทศบาล (งานทะเบียนราษฯ)
A172: 14 | B172: ตู้เหล็กแบบ 2 บาน ยี่ห้อ TAIYO ครุภัณฑ์มากับโครงการปรับปรุง อาคาร B ตลาดเทศบาล 4 เพื่อเป็นอาคารเก็บพัสดุกลาง สัญญาจ้างก่อสร้าง เลขที่ 17/2566 ลว.17 ก.ค. 2566 มูลค่าก่อสร้างจำวนเงินทั้งสิ้น 2,484,000 บาท | C172: 406-66-1425 | D172: 15-11-2566 | E172: 5885 | F172: งานบริหารทั่วไป | G172: / | M172: สำนักปลัดเทศบาล (งานทะเบียนราษฯ)
A173: 15 | B173: ตู้เหล็กแบบ 2 บาน ยี่ห้อ TAIYO ครุภัณฑ์มากับโครงการปรับปรุง อาคาร B ตลาดเทศบาล 4 เพื่อเป็นอาคารเก็บพัสดุกลาง สัญญาจ้างก่อสร้าง เลขที่ 17/2566 ลว.17 ก.ค. 2566 มูลค่าก่อสร้างจำวนเงินทั้งสิ้น 2,484,000 บาท | C173: 406-66-1426 | D173: 15-11-2566 | E173: 5885 | F173: งานบริหารทั่วไป | G173: / | M173: สำนักปลัดเทศบาล (งานทะเบียนราษฯ)
A174: 16 | B174: ตู้เหล็กแบบ 2 บาน ยี่ห้อ TAIYO ครุภัณฑ์มากับโครงการปรับปรุง อาคาร B ตลาดเทศบาล 4 เพื่อเป็นอาคารเก็บพัสดุกลาง สัญญาจ้างก่อสร้าง เลขที่ 17/2566 ลว.17 ก.ค. 2566 มูลค่าก่อสร้างจำวนเงินทั้งสิ้น 2,484,000 บาท | C174: 406-66-1427 | D174: 15-11-2566 | E174: 5885 | F174: งานบริหารทั่วไป | G174: / | M174: สำนักปลัดเทศบาล (งานทะเบียนราษฯ)
A175: 17 | B175: ตู้เหล็กแบบ 2 บาน ยี่ห้อ TAIYO ครุภัณฑ์มากับโครงการปรับปรุง อาคาร B ตลาดเทศบาล 4 เพื่อเป็นอาคารเก็บพัสดุกลาง สัญญาจ้างก่อสร้าง เลขที่ 17/2566 ลว.17 ก.ค. 2566 มูลค่าก่อสร้างจำวนเงินทั้งสิ้น 2,484,000 บาท | C175: 406-66-1428 | D175: 15-11-2566 | E175: 5885 | F175: งานบริหารทั่วไป | G175: / | M175: สำนักปลัดเทศบาล (งานทะเบียนราษฯ)
A176: 18 | B176: ตู้เหล็กแบบ 2 บาน ยี่ห้อ TAIYO ครุภัณฑ์มากับโครงการปรับปรุง อาคาร B ตลาดเทศบาล 4 เพื่อเป็นอาคารเก็บพัสดุกลาง สัญญาจ้างก่อสร้าง เลขที่ 17/2566 ลว.17 ก.ค. 2566 มูลค่าก่อสร้างจำวนเงินทั้งสิ้น 2,484,000 บาท | C176: 406-66-1429 | D176: 15-11-2566 | E176: 5885 | F176: งานบริหารทั่วไป | G176: / | M176: สำนักปลัดเทศบาล (งานทะเบียนราษฯ)
A177: 19 | B177: ตู้เหล็กแบบ 2 บาน ยี่ห้อ TAIYO ครุภัณฑ์มากับโครงการปรับปรุง อาคาร B ตลาดเทศบาล 4 เพื่อเป็นอาคารเก็บพัสดุกลาง สัญญาจ้างก่อสร้าง เลขที่ 17/2566 ลว.17 ก.ค. 2566 มูลค่าก่อสร้างจำวนเงินทั้งสิ้น 2,484,000 บาท | C177: 406-66-1430 | D177: 15-11-2566 | E177: 5885 | F177: งานบริหารทั่วไป | G177: / | M177: สำนักปลัดเทศบาล (งานทะเบียนราษฯ)
A178: 20 | B178: ตู้เหล็กแบบ 2 บาน ยี่ห้อ TAIYO ครุภัณฑ์มากับโครงการปรับปรุง อาคาร B ตลาดเทศบาล 4 เพื่อเป็นอาคารเก็บพัสดุกลาง สัญญาจ้างก่อสร้าง เลขที่ 17/2566 ลว.17 ก.ค. 2566 มูลค่าก่อสร้างจำวนเงินทั้งสิ้น 2,484,000 บาท | C178: 406-66-1431 | D178: 15-11-2566 | E178: 5885 | F178: งานบริหารทั่วไป | G178: / | M178: สำนักปลัดเทศบาล (งานทะเบียนราษฯ)
A179: 21 | B179: ตู้เหล็กแบบ 2 บาน ยี่ห้อ TAIYO ครุภัณฑ์มากับโครงการปรับปรุง อาคาร B ตลาดเทศบาล 4 เพื่อเป็นอาคารเก็บพัสดุกลาง สัญญาจ้างก่อสร้าง เลขที่ 17/2566 ลว.17 ก.ค. 2566 มูลค่าก่อสร้างจำวนเงินทั้งสิ้น 2,484,000 บาท | C179: 406-66-1432 | D179: 15-11-2566 | E179: 5885 | F179: งานบริหารทั่วไป | G179: / | M179: สำนักปลัดเทศบาล (งานทะเบียนราษฯ)
... A185: 27 | B185: ตู้เหล็กแบบ 2 บาน ยี่ห้อ TAIYO ครุภัณฑ์มากับโครงการปรับปรุง อาคาร B ตลาดเทศบาล 4 เพื่อเป็นอาคารเก็บพัสดุกลาง สัญญาจ้างก่อสร้าง เลขที่ 17/2566 ลว.17 ก.ค. 2566 มูลค่าก่อสร้างจำวนเงินทั้งสิ้น 2,484,000 บาท | C185: 406-66-1438 | D185: 15-11-2566 | E185: 5885 | F185: งานบริหารทั่วไป | G185: / | M185: สำนักปลัดเทศบาล (งานทะเบียนราษฯ)
A187: 27 | D187: รวม | E187: =SUM(E159:E186) -> 139937
B189: เครื่องโทรสาร (424)
A190: 1 | B190: เครื่องโทรสาร ยี่ห้อชาร์ป | C190: 424-56-0002 (ต) | D190: 20489 | E190: 4545 | F190: งานท่องเที่ยว | G190: /
A191: 2 | B191: เครื่องโทรสาร | C191: 424-58-0005 (ต) | D191: 21382 | E191: 4700 | F191: งานเลขาฯ | G191: /
A192: 3 | B192: เครื่องโทรสาร | C192: 424-58-0009 (ต) | D192: 21435 | E192: 4700 | F192: งานธุรการ+สารบรรณ | G192: / | M192: พันทิพาฯ
A193: 3 | D193: รวม | E193: =SUM(E190:E192) -> 13945
B195: โต๊ะหมู่
A196: 1 | B196: โต๊ะหมู่บูชา 1 ชุด 9 ตัว | C196: 481-66-0061 | D196: 10พ.ย.2566 | E196: 8500 | F196: งานธุรการ+สารบรรณ | M196: ราชาวดี
A197: =SUM(A196) -> 1 | D197: รวม | E197: =SUM(E196) -> 8500
B201: ครุภัณฑ์การเกษตร (ต)
B202: เครื่องสูบน้ำ (055)
A203: 1 | B203: เครื่องสูบน้ำแบบหอยโข่งมอเตอร์ไฟฟ้า สูบน้ำได้ 450 ลิตรต่อนาที | C203: 055-67-0298 | D203: 6-2-567 | E203: 9000 | F203: งานธุรการ+สารบรรณ
A204: 1 | E204: =SUM(E203) -> 9000
B207: ครุภัณฑ์ไฟฟ้าและวิทยุ
B208: เครื่องจ่ายไฟ (424)
A209: 1 | B209: เครื่องจ่ายไฟ PREAMP CONFERENCE | C209: 430-55-0001 (ต) | D209: 20178 | E209: 4200 | F209: งานธุรการ+สารบรรณ | G209: /
A210: 1 | D210: รวม | E210: =SUM(E209) -> 4200
B213: ครุภัณฑ์คอมพิวเตอร์
...
