Workbook
Name BT_FLAG: [1]RECEIVE_TYPE!$D$2:$D$3
Name CATEGORY: [1]ASSET_CATEGORY!$A$2:$A$9
Name DEPRE: [1]CONFIG!$C$2:$C$3
Name DISPLAY: [1]CONFIG!$B$2:$B$3
Name EXPENSE_JOB_NAME: [1]EXPENSE_JOB!$B$2:$B$37
Name GETBY: [1]RECEIVE_TYPE!$B$2:$B$5

Sheet งบทรัพย์สิน 67
A1: งบทรัพย์สิน
A2: สำนักการศึกษา
A3: ณ วันที่ 30 กันยายน 2567
B4: ประเภททรัพย์สิน | C4: จำนวน | D4: งบประมาณ (บาท) | E4: หมายเหตุ
B5: ครุภัณฑ์สำนักงาน | C5: =สำนักงาน!A870 -> 865 | D5: =สำนักงาน!F871 -> 12530512
B6: ครุภัณฑ์ยานพาหนะและขนส่ง | C6: =ยานพาหนะ!A6 -> 1 | D6: =ยานพาหนะ!F7 -> 50000
B7: ครุภัณฑ์ไฟฟ้าและวิทยุ | C7: =ไฟฟ้าและวิทยุ!A180 -> 175 | D7: =ไฟฟ้าและวิทยุ!F181 -> 3035818.4
B8: ครุภัณฑ์โฆษณาและเผยแพร่ | C8: =โฆษณา!A51 -> 46 | D8: =โฆษณา!F52 -> 4061756.1
B9: ครุภัณฑ์การเกษตร | C9: =การเกษตร!A8 -> 3 | D9: =การเกษตร!F9 -> 46650
B10: ครุภัณฑ์โรงงาน | C10: =โรงงาน!A7 -> 2 | D10: =โรงงาน!F8 -> 7200
B11: ครุภัณฑ์ก่อสร้าง | C11: =ก่อสร้าง!A6 -> 1 | D11: =ก่อสร้าง!F7 -> 3600
B12: ครุภัณฑ์สำรวจ | C12: - | D12: -
B13: ครุภัณฑ์วิทยาศาสตร์และการแพทย์ | C13: =วิทยาศาสตร์!A17 -> 12 | D13: =วิทยาศาสตร์!F18 -> 83170
B14: ครุภัณฑ์คอมพิวเตอร์ | C14: =คอมพิวเตอร์!A295 -> 290 | D14: =คอมพิวเตอร์!F296 -> 6001896.5
B15: ครุภัณฑ์การศึกษา | C15: =การศึกษา!A10 -> 5 | D15: =การศึกษา!F11 -> 130000
B16: ครุภัณฑ์งานบ้านงานครัว | C16: =งานบ้าน!A50 -> 45 | D16: =งานบ้าน!F51 -> 500556
B17: ครุภัณฑ์กีฬา | C17: =กีฬา!A282 -> 277 | D17: =กีฬา!F283 -> 24048741
B18: ครุภัณฑ์ดนตรีและนาฎศิลป์ | C18: - | D18: -
B19: ครุภัณฑ์อื่น | C19: =อื่นๆ!A16 -> 11 | D19: =อื่นๆ!F17 -> 982556
B20: รวม | C20: =SUM(C5:C19) -> 1733 | D20: =SUM(D5:D19) -> 51482456

Sheet ต่ำกว่าเกณฑ์67
A1: ทะเบียนรายงานผลการตรวจนับครุภัณฑ์ (ต่ำกว่าเกณฑ์) ประจำปี 2567
A2: ( ณ วันที่ 30 กันยายน 2567)
A3: ลำดับที่ | B3: รายการ | C3: หมายเลขครุภัณฑ์ | D3: วัน เดือน ปี ที่ได้มา | E3: ราคาที่ได้มา | F3: สถานที่ใช้งาน | G3: สภาพครุภัณฑ์ | M3: หมายเหตุ
G4: ใช้ได้ | H4: ชำรุด | I4: เสื่อม สภาพ | J4: สูญหาย | K4: เก็บไว้นาน | L4: หมดความจำเป็น
A7: =ROW()-ROW($A$7)+1 -> 1 | B7: ชุดโต๊ะทำงานเข้ามุม ขนาด 1.20 เมตร | C7: 400-55-0012 | D7: 20142 | E7: 3200 | F7: สำนักศึกษา ชั้น 2 | G7: √ | M7: หน.พิมพร ชั้น2 | N7: =SUM(E7:E36) -> 84311.305
A8: =ROW()-ROW($A$7)+1 -> 2 | B8: โต๊ะคอมพิวเตอร์ ขนาด 120X60X75 ซม. | C8: 400-55-0013 | D8: 20142 | E8: 4990 | F8: สำนักศึกษา ชั้น 2 | G8: √ | M8: หน.พิมพร ชั้น2
A9: =ROW()-ROW($A$7)+1 -> 3 | B9: โต๊ะทำงาน ขนาด 60 X120 ซม. | C9: 400-55-0024 | D9: 20225 | E9: 3200 | F9: สำนักศึกษา ชั้น 2 | H9: √ | M9: ธีรนันท์
A10: =ROW()-ROW($A$7)+1 -> 4 | B10: โต๊ะทำงาน ขนาด 60 X120 ซม. | C10: 400-55-0025 | D10: 20225 | E10: 3200 | F10: สำนักศึกษา ชั้น 2 | H10: √ | M10: ชัชวาลย์
A11: =ROW()-ROW($A$7)+1 -> 5 | B11: โต๊ะทำงาน ขนาด 60 X120 ซม. | C11: 400-55-0014 | D11: 20163 | E11: 3200 | F11: สำนักศึกษา ชั้น 2 | G11: √ | M11: วิภาดา
A12: =ROW()-ROW($A$7)+1 -> 6 | B12: โต๊ะคอมพิวเตอร์ ขนาด 120X60X75 ซม. | C12: 400-55-0028 | D12: 16 พ.ค. 55 | E12: 3200 | F12: สำนักศึกษา ชั้น 3 | G12: √ | M12: อาคารอเนกประสงค์ | N12: ไปศูนย์เยาวชน | O12: เดิม พี่อ้อ
A13: =ROW()-ROW($A$7)+1 -> 7 | B13: โต๊ะคอมพิวเตอร์ ขนาด 120X60X75 ซม. | C13: 400-55-0029 | D13: 16 พ.ค. 55 | E13: 3200 | F13: สำนักศึกษา ชั้น 3 | H13: √ | M13: ขวัญภิรมย์
A14: =ROW()-ROW($A$7)+1 -> 8 | B14: โต๊ะคอมพิวเตอร์ ขนาด 120X60X75 ซม. | C14: 400-55-0030 | D14: 16 พ.ค. 55 | E14: 3200 | F14: สำนักศึกษา ชั้น 2 | G14: √ | M14: พิมล
A15: =ROW()-ROW($A$7)+1 -> 9 | B15: โต๊ะคอมพิวเตอร์ ขนาด 120X60X75 ซม. | C15: 400-55-0031 | D15: 16 พ.ค. 55 | E15: 3200 | F15: สำนักศึกษา ชั้น 2 | G15: √ | M15: สิริพร
A16: =ROW()-ROW($A$7)+1 -> 10 | B16: โต๊ะคอมพิวเตอร์ ขนาด 80X60X75 ซม. | C16: 400-55-0032 | D16: 16 พ.ค. 55 | E16: 1500 | F16: สำนักศึกษา ชั้น 2 | G16: √ | M16: นริศรา
A17: =ROW()-ROW($A$7)+1 -> 11 | B17: โต๊ะคอมพิวเตอร์ ขนาด 80X60X75 ซม. | C17: 400-55-0033 | D17: 16 พ.ค. 55 | E17: 1500 | F17: สำนักศึกษา ชั้น 3 | G17: √ | M17: กนกวรรณ
A18: =ROW()-ROW($A$7)+1 -> 12 | B18: โต๊ะทำงาน ขนาด 80 X660X75 ซม. | C18: 400-55-0061 | D18: 4 ก.ย. 55 | E18: 5000 | F18: ห้อง ผอ.สำนัก | G18: √ | M18: ห้อง ผอ.สำนัก
A19: =ROW()-ROW($A$7)+1 -> 13 | B19: โต๊ะไม้วางอุปกรณ์ ขนาด 60X120X45 ซม. | C19: 400-55-0062 | D19: 4 ก.ย. 55 | E19: 2000 | F19: ห้อง ผอ.สำนัก | G19: √ | M19: ห้อง ผอ.สำนัก
A20: =ROW()-ROW($A$7)+1 -> 14 | B20: โต๊ะไม้วางอุปกรณ์ ขนาด 60 X120X45 ซม. | C20: 400-55-0063 | D20: 4 ก.ย. 55 | E20: 2000 | F20: ห้อง ผอ.สำนัก | G20: √ | M20: ห้อง ผอ.สำนัก
A21: =ROW()-ROW($A$7)+1 -> 15 | B21: โต๊ะกลางชุดรับแขกไม้สัก ขนาด 45 X53X45 ซม. | C21: 400-55-0064 | D21: 4 ก.ย. 55 | E21: 3500 | F21: ห้อง ผอ.สำนัก | G21: √ | M21: ห้อง ผอ.สำนัก
A22: =ROW()-ROW($A$7)+1 -> 16 | B22: โต๊ะคอมพิวเตอร์ ขนาด 80X60X75 ซม. | C22: 400-56-0084 | D22: 24 มิ.ย.56 | E22: 1800 | F22: สำนักศึกษา ชั้น 2 | G22: √ | M22: ข้างพิมล
A23: =ROW()-ROW($A$7)+1 -> 17 | B23: โต๊ะคอมพิวเตอร์ ขนาด 80X60X75 ซม. | C23: 400-56-0085 | D23: 24 มิ.ย.56 | E23: 1800 | F23: สำนักศึกษา ชั้น 2 | G23: √ | M23: ธีรนันท์
A24: =ROW()-ROW($A$7)+1 -> 18 | B24: โต๊ะคอมพิวเตอร์ ขนาด 80X60X75 ซม. | C24: 400-56-0086 | D24: 24 มิ.ย.56 | E24: 1800 | F24: สำนักศึกษา ชั้น 2 | G24: √ | M24: กันต์กนิษฐ์
A25: =ROW()-ROW($A$7)+1 -> 19 | B25: โต๊ะคอมพิวเตอร์ ขนาด 80X60X75 ซม. | C25: 400-56-0087 | D25: 24 มิ.ย.56 | E25: 1800 | F25: สำนักศึกษา ชั้น 3 | G25: √ | M25: กฤตาณัฐ
... A35: =ROW()-ROW($A$7)+1 -> 29 | B35: โต๊ะประชุมขนาด 150X60X75 ซม. | C35: 400-56-0121 | D35: 6 ก.ย.56 | E35: 2900 | F35: สำนักศึกษา ชั้น 3 | G35: √ | M35: เบญจมาภรณ์
A36: =ROW()-ROW($A$7)+1 -> 30 | B36: โต๊ะคอมพิวเตอร์สีน้ำตาล | C36: 400-58-0253 (ต) | D36: 240470 | E36: 2421.3054 | F36: สำนักศึกษา ชั้น 2 | G36: √ | M36: ภัทราภรณ์
A37: =ROW()-ROW($A$7)+1 -> 31 | B37: เก้าอี้ทำงานพนักพิงตาข่าย | C37: 401-55-0024 | D37: 15 มี.ค.55 | E37: 2000 | F37: สำนักศึกษา ชั้น 2 | G37: √ | M37: ธีรนันท์ | N37: เดิมติ๊กตอนนี้แอปเปิ้ล | O37: =SUM(E37:E45) -> 24900
A38: =ROW()-ROW($A$7)+1 -> 32 | B38: เก้าอี้ปรับระดับเอนได้ | C38: 401-55-0178 | D38: 22ก.พ.55 | E38: 4500 | F38: สำนักศึกษา ชั้น 2 | G38: √ | M38: ห้องประชุมชั้น3
A39: =ROW()-ROW($A$7)+1 -> 33 | B39: เก้าอี้ทำงานพนักพิงตาข่าย | C39: 401-55-0036 | D39: 16 พ.ค.55 | E39: 2000 | F39: สำนักศึกษา ชั้น 2 | G39: √ | M39: พิมพร | N39: เหลือใช้
A40: =ROW()-ROW($A$7)+1 -> 34 | B40: เก้าอี้กลมพลาสติก | C40: 401-55-0181 | D40: 16 พ.ค.55 | E40: 200 | F40: สำนักศึกษา ชั้น 3 | G40: √ | M40: ชั้น3
A41: =ROW()-ROW($A$7)+1 -> 35 | B41: เก้าอี้กลมพลาสติก | C41: 401-55-0183 | D41: 16 พ.ค.55 | E41: 200 | F41: สำนักศึกษา ชั้น 3 | G41: √ | M41: ชั้น3
A42: =ROW()-ROW($A$7)+1 -> 36 | B42: เก้าอี้ทำงานพนักพิงตาข่าย | C42: 401-55-0034 | D42: 16 พ.ค.55 | E42: 2000 | F42: สำนักศึกษา ชั้น 2 | G42: √ | M42: เบญจมาภรณ์ | N42: เหลือใช้
A43: =ROW()-ROW($A$7)+1 -> 37 | B43: เก้าอี้โซฟารับแขกไม้สักบุฟองน้ำชนิดเดียว | C43: 401-55-0172 | D43: 4 ก.ย.55 | E43: 4500 | F43: ห้อง ผอ.สำนักฯ | G43: √ | M43: ห้อง ผอ.สำนักฯ
A44: =ROW()-ROW($A$7)+1 -> 38 | B44: เก้าอี้โซฟารับแขกไม้สักบุฟองน้ำชนิดเดียว | C44: 401-55-0173 | D44: 4 ก.ย.55 | E44: 4500 | F44: ห้อง ผอ.สำนักฯ | G44: √ | M44: ห้อง ผอ.สำนักฯ
A45: =ROW()-ROW($A$7)+1 -> 39 | B45: เก้าอี้นวมมีพนักพิงล้อเลื่อน | C45: 401-55-0174 | D45: 4 ก.ย.55 | E45: 5000 | F45: ห้อง ผอ.สำนักฯ | G45: √ | M45: ห้อง ผอ.สำนักฯ
A46: =ROW()-ROW($A$7)+1 -> 40 | B46: ชั้นวาง 4 ชั้น มีบานเปิด | C46: 404-55-0009 | D46: 1 พ.ย.54 | E46: 4500 | F46: สำนักศึกษา ชั้น 3 | G46: √ | M46: นัทธ์หทัย ชั้น 3 | N46: หอปูมละกอน
A47: =ROW()-ROW($A$7)+1 -> 41 | B47: กล่องเอนกประสงค์ 3 ชั้น ใส่เอกสาร 42X78X30 | C47: 404-55-0010 | D47: 16 พ.ค.55 | E47: 350 | F47: สำนักศึกษา ชั้น 2 | G47: √ | M47: ณัญธิดา | N47: =SUM(E47:E54) -> 2800
A48: =ROW()-ROW($A$7)+1 -> 42 | B48: กล่องเอนกประสงค์ 3 ชั้น ใส่เอกสาร 42X78X30 | C48: 404-55-0011 | D48: 16 พ.ค.55 | E48: 350 | F48: สำนักศึกษา ชั้น 3 | G48: √ | M48: ณัญธิดา
A49: =ROW()-ROW($A$7)+1 -> 43 | B49: กล่องเอนกประสงค์ 3 ชั้น ใส่เอกสาร 42X78X30 | C49: 404-55-0012 | D49: 16 พ.ค.55 | E49: 350 | F49: สำนักศึกษา ชั้น 2 | G49: √ | M49: ณัญธิดา
A50: =ROW()-ROW($A$7)+1 -> 44 | B50: กล่องเอนกประสงค์ 3 ชั้น ใส่เอกสาร 42X78X30 | C50: 404-55-0013 | D50: 16 พ.ค.55 | E50: 350 | F50: สำนักศึกษา ชั้น 2 | G50: √ | M50: ณัญธิดา
A51: =ROW()-ROW($A$7)+1 -> 45 | B51: กล่องเอนกประสงค์ 3 ชั้น ใส่เอกสาร 42X78X30 | C51: 404-55-0014 | D51: 16 พ.ค.55 | E51: 350 | F51: สำนักศึกษา ชั้น 2 | G51: √ | M51: ณัญธิดา
A52: =ROW()-ROW($A$7)+1 -> 46 | B52: กล่องเอนกประสงค์ 3 ชั้น ใส่เอกสาร 42X78X30 | C52: 404-55-0015 | D52: 16 พ.ค.55 | E52: 350 | F52: สำนักศึกษา ชั้น 2 | G52: √ | M52: ณัญธิดา
A53: =ROW()-ROW($A$7)+1 -> 47 | B53: กล่องเอนกประสงค์ 3 ชั้น ใส่เอกสาร 42X78X30 | C53: 404-55-0016 | D53: 16 พ.ค.55 | E53: 350 | F53: สำนักศึกษา ชั้น 2 | G53: √ | M53: ขวัญภิรมย์
A54: =ROW()-ROW($A$7)+1 -> 48 | B54: กล่องเอนกประสงค์ 3 ชั้น ใส่เอกสาร 42X78X30 | C54: 404-55-0017 | D54: 16 พ.ค.55 | E54: 350 | F54: สำนักศึกษา ชั้น 3 | G54: √ | M54: เบญจมาภรณ์
A55: =ROW()-ROW($A$7)+1 -> 49 | B55: ตู้เอกสารบานเปิด 80X40X160 ซม. | C55: 406-55-0007 | D55: 22 ก.พ.55 | E55: 3800 | F55: สำนักศึกษา ชั้น 2 | G55: √ | M55: หน.พิมพร ชั้น2 | N55: =SUM(E55:E67) -> 46000
A56: =ROW()-ROW($A$7)+1 -> 50 | B56: ตู้เอกสารบานเปิด 80X40X160 ซม. | C56: 406-55-0009 | D56: 22 ก.พ.55 | E56: 3800 | F56: สำนักศึกษา ชั้น 2 | G56: √ | M56: ผอ.นก ชั้น2
A57: =ROW()-ROW($A$7)+1 -> 51 | B57: ตู้เอกสารบานสไลด์ 80X40X84 ซม. | C57: 406-55-0010 | D57: 22 ก.พ.55 | E57: 2800 | F57: สำนักศึกษา ชั้น 2 | G57: √ | M57: หน.พิมพร ชั้น2
A58: =ROW()-ROW($A$7)+1 -> 52 | B58: ตู้เอกสารบานสไลด์ 80X40X84 ซม. | C58: 406-55-0012 | D58: 22 ก.พ.55 | E58: 2800 | F58: สำนักศึกษา ชั้น 2 | G58: √ | M58: สิริพร
A59: =ROW()-ROW($A$7)+1 -> 53 | B59: ตู้เอกสารบานเปิด 80X40X160 ซม. | C59: 406-55-0013 | D59: 15 มี.ค.55 | E59: 3800 | F59: สำนักศึกษา ชั้น 3 | G59: √ | M59: อรทัย ชั้น 3
A60: =ROW()-ROW($A$7)+1 -> 54 | B60: ตู้เอกสารบานเปิด 80X40X160 ซม. | C60: 406-55-0014 | D60: 15 มี.ค.55 | E60: 3800 | F60: สำนักศึกษา ชั้น 3 | G60: √ | M60: ข้างเบญจมาภรณ์
A61: =ROW()-ROW($A$7)+1 -> 55 | B61: ตู้เอกสารบานเปิด 80X40X80 ซม. | C61: 406-55-0016 | D61: 15 มี.ค.55 | E61: 2800 | F61: สำนักศึกษา ชั้น 3 | G61: √ | M61: ขวัญภิรมย์
A62: =ROW()-ROW($A$7)+1 -> 56 | B62: ตู้เอกสารบานเปิด 80X40X160 ซม. | C62: 406-55-0017 | D62: 28 มี.ค.55 | E62: 3800 | F62: สำนักศึกษา ชั้น 2 | G62: √ | M62: พิมล
A63: =ROW()-ROW($A$7)+1 -> 57 | B63: ตู้เอกสารบานเปิด 80X40X84 ซม. | C63: 406-55-0018 | D63: 28 มี.ค.55 | E63: 2800 | F63: สำนักศึกษา ชั้น 2 | G63: √ | M63: พิมล
A64: =ROW()-ROW($A$7)+1 -> 58 | B64: ตู้เอกสารโล่ง 80 ซม. | C64: 406-56-0034 | D64: 25 ม.ค.56 | E64: 3900 | F64: สำนักศึกษา ชั้น 2 | G64: √ | M64: มนต์ทิวา
A65: =ROW()-ROW($A$7)+1 -> 59 | B65: ตู้เอกสารไม้ขนาด 80 ซม. | C65: 406-56-0035 | D65: 25 ม.ค.56 | E65: 4300 | F65: สำนักศึกษา ชั้น 2 | G65: √ | M65: หน้าห้องผอ.นก
A66: =ROW()-ROW($A$7)+1 -> 60 | B66: ตู้แฟ้มเอกสารขนาดบนโล่ง - ล่างบานเปิด | C66: 406-56-0032 | D66: 6 ก.ย.56 | E66: 3800 | F66: สำนักศึกษา ชั้น 3 | G66: √ | M66: ศิลาพร
A67: =ROW()-ROW($A$7)+1 -> 61 | B67: ตู้เก็บเอกสารแบบบนโล่ง-ล่างบานเปิด | C67: 406-56-0033 | D67: 12 ก.ย.56 | E67: 3800 | F67: สำนักศึกษา ชั้น 2 | G67: √ | M67: ธนพัฒน์
A68: =ROW()-ROW($A$7)+1 -> 62 | B68: จอคอมพิวเตอร์ led 20 นิ้ว dell | C68: 416-56-0342 | D68: 20592 | E68: 4800 | F68: สำนักศึกษา ชั้น 3 | G68: √ | M68: นิติรัฐ
A69: =ROW()-ROW($A$7)+1 -> 63 | B69: เครี่องปริ้นเตอร์ cannon laser lbp 6000 | C69: 416-55-0003 | D69: 20128 | E69: 3200 | F69: สำนักศึกษา ชั้น 2 | G69: √ | M69: กฤตาณัฐ ชั้น2
A70: =ROW()-ROW($A$7)+1 -> 64 | B70: โทรศัพท์รุ่น KXTG 3611 BK ขาว 3 ABXG 114042 | C70: 423-56-0001 | D70: 20618 | E70: 1280 | F70: สำนักศึกษา ชั้น 2 | G70: √ | M70: สุวีณา | N70: =SUM(E70:E71) -> 2560
A71: =ROW()-ROW($A$7)+1 -> 65 | B71: โทรศัพท์รุ่น KXTG 3611 BK ขาว 2 LBXG 11953 | C71: 423-56-0002 | D71: 20618 | E71: 1280 | F71: สำนักศึกษา ชั้น 2 | G71: √ | M71: พิมพร
A72: =ROW()-ROW($A$7)+1 -> 66 | B72: ผ้าม่านสำนักงานปรับแสง ขนาด 3.95x1.50 ม. | C72: 434-55-0001 | D72: 20333 | E72: 1800 | F72: สำนักศึกษา ชั้น 3 | G72: √ | M72: สิริรัตนา | O72: มาเพิ่ม4/6/63 (คลัง)
A73: =ROW()-ROW($A$7)+1 -> 67 | B73: ผ้าม่านสำนักงานปรับแสง ขนาด 2.00x1.20 ม. | C73: 434-55-0002 | D73: 20333 | E73: 800 | F73: สำนักศึกษา ชั้น 2 | G73: √ | M73: ปรับปรุงห้องผอ. | N73: =SUM(E72:E76) -> 5400
A74: =ROW()-ROW($A$7)+1 -> 68 | B74: ผ้าม่านสำนักงานปรับแสง ขนาด 2.00x1.20 ม. | C74: 434-55-0003 | D74: 20333 | E74: 800 | F74: สำนักศึกษา ชั้น 2 | G74: √ | M74: ปรับปรุงห้องผอ.
A75: =ROW()-ROW($A$7)+1 -> 69 | B75: ผ้าม่านสำนักงานปรับแสง ขนาด 2.00x1.20 ม. | C75: 434-55-0004 | D75: 20333 | E75: 1000 | F75: สำนักศึกษา ชั้น 2 | G75: √ | M75: ปรับปรุงห้องผอ.
A76: =ROW()-ROW($A$7)+1 -> 70 | B76: ผ้าม่านสำนักงานปรับแสง ขนาด 2.00x1.20 ม. | C76: 434-55-0005 | D76: 20333 | E76: 1000 | F76: สำนักศึกษา ชั้น 2 | G76: √ | M76: ปรับปรุงห้องผอ.
A77: =ROW()-ROW($A$7)+1 -> 71 | B77: ฉากกั้นห้อง ขนาด 120X160 ซม. | C77: 490-55-0001 | D77: 22 ก.พ.55 | E77: 4800 | F77: สำนักศึกษา ชั้น 2 | G77: √ | M77: หน.พิมพร
A78: =ROW()-ROW($A$7)+1 -> 72 | B78: ฉากกั้นห้อง ขนาด 120X160 ซม. | C78: 490-55-0003 | D78: 22 ก.พ.55 | E78: 4800 | F78: สำนักศึกษา ชั้น 2 | G78: √ | M78: รัญญากร | N78: =SUM(E77:E82) -> 26400
A79: =ROW()-ROW($A$7)+1 -> 73 | B79: ฉากกั้นห้อง ขนาด 120X160 ซม. | C79: 490-55-0004 | D79: 22 ก.พ.55 | E79: 4800 | F79: สำนักศึกษา ชั้น 2 | G79: √ | M79: หน.พิมพร
A80: =ROW()-ROW($A$7)+1 -> 74 | B80: ฉากกั้นห้อง ขนาด 80X160 ซม. | C80: 490-55-0005 | D80: 22 ก.พ.55 | E80: 4000 | F80: สำนักศึกษา ชั้น 2 | G80: √ | M80: หน.พิมพร | O80: มาเพิ่ม4/6/63 (คลัง)
A81: =ROW()-ROW($A$7)+1 -> 75 | B81: ฉากกั้นห้อง ขนาด 100X120 ซม. | C81: 490-55-0010 | D81: 22 ก.พ.55 | E81: 4000 | F81: สำนักศึกษา ชั้น 2 | G81: √ | M81: สุวีณา | O81: มาเพิ่ม4/6/63 (คลัง)
A82: =ROW()-ROW($A$7)+1 -> 76 | B82: ฉากกั้นห้อง ขนาด 100X120 ซม. | C82: 490-55-0011 | D82: 22 ก.พ.55 | E82: 4000 | F82: สำนักศึกษา ชั้น 2 | G82: √ | M82: สุวีณา
A83: =ROW()-ROW($A$7)+1 -> 77 | B83: เครื่องปั้มน้ำอัตโนมัติ | C83: 005-56-0002 | D83: 20604 | E83: 5000 | F83: ศูนย์เยาวชน | G83: √ | M83: ศูนย์เยาวชน
B84: รวมทั้งสิ้นจำนวน 77 รายการ | E84: =SUM(E7:E83) -> 209871.31

Sheet งบ67
A1: งบทรัพย์สินเทศบาลนครลำปาง
A2: หน่วยงาน สำนักการศึกษา เทศบาลนครลำปาง
A3: ณ วันที่ 30 กันยายน 2567
A4: ประเภททรัพย์สิน | B4: รหัสพัสดุ | C4: ครุภัณฑ์ (ปกติ) | E4: ครุภัณฑ์ต่ำกว่าเกณฑ์ (วัสดุ)
C5: จำนวนรายการ | D5: จำนวนเงินที่ได้มา | E5: จำนวนรายการ | F5: จำนวนเงินที่ได้มา
A6: ก. อสังหาริมทรัพย์
A7: 1. ที่ดิน | B7: 001
A8: 2. อาคารและโรงเรียน | B8: 040 | C8: 21 | D8: 50888357
A9: 3. สิ่งก่อสร้างอื่น
A10: 3.1 สิ่งปลูกสร้าง | B10: 040 | C10: 5 | D10: 896034.59
A11: 3.2 โรงเรียน
A12: อาคารหอมุด | B12: 010
A13: อาคารโรงพละศึกษา
A14: อาคารโรงอาหาร | B14: 042
A15: 3.3 อาคารห้องน้ำ ห้องส้วม | B15: 045
A16: 3.4 บ้านพักข้าราชการท้องถิ่น | B16: 090
A17: 3.5 สาธารณูปโภค
A18: ระบบปะปา | B18: 109
A19: ระบบไฟฟ้า | B19: 110
A20: ถังบำบัดน้ำเสีย | B20: 112
A21: 3.6 สะพาน | B21: 150
A22: 3.7 ทางระบายน้ำ | B22: 188
A23: 3.8 สระน้ำ | B23: 257
A24: 3.9 รั้ว กำแพง | B24: 277
A25: 3.10 อื่นๆ
A26: 3.12.1 หอกระจายข่าว | B26: 271
A27: รวมอสังหาริมทรัพย์ | C27: =SUM(C7:C26) -> 26 | D27: =SUM(D7:D26) -> 51784392
A44: ข.สังหาริมทรัพย์
A45: 1. ครุภัณฑ์สำนักงาน | G45: =SUM(D46:D92) -> 12530512
A46: ป้ายปิดประกาศ | B46: 081 | C46: 19 | D46: =สำนักงาน!O24 -> 320145.87
A47: โต๊ะ | B47: 400 | C47: 163 | D47: =สำนักงาน!O870 -> 641565.7 | E47: 30 | F47: =ต่ำกว่าเกณฑ์67!N7 -> 84311.305 | G47: =SUM(C46:C92) -> 865
A48: เก้าอี้ | B48: 401 | C48: 317 | D48: =สำนักงาน!O499 -> 764261.99 | E48: 9 | F48: =ต่ำกว่าเกณฑ์67!O37 -> 24900
A49: ม้านั่ง | B49: 402 | C49: 12 | D49: =สำนักงาน!O511 -> 73000
A50: ชุดรับแขก | B50: 403 | C50: 12 | D50: =สำนักงาน!O523 -> 143240
A51: ชั้นวางของ | B51: 404 | C51: 56 | D51: =สำนักงาน!O579 -> 358380 | E51: 1 | F51: =4500 -> 4500
A52: กล่องเอนกประสงค์ | B52: 404 | E52: 8 | F52: =ต่ำกว่าเกณฑ์67!N47 -> 2800
A53: โพเดียม แท่นกล่าวรายงาน | B53: 405 | C53: 2 | D53: =สำนักงาน!O580 -> 54000
A54: ตู้ | B54: 406 | C54: 103 | D54: =สำนักงาน!O582 -> 564624.66 | E54: 13 | F54: =ต่ำกว่าเกณฑ์67!N55 -> 46000
A55: กระดาน, ไวท์บอร์ด,บอร์ดนิทรรศการ | B55: 407 | C55: 67 | D55: =สำนักงาน!O751 -> 8460612
A56: นาฬิกา | B56: 408
A57: พระพุทธรูป | B57: 410
A58: พระบรมฉายาลักษณ์ | B58: 411
A59: เครื่องบันทึกเงินสด | B59: 412
A60: เครื่องพิมพ์ดีด | B60: 414
A61: เครื่องคำนวนเลข | B61: 415
A62: เครื่องถ่ายเอกสาร, เครื่องถ่ายพิมพ์เขียว | B62: 417
A63: เครื่องอัดสำเนา | B63: 418
A64: เครื่องปรุกระดาษไข | B64: 419
A65: เครื่องปรับอากาศ | B65: 420
A66: เครื่องขัดพื้น | B66: 421
A67: เครื่องชุมสายโทรศัพท์ | B67: 422 | C67: 1 | D67: =สำนักงาน!F752 -> 31565
A68: เครื่องโทรศัพท์, โทรศัพท์มือถือ | B68: 423 | C68: 4 | D68: =สำนักงาน!O753 -> 12840 | E68: 2 | F68: =ต่ำกว่าเกณฑ์67!N70 -> 2560
A69: เครื่องโทรสาร | B69: 424 | C69: 2 | D69: =สำนักงาน!O757 -> 34000
A70: เครื่องถอดเทป | B70: 425
A71: ตู้เซฟ ตู้นิรภัย | B71: 426
A72: เคาน์เตอร์ | B72: 427 | C72: 10 | D72: =สำนักงาน!O768 -> 393653
A73: พรม | B73: 428
A74: พัดลม | B74: 432 | C74: 81 | D74: =สำนักงาน!O851 -> 329498.58
A75: มู่ลี่,ม่านปรับแสง | B75: 433 | E75: 5 | F75: =ต่ำกว่าเกณฑ์67!N73 -> 5400
A76: บันได | B76: 436 | C76: 2 | D76: =สำนักงาน!O852 -> 3800
A77: ถังน้ำ | B77: 437 | C77: 7 | D77: =สำนักงาน!O855 -> 97190
A78: เครื่องดูดฝุ่น | B78: 438
A79: มาตรสำหรับตรวจวงจรไฟฟ้า, มิเตอร์ไฟฟ้า | B79: 468
A80: เครื่องทำลายเอกสาร | B80: 470
A81: ที่นั่งหมุน | B81: 479
A82: โต๊ะหมู่บูชา | B82: 481
A83: ไฟฉุกเฉิน | B83: 487
A84: ภาพแกะสลัก | B84: 489
A85: ฉากกั้นห้อง, ฉากถ่ายรูป | B85: 490 | C85: 1 | D85: =สำนักงาน!F861 -> 8000 | E85: 6 | F85: =ต่ำกว่าเกณฑ์67!N78 -> 26400
A86: เครื่องจัดลำดับคิว | B86: 493
A87: เครื่องสแกนลายนิ้วมือ | B87: 494
A88: เครื่องพิมพ์บัตร | B88: 495 | C88: 3 | D88: =สำนักงาน!O862 -> 134900
A89: รถเข็นสำนักงาน | B89: 496
A90: ถังเก็บน้ำสแตนเลส* | B90: 103
A91: ปั้มน้ำ | B91: 055 | C91: 1 | D91: =สำนักงาน!F865 -> 11235 | E91: 1 | F91: =ต่ำกว่าเกณฑ์67!E83 -> 5000
A92: เครื่องฟอกอากาศ | B92: 431 | C92: 2 | D92: =สำนักงาน!O769 -> 94000
A93: 2. ครุภัณฑ์การศึกษา | G93: =SUM(D94:D97) -> 130000
A94: จักรธรรมดา | B94: 443 | G94: =SUM(C94:C97) -> 5
A95: หุ่นจำลอง | B95: 500 | C95: 5 | D95: =การศึกษา!F11 -> 130000
A96: เครื่องปั๊มดอกไม้ | B96: 501
A97: ลูกโลก | B97: 482
A98: 3. ครุภัณฑ์ยานพาหนะและขนส่ง
A99: รถยนต์นั่ง รถตู้ ไม่เกิน 15 คน | B99: 001
A100: รถบรรทุก รถบิ๊กอัพ | B100: 002
A101: รถดับเพลิง | B101: 004
A102: รถบรรทุกน้ำ | B102: 006
A103: รถดูดสิ่งปฏิกูล | B103: 009
A104: รถกวาดถนน | B104: 010
A105: รถบรรทุกขยะมูลฝอย | B105: 011
A106: รถกระเช้า | B106: 012
A107: รถยก รถปั้นจั่น | B107: 014
A108: รถกระบะยกเท 2 - 15 ตัน | B108: 017
A109: รถม้าลาก | B109: 022
A110: รถจักรยานยนต์ | B110: 024 | C110: 1 | D110: =ยานพาหนะ!F6 -> 50000
A111: รถจักรยาน | B111: 025
A112: รถสามล้อแดง, รถดั้มเปอร์เล็ก, รถเก็บสายยาง,รถตรวจการณ์ | B112: 026
A113: เรือยนต์, เรือเร็ว | B113: 027
A114: เรือติดท้าย | B114: 029
A115: เรือยาง,เรืออื่น ๆ | B115: 033
A116: เครื่องชักลากโคลนเลน | B116: 035
...

Sheet สำนักงาน
A1: ทะเบียนรายงานผลการตรวจนับครุภัณฑ์ของสำนักการศึกษา ประจำปี 2567
A2: ณ วันที่ 30 กันยายน 2567 (เทศบัญญัติ)
A3: ครุภัณฑ์สำนักงาน
A4: ลำดับที่ | B4: รายการ | C4: หมายเลข E-laas | D4: หมายเลขครุภัณฑ์ | E4: วัน เดือน ปี ที่ได้มา | F4: ราคาที่ได้มา | G4: สถานที่ใช้งาน | H4: สภาพครุภัณฑ์
H5: ใช้ได้ | I5: ชำรุด | J5: เสื่อมสภาพ | K5: สูญหาย | L5: เก็บไว้นาน | M5: หมดความจำเป็น | N5: หมายเหตุ
A6: =ROW()-ROW(สำนักงาน!$A$6)+1 -> 1 | B6: ป้ายตัวหนังสือแผ่นทองเหลืองหนาไม่น้อยกว่า 0.7 มม กัดกรด 1 สี รองฐานป้าย MDF หนาไม่น้อยกว่า 8 มม. | C6: 401-631012-00293 | D6: 081-63-0019 | E6: 30 มี.ค. 63 | F6: 4815 | G6: งานพิพิธภัณฑ์ (มิวเซียม) | H6: √ | N6: ห้องอเนกประสงค์
A7: =ROW()-ROW(สำนักงาน!$A$6)+1 -> 2 | B7: ป้ายตัวหนังสือแผ่นทองเหลืองหนาไม่น้อยกว่า 0.7 มม กัดกรด 1 สี รองฐานป้าย MDF หนาไม่น้อยกว่า 8 มม. | C7: 401-631012-00294 | D7: 081-63-0020 | E7: 30 มี.ค. 63 | F7: 4815 | G7: งานพิพิธภัณฑ์ (มิวเซียม) | H7: √ | N7: ห้องน้ำชายปีกซ้าย
A8: =ROW()-ROW(สำนักงาน!$A$6)+1 -> 3 | B8: ป้ายตัวหนังสือแผ่นทองเหลืองหนาไม่น้อยกว่า 0.7 มม กัดกรด 1 สี รองฐานป้าย MDF หนาไม่น้อยกว่า 8 มม. | C8: 401-631012-00295 | D8: 081-63-0021 | E8: 30 มี.ค. 63 | F8: 5136 | G8: งานพิพิธภัณฑ์ (มิวเซียม) | H8: √ | N8: ห้องน้ำหญิงปีกซ้าย
A9: =ROW()-ROW(สำนักงาน!$A$6)+1 -> 4 | B9: ป้ายตัวหนังสือแผ่นทองเหลืองหนาไม่น้อยกว่า 0.7 มม กัดกรด 1 สี รองฐานป้าย MDF หนาไม่น้อยกว่า 8 มม. | C9: 401-631012-00296 | D9: 081-63-0022 | E9: 30 มี.ค. 63 | F9: 5136 | G9: งานพิพิธภัณฑ์ (มิวเซียม) | H9: √ | N9: ห้องนิทรรศการหมุนเวียน
A10: =ROW()-ROW(สำนักงาน!$A$6)+1 -> 5 | B10: ป้ายตัวหนังสือแผ่นทองเหลืองหนาไม่น้อยกว่า 0.7 มม กัดกรด 1 สี รองฐานป้าย MDF หนาไม่น้อยกว่า 8 มม. | C10: 401-631012-00297 | D10: 081-63-0023 | E10: 30 มี.ค. 63 | F10: 5136 | G10: งานพิพิธภัณฑ์ (มิวเซียม) | H10: √ | N10: ห้องสื่อมัลติมีเดีย
A11: =ROW()-ROW(สำนักงาน!$A$6)+1 -> 6 | B11: ป้ายตัวหนังสือแผ่นทองเหลืองหนาไม่น้อยกว่า 0.7 มม กัดกรด 1 สี รองฐานป้าย MDF หนาไม่น้อยกว่า 8 มม. | C11: 401-631012-00298 | D11: 081-63-0024 | E11: 30 มี.ค. 63 | F11: 5136 | G11: งานพิพิธภัณฑ์ (มิวเซียม) | H11: √ | N11: ห้องน้ำ
A12: =ROW()-ROW(สำนักงาน!$A$6)+1 -> 7 | B12: ป้ายตัวหนังสือแผ่นทองเหลืองหนาไม่น้อยกว่า 0.7 มม กัดกรด 1 สี รองฐานป้าย MDF หนาไม่น้อยกว่า 8 มม. | C12: 401-631012-00299 | D12: 081-63-0025 | E12: 30 มี.ค. 63 | F12: 5136 | G12: งานพิพิธภัณฑ์ (มิวเซียม) | H12: √ | N12: ห้องอเนกประสงค์
A13: =ROW()-ROW(สำนักงาน!$A$6)+1 -> 8 | B13: ป้ายตัวหนังสือแผ่นทองเหลืองหนาไม่น้อยกว่า 0.7 มม กัดกรด 1 สี รองฐานป้าย MDF หนาไม่น้อยกว่า 8 มม. | C13: 401-631012-00300 | D13: 081-63-0026 | E13: 30 มี.ค. 63 | F13: 5136 | G13: งานพิพิธภัณฑ์ (มิวเซียม) | H13: √ | N13: ห้องนิทรรศการถาวร
A14: =ROW()-ROW(สำนักงาน!$A$6)+1 -> 9 | B14: ป้ายตัวหนังสือแผ่นทองเหลืองหนาไม่น้อยกว่า 0.7 มม กัดกรด 1 สี รองฐานป้าย MDF หนาไม่น้อยกว่า 8 มม. | C14: 401-631012-00301 | D14: 081-63-0027 | E14: 30 มี.ค. 63 | F14: 5136 | G14: งานพิพิธภัณฑ์ (มิวเซียม) | H14: √ | N14: ห้องน้ำปีกขวาฝั่ง TK
A15: =ROW()-ROW(สำนักงาน!$A$6)+1 -> 10 | B15: ป้ายตัวหนังสือแผ่นทองเหลืองหนาไม่น้อยกว่า 0.7 มม กัดกรด 1 สี รองฐานป้าย MDF หนาไม่น้อยกว่า 8 มม. | C15: 401-631012-00302 | D15: 081-63-0028 | E15: 30 มี.ค. 63 | F15: 5136 | G15: งานพิพิธภัณฑ์ (มิวเซียม) | H15: √ | N15: ห้องประชุม
A16: =ROW()-ROW(สำนักงาน!$A$6)+1 -> 11 | B16: ป้ายตัวหนังสือแผ่นทองเหลืองหนาไม่น้อยกว่า 0.7 มม กัดกรด 1 สี รองฐานป้าย MDF หนาไม่น้อยกว่า 8 มม. | C16: 401-631012-00303 | D16: 081-63-0029 | E16: 30 มี.ค. 63 | F16: 5671 | G16: งานพิพิธภัณฑ์ (มิวเซียม) | H16: √ | N16: ห้องของที่ระลึก
A17: =ROW()-ROW(สำนักงาน!$A$6)+1 -> 12 | B17: ป้ายตัวหนังสือแผ่นทองเหลืองหนาไม่น้อยกว่า 0.7 มม กัดกรด 1 สี รองฐานป้าย MDF หนาไม่น้อยกว่า 8 มม. | C17: 401-631012-00304 | D17: 081-63-0030 | E17: 30 มี.ค. 63 | F17: 6206 | G17: งานพิพิธภัณฑ์ (มิวเซียม) | H17: √ | N17: ระหว่างทางเดินชั้น 1
... A22: =ROW()-ROW(สำนักงาน!$A$6)+1 -> 17 | B22: ป้ายประชาสัมพันธ์ตารางการแสดงอะคริลิคใส ขนาดไม่น้อยกว่า 31x39 ซม. หนาไม่น้อยกว่า 5 มม ประกบพร้อมน็อตโชว์สีน้ำเงิน | C22: 401-631012-00309 | D22: 081-63-0035 | E22: 30 มี.ค. 63 | F22: 1070 | G22: งานพิพิธภัณฑ์ (มิวเซียม) | H22: √ | N22: หน้าประตูทางเข้ามิวเซียม
A23: =ROW()-ROW(สำนักงาน!$A$6)+1 -> 18 | B23: ป้ายบอกเวลาเปิด-ปิดสแตนเลสกรดสีเงิน ขนาดไม่น้อยกว่า 40x30 ซม. หนาไม่น้อยกว่า 0.70 ซม กัดกรด 1 สี ยืดน็อต โชว์สีเงิน 4 ตัว | C23: 401-631012-00310 | D23: 081-63-0036 | E23: 30 มี.ค. 63 | F23: 5029 | G23: งานพิพิธภัณฑ์ (มิวเซียม) | H23: √
A24: =ROW()-ROW(สำนักงาน!$A$6)+1 -> 19 | B24: โครงสร้างสำหรับยืดป้ายพร้อมวัสดุหุ้ม | C24: 401-631012-00288 | D24: 081-63-0037 | E24: 28 เม.ย. 63 | F24: 242035.87 | G24: งานพิพิธภัณฑ์(มิวเซียม) | H24: √ | O24: =SUM(F6:F24) -> 320145.87
A25: =ROW()-ROW(สำนักงาน!$A$6)+1 -> 20 | B25: โต๊ะทำงานระดับ 1-2 | C25: 401-310301-00002 | D25: 400-31-1760 | E25: 11383 | F25: 1200 | G25: สำนักการศึกษา ชั้น 3 | J25: √ | N25: หน้าห้องผอ.สุ
A26: =ROW()-ROW(สำนักงาน!$A$6)+1 -> 21 | B26: โต๊ะวางเครื่องคอมพิวเตอร์ | C26: 401-400106-00001 | D26: 400-40-3285 | E26: 14616 | F26: 3500 | G26: สำนักการศึกษา ชั้น 3 | H26: √ | N26: ขวัญภิรมย์
A27: =ROW()-ROW(สำนักงาน!$A$6)+1 -> 22 | B27: โต๊ะวางคอมพิวเตอร์ | C27: 410-451001-00001 | D27: 400-45-3330 | E27: 16711 | F27: 8200 | G27: สำนักการศึกษา ชั้น 3 | J27: √ | N27: สิริรัตนา
A28: =ROW()-ROW(สำนักงาน!$A$6)+1 -> 23 | B28: โต๊ะทำงาน | C28: 401-460222-00002 | D28: 400-46-5360 | E28: 16855 | F28: 2300 | G28: สำนักการศึกษา | H28: √ | N28: ผอ.นก
A29: =ROW()-ROW(สำนักงาน!$A$6)+1 -> 24 | B29: โต๊ะพิมพ์ดีดยาว | C29: 401-460222-00003 | D29: 400-46-5362 | E29: 16855 | F29: 3500 | G29: สำนักการศึกษา ชั้น 3 | H29: √ | N29: พี่โฉม ถ่ายเอกสาร
A30: =ROW()-ROW(สำนักงาน!$A$6)+1 -> 25 | B30: โต๊ะพิมพ์ดีดยาว | C30: 401-460222-00004 | D30: 400-46-5363 | E30: 16855 | F30: 3500 | G30: สำนักการศึกษา ชั้น 3 | H30: √ | N30: พี่โฉม ถ่ายเอกสาร
A31: =ROW()-ROW(สำนักงาน!$A$6)+1 -> 26 | B31: โต๊ะทำงานเจ้าหน้าที่ DH 042 B | C31: 401-460930-00001 | D31: 400-46-5397 | E31: 17075 | F31: 8600 | G31: ห้องสมุดประชาชน | H31: √
A32: =ROW()-ROW(สำนักงาน!$A$6)+1 -> 27 | B32: โต๊ะทำงานเจ้าหน้าที่ DH 042 B | C32: 401-460930-00002 | D32: 400-46-5398 | E32: 17075 | F32: 8600 | G32: ห้องสมุดประชาชน | H32: √
A33: =ROW()-ROW(สำนักงาน!$A$6)+1 -> 28 | B33: โต๊ะทำงานเจ้าหน้าที่ DH 042 B | C33: 401-640128-00001 | D33: 400-46-5399 | E33: 17075 | F33: 8600 | G33: ห้องสมุดประชาชน | H33: √
A34: =ROW()-ROW(สำนักงาน!$A$6)+1 -> 29 | B34: โต๊ะนั่งดื่มทรงกลม | C34: 401-530131-00003 | D34: 400-53-0001 | E34: 31 ม.ค. 53 | F34: 3500 | G34: หอสมุดประชาชน | H34: √
A35: =ROW()-ROW(สำนักงาน!$A$6)+1 -> 30 | B35: โต๊ะกลางทรงสามเหลี่ยม | C35: 401-530131-00004 | D35: 400-53-0004 | E35: 31 ม.ค. 53 | F35: 6000 | G35: หอสมุดประชาชน | H35: √
A36: =ROW()-ROW(สำนักงาน!$A$6)+1 -> 31 | B36: โต๊ะกลางทรงสามเหลี่ยม | C36: 401-530131-00005 | D36: 400-53-0005 | E36: 31 ม.ค. 53 | F36: 6000 | G36: หอสมุดประชาชน | H36: √
A37: =ROW()-ROW(สำนักงาน!$A$6)+1 -> 32 | B37: ชุดโต๊ะสนามหินอ่อนลายดอกไม้+เก้าอี้ไม่มีพนักพิง 4 ตัว | C37: 401-580202-00002 | D37: 400-58-5959 | E37: 21218 | F37: 3006.7 | G37: หอสมุดประชาชน | H37: √
A38: =ROW()-ROW(สำนักงาน!$A$6)+1 -> 33 | B38: ชุดโต๊ะสนามหินอ่อนลายดอกไม้+เก้าอี้ไม่มีพนักพิง 4 ตัว | C38: 401-580202-00003 | D38: 400-58-5960 | E38: 21218 | F38: 3006.7 | G38: หอสมุดประชาชน | H38: √
A39: =ROW()-ROW(สำนักงาน!$A$6)+1 -> 34 | B39: ชุดโต๊ะสนามหินอ่อนลายดอกไม้+เก้าอี้ไม่มีพนักพิง 4 ตัว | C39: 401-580202-00004 | D39: 400-58-5961 | E39: 21218 | F39: 3006.7 | G39: หอสมุดประชาชน | H39: √
A40: =ROW()-ROW(สำนักงาน!$A$6)+1 -> 35 | B40: ชุดโต๊ะสนามหินอ่อนลายดอกไม้+เก้าอี้ไม่มีพนักพิง 4 ตัว | C40: 401-580202-00005 | D40: 400-58-5962 | E40: 21218 | F40: 3006.7 | G40: หอสมุดประชาชน | H40: √
A41: =ROW()-ROW(สำนักงาน!$A$6)+1 -> 36 | B41: ชุดโต๊ะสนามหินอ่อนลายดอกไม้+เก้าอี้ไม่มีพนักพิง 4 ตัว | C41: 401-580202-00006 | D41: 400-58-5963 | E41: 21218 | F41: 3006.7 | G41: หอสมุดประชาชน | H41: √
A42: =ROW()-ROW(สำนักงาน!$A$6)+1 -> 37 | B42: ชุดโต๊ะเหล็กชุบโครเมี่ยม+เก้าอี้มีพนักพิง 4 ตัว | C42: 401-580202-00007 | D42: 400-58-5952 | E42: 21218 | F42: 7029.9 | G42: หอสมุดประชาชน | H42: √
A43: =ROW()-ROW(สำนักงาน!$A$6)+1 -> 38 | B43: ชุดโต๊ะเหล็กชุบโครเมี่ยม+เก้าอี้มีพนักพิง 4 ตัว | C43: 401-580202-00008 | D43: 400-58-5964 | E43: 21218 | F43: 7029.9 | G43: หอสมุดประชาชน | H43: √
A44: =ROW()-ROW(สำนักงาน!$A$6)+1 -> 39 | B44: ชุดโต๊ะเหล็กชุบโครเมี่ยม+เก้าอี้มีพนักพิง 4 ตัว | C44: 401-580202-00009 | D44: 400-58-5965 | E44: 21218 | F44: 7029.9 | G44: หอสมุดประชาชน | H44: √
A45: =ROW()-ROW(สำนักงาน!$A$6)+1 -> 40 | B45: ชุดโต๊ะเหล็กชุบโครเมี่ยม+เก้าอี้มีพนักพิง 4 ตัว | C45: 401-580202-00010 | D45: 400-58-5966 | E45: 21218 | F45: 7029.9 | G45: หอสมุดประชาชน | H45: √
A46: =ROW()-ROW(สำนักงาน!$A$6)+1 -> 41 | B46: ชุดโต๊ะเหล็กชุบโครเมี่ยม+เก้าอี้มีพนักพิง 4 ตัว | C46: 401-580202-00011 | D46: 400-58-5967 | E46: 21218 | F46: 7029.9 | G46: หอสมุดประชาชน | H46: √
A47: =ROW()-ROW(สำนักงาน!$A$6)+1 -> 42 | B47: ชุดโต๊ะเหล็กชุบโครเมี่ยม+เก้าอี้มีพนักพิง 4 ตัว | C47: 401-580202-00012 | D47: 400-58-5968 | E47: 21218 | F47: 7029.9 | G47: หอสมุดประชาชน | H47: √
A48: =ROW()-ROW(สำนักงาน!$A$6)+1 -> 43 | B48: ชุดโต๊ะเหล็กชุบโครเมี่ยม+เก้าอี้มีพนักพิง 4 ตัว | C48: 401-580202-00013 | D48: 400-58-5969 | E48: 21218 | F48: 7029.9 | G48: หอสมุดประชาชน | H48: √
... A55: =ROW()-ROW(สำนักงาน!$A$6)+1 -> 50 | B55: ชุดโต๊ะไม้ยางพาราเด็ก+เก้าอี้เด็ก | C55: 401-580202-00020 | D55: 400-58-5958 | E55: 21218 | F55: 4975.5 | G55: หอสมุดประชาชน | H55: √
A56: =ROW()-ROW(สำนักงาน!$A$6)+1 -> 51 | B56: โต๊ะกลางบุด้วยกำมะหยี่สีน้ำเงิน | C56: 401-590311-00001 | D56: 400-59-6025 | E56: 11 มี.ค. 59 | F56: 2500 | G56: อุทยานการเรียนรู้ | H56: √ | O56: คืนให้ห้องสมุด 26/11/67
A57: =ROW()-ROW(สำนักงาน!$A$6)+1 -> 52 | B57: โต๊ะอ่านหนังสือลามิเนต ขนาด 80x120x75 ซม สีขาว | C57: 401-590526-00001 | D57: 400-59-6259 | E57: 26 พ.ค. 59 | F57: 6000 | G57: อุทยานการเรียนรู้ | H57: √
A58: =ROW()-ROW(สำนักงาน!$A$6)+1 -> 53 | B58: โต๊ะอ่านหนังสือลามิเนต ขนาด 80x120x75 ซม สีขาว | C58: 401-590526-00002 | D58: 400-59-6260 | E58: 26 พ.ค. 59 | F58: 6000 | G58: อุทยานการเรียนรู้ | H58: √
A59: =ROW()-ROW(สำนักงาน!$A$6)+1 -> 54 | B59: โต๊ะอ่านหนังสือลามิเนต ขนาด 80x120x75 ซม สีขาว | C59: 401-590526-00003 | D59: 400-59-6261 | E59: 26 พ.ค. 59 | F59: 6000 | G59: อุทยานการเรียนรู้ | H59: √
A60: =ROW()-ROW(สำนักงาน!$A$6)+1 -> 55 | B60: โต๊ะอ่านหนังสือลามิเนต ขนาด 80x120x75 ซม สีขาว | C60: 401-590526-00004 | D60: 400-59-6262 | E60: 26 พ.ค. 59 | F60: 6000 | G60: อุทยานการเรียนรู้ | H60: √
A61: =ROW()-ROW(สำนักงาน!$A$6)+1 -> 56 | B61: โต๊ะอ่านหนังสือลามิเนต ขนาด 80x120x75 ซม สีขาว | C61: 401-590526-00005 | D61: 400-59-6263 | E61: 26 พ.ค. 59 | F61: 6000 | G61: อุทยานการเรียนรู้ | H61: √
A62: =ROW()-ROW(สำนักงาน!$A$6)+1 -> 57 | B62: โต๊ะทำงาน หน้าโต๊ะปิดผิวเมลามีน มีลิ้นชักและมีกุญแจ | C62: 401-600717-00001 | D62: 400-60-6488 | E62: 17 ก.ค. 60 | F62: 4500 | G62: มิวเซี่ยม(ลำปาง) | H62: √
A63: =ROW()-ROW(สำนักงาน!$A$6)+1 -> 58 | B63: โต๊ะทำงาน หน้าโต๊ะปิดผิวเมลามีน มีลิ้นชักและมีกุญแจ | C63: 401-600717-00002 | D63: 400-60-6489 | E63: 17 ก.ค. 60 | F63: 4500 | G63: มิวเซี่ยม(ลำปาง) | H63: √ | N63: ห้องควบคุมระบบ ชั้น 2
A64: =ROW()-ROW(สำนักงาน!$A$6)+1 -> 59 | B64: โต๊ะทำงาน หน้าโต๊ะปิดผิวเมลามีน มีลิ้นชักและมีกุญแจ | C64: 401-600717-00003 | D64: 400-60-6490 | E64: 17 ก.ค. 60 | F64: 4500 | G64: มิวเซี่ยม(ลำปาง) | H64: √ | N64: ห้องของที่ระลึก
A65: =ROW()-ROW(สำนักงาน!$A$6)+1 -> 60 | B65: โต๊ะทำงาน หน้าโต๊ะปิดผิวเมลามีน มีลิ้นชักและมีกุญแจ | C65: 401-600717-00004 | D65: 400-60-6491 | E65: 17 ก.ค. 60 | F65: 4500 | G65: มิวเซี่ยม(ลำปาง) | H65: √ | N65: ห้องสำนักงาน
A66: =ROW()-ROW(สำนักงาน!$A$6)+1 -> 61 | B66: โต๊ะประชุม 12-20 ที่นั่ง ยี่ห้อ NOTECH | C66: 401-600717-00005 | D66: 400-60-6492 | E66: 17 ก.ค. 60 | F66: 36000 | G66: มิวเซี่ยม(ลำปาง) | H66: √ | N66: ห้องประชุม
A67: =ROW()-ROW(สำนักงาน!$A$6)+1 -> 62 | B67: โต๊ะวางคอมพิวเตอร์ หน้าโต๊ะปิดผิวเมลามีน | C67: 401-600717-00006 | D67: 400-60-6493 | E67: 17 ก.ค. 60 | F67: 3200 | G67: มิวเซี่ยม(ลำปาง) | H67: √
A68: =ROW()-ROW(สำนักงาน!$A$6)+1 -> 63 | B68: โต๊ะทำงาน 3 ลิ้นชัก เมลาท็อปหนา 2.5 มม. ขนาด 75x1 | C68: 401-631012-00245 | D68: 400-63-6664 | E68: 30 มี.ค. 63 | F68: 3745 | G68: งานพิพิธภัณฑ์ (มิวเซียม) | H68: √
A69: =ROW()-ROW(สำนักงาน!$A$6)+1 -> 64 | B69: โต๊ะทำงาน 3 ลิ้นชัก เมลาท็อปหนา 2.5 มม. ขนาด 75x1 | C69: 401-631012-00249 | D69: 400-63-6665 | E69: 30 มี.ค. 63 | F69: 3745 | G69: งานพิพิธภัณฑ์ (มิวเซียม) | H69: √ | N69: ห้องสำนักงาน
A70: =ROW()-ROW(สำนักงาน!$A$6)+1 -> 65 | B70: โต๊ะทำงาน 3 ลิ้นชัก เมลาท็อปหนา 2.5 มม. ขนาด 75x1 | C70: 401-631012-00250 | D70: 400-63-6666 | E70: 30 มี.ค. 63 | F70: 3745 | G70: งานพิพิธภัณฑ์ (มิวเซียม) | H70: √ | N70: ห้องสำนักงาน
A71: =ROW()-ROW(สำนักงาน!$A$6)+1 -> 66 | B71: โต๊ะทำงาน 3 ลิ้นชัก เมลาท็อปหนา 2.5 มม. ขนาด 75x1 | C71: 401-631012-00251 | D71: 400-63-6667 | E71: 30 มี.ค. 63 | F71: 3745 | G71: งานพิพิธภัณฑ์ (มิวเซียม) | H71: √
A72: =ROW()-ROW(สำนักงาน!$A$6)+1 -> 67 | B72: โต๊ะทำงานลิ้นชักเมลมิลท็อปหนา 2.2 มม. ขนาด 75X1 | C72: 401-631012-00316 | D72: 400-63-6668 | E72: 30 มี.ค. 63 | F72: 3745 | G72: งานพิพิธภัณฑ์ (มิวเซียม) | H72: √
A73: =ROW()-ROW(สำนักงาน!$A$6)+1 -> 68 | B73: โต๊ะทำงานลิ้นชักเมลมิลท็อปหนา 2.2 มม. ขนาด 75X1 | C73: 401-631012-00318 | D73: 400-63-6669 | E73: 30 มี.ค. 63 | F73: 3745 | G73: งานพิพิธภัณฑ์ (มิวเซียม) | H73: √ | N73: ห้องสำนักงาน
A74: =ROW()-ROW(สำนักงาน!$A$6)+1 -> 69 | B74: โต๊ะวางคอมพิวเตอร์หน้าโต๊ะปิดผิวเมลามิล มีชั้นวางคีย์บอร์ดและเมาส์โดยใช้รางเลื่อนมีลิ้นชักและกุญแจสำหรับเปิด-ปิดมีชั้นวาง CPU ขนาด 120x60x75 | C74: 401-631012-00336 | D74: 400-63-6670 | E74: 30 มี.ค. 63 | F74: 4280 | G74: งานพิพิธภัณฑ์ (มิวเซียม) | H74: √ | N74: ห้องของที่ระลึก
A75: =ROW()-ROW(สำนักงาน!$A$6)+1 -> 70 | B75: โต๊ะวางคอมพิวเตอร์หน้าโต๊ะปิดผิวเมลามิล มีชั้นวางคีย์บอร์ดและเมาส์โดยใช้รางเลื่อนมีลิ้นชักและกุญแจสำหรับเปิด-ปิดมีชั้นวาง CPU ขนาด 120x60x75 | C75: 401-631012-00337 | D75: 400-63-6671 | E75: 30 มี.ค. 63 | F75: 4280 | G75: งานพิพิธภัณฑ์ (มิวเซียม) | H75: √ | N75: ห้องของที่ระลึก
A76: =ROW()-ROW(สำนักงาน!$A$6)+1 -> 71 | B76: โต๊ะวางคอมพิวเตอร์หน้าโต๊ะปิดผิวเมลามิล มีชั้นวางคีย์บอร์ดและเมาส์โดยใช้รางเลื่อนมีลิ้นชักและกุญแจสำหรับเปิด-ปิดมีชั้นวาง CPU ขนาด 120x60x76 | C76: 401-631012-00338 | D76: 400-63-6672 | E76: 30 มี.ค. 63 | F76: 4280 | G76: งานพิพิธภัณฑ์ (มิวเซียม) | H76: √ | N76: ห้องของที่ระลึก
A77: =ROW()-ROW(สำนักงาน!$A$6)+1 -> 72 | B77: โต๊ะวางคอมพิวเตอร์หน้าโต๊ะปิดผิวเมลามิลมีชั้นวางคีย์บอร์ดและเมาส์โดยใช้รางเลื่อนมีลิ้นชักและกุญแจสำหรับเปิด-ปิดมีชั้นวาง CPU ขนาด 120x60x76 | C77: 401-631012-00339 | D77: 400-63-6673 | E77: 30 มี.ค. 63 | F77: 4280 | G77: งานพิพิธภัณฑ์ (มิวเซียม) | H77: √ | N77: ห้องของที่ระลึก
A78: =ROW()-ROW(สำนักงาน!$A$6)+1 -> 73 | B78: โต๊ะวางคอมพิวเตอร์หน้าโต๊ะปิดผิวเมลามิลมีชั้นวางคีย์บอร์ดและเมาส์โดยใช้รางเลื่อนมีลิ้นชักและกุญแจสำหรับเปิด-ปิดมีชั้นวาง CPU ขนาด 120x60x76 | C78: 401-631012-00340 | D78: 400-63-6674 | E78: 30 มี.ค. 63 | F78: 4280 | G78: งานพิพิธภัณฑ์ (มิวเซียม) | H78: √ | N78: ห้องของที่ระลึก
A79: =ROW()-ROW(สำนักงาน!$A$6)+1 -> 74 | B79: โต๊ะวางคอมพิวเตอร์หน้าโต๊ะปิดผิวเมลามิลมีชั้นวางคีย์บอร์ดและเมาส์โดยใช้รางเลื่อนมีลิ้นชักและกุญแจสำหรับเปิด-ปิดมีชั้นวาง CPU ขนาด 120x60x76 | C79: 401-631012-00341 | D79: 400-63-6675 | E79: 30 มี.ค. 63 | F79: 4280 | G79: งานพิพิธภัณฑ์ (มิวเซียม) | H79: √ | N79: ห้องประชุมเล็ก
A80: =ROW()-ROW(สำนักงาน!$A$6)+1 -> 75 | B80: โต๊ะวางคอมพิวเตอร์หน้าโต๊ะปิดผิวเมลามิล มีชั้นวางคีย์บอร์ดและเมาส์โดยใช้รางเลื่อนมีลิ้นชักและกุญแจสำหรับเปิด-ปิดมีชั้นวาง CPU ขนาด 120x60x77 | C80: 401-631012-00342 | D80: 400-63-6676 | E80: 30 มี.ค. 63 | F80: 4280 | G80: งานพิพิธภัณฑ์ (มิวเซียม) | H80: √ | N80: ห้องของที่ระลึก
A81: =ROW()-ROW(สำนักงาน!$A$6)+1 -> 76 | B81: โต๊ะวางคอมพิวเตอร์หน้าโต๊ะปิดผิวเมลามิลมีชั้นวางคีย์บอร์ดและเมาส์โดยใช้รางเลื่อนมีลิ้นชักและกุญแจสำหรับเปิด-ปิดมีชั้นวาง CPU ขนาด 120x60x77 | C81: 401-631012-00343 | D81: 400-63-6677 | E81: 30 มี.ค. 63 | F81: 4280 | G81: งานพิพิธภัณฑ์ (มิวเซียม) | H81: √ | N81: ห้องของที่ระลึก
A82: =ROW()-ROW(สำนักงาน!$A$6)+1 -> 77 | B82: โต๊ะพับเอนกประสงค์หน้าโต๊ะติดโฟเมก้าสีขาว โครงขาเหล็กชุบโครเมียม ขนาด 60x150x75 ซม. | C82: 401-640308-00001 | D82: 400-63-6678 | E82: 30 มี.ค. 63 | F82: 2140 | G82: งานพิพิธภัณฑ์ (มิวเซียม) | H82: √
A83: =ROW()-ROW(สำนักงาน!$A$6)+1 -> 78 | B83: โต๊ะพับเอนกประสงค์หน้าโต๊ะติดโฟเมก้าสีขาว โครงขาเหล็กชุบโครเมียม ขนาด 60x150x75 ซม. | C83: 401-640308-00002 | D83: 400-63-6679 | E83: 30 มี.ค. 63 | F83: 2140 | G83: งานพิพิธภัณฑ์ (มิวเซียม) | H83: √
A84: =ROW()-ROW(สำนักงาน!$A$6)+1 -> 79 | B84: โต๊ะพับเอนกประสงค์หน้าโต๊ะติดโฟเมก้าสีขาว โครงขาเหล็กชุบโครเมียม ขนาด 60x150x75 ซม. | C84: 401-640308-00003 | D84: 400-63-6680 | E84: 30 มี.ค. 63 | F84: 2140 | G84: งานพิพิธภัณฑ์ (มิวเซียม) | H84: √
A85: =ROW()-ROW(สำนักงาน!$A$6)+1 -> 80 | B85: โต๊ะพับเอนกประสงค์หน้าโต๊ะติดโฟเมก้าสีขาว โครงขาเหล็กชุบโครเมียม ขนาด 60x150x75 ซม. | C85: 401-640308-00004 | D85: 400-63-6681 | E85: 30 มี.ค. 63 | F85: 2140 | G85: งานพิพิธภัณฑ์ (มิวเซียม) | H85: √
A86: =ROW()-ROW(สำนักงาน!$A$6)+1 -> 81 | B86: โต๊ะพับเอนกประสงค์หน้าโต๊ะติดโฟเมก้าสีขาว โครงขาเหล็กชุบโครเมียม ขนาด 60x150x75 ซม. | C86: 401-640308-00005 | D86: 400-63-6682 | E86: 30 มี.ค. 63 | F86: 2140 | G86: งานพิพิธภัณฑ์ (มิวเซียม) | H86: √
A87: =ROW()-ROW(สำนักงาน!$A$6)+1 -> 82 | B87: โต๊ะพับเอนกประสงค์หน้าโต๊ะติดโฟเมก้าสีขาว โครงขาเหล็กชุบโครเมียม ขนาด 60x150x75 ซม. | C87: 401-640308-00006 | D87: 400-63-6683 | E87: 30 มี.ค. 63 | F87: 2140 | G87: งานพิพิธภัณฑ์ (มิวเซียม) | H87: √
A88: =ROW()-ROW(สำนักงาน!$A$6)+1 -> 83 | B88: โต๊ะพับเอนกประสงค์หน้าโต๊ะติดโฟเมก้าสีขาว โครงขาเหล็กชุบโครเมียม ขนาด 60x150x75 ซม. | C88: 401-640308-0007 | D88: 400-63-6684 | E88: 30 มี.ค. 63 | F88: 2140 | G88: งานพิพิธภัณฑ์ (มิวเซียม) | H88: √
A89: =ROW()-ROW(สำนักงาน!$A$6)+1 -> 84 | B89: โต๊ะพับเอนกประสงค์หน้าโต๊ะติดโฟเมก้าสีขาว โครงขาเหล็กชุบโครเมียม ขนาด 60x150x75 ซม. | C89: 401-640308-0008 | D89: 400-63-6685 | E89: 30 มี.ค. 63 | F89: 2140 | G89: งานพิพิธภัณฑ์ (มิวเซียม) | H89: √
A90: =ROW()-ROW(สำนักงาน!$A$6)+1 -> 85 | B90: โต๊ะพับเอนกประสงค์หน้าโต๊ะติดโฟเมก้าสีขาว โครงขาเหล็กชุบโครเมียม ขนาด 60x150x75 ซม. | C90: 401-640308-0009 | D90: 400-63-6686 | E90: 30 มี.ค. 63 | F90: 2140 | G90: งานพิพิธภัณฑ์ (มิวเซียม) | H90: √
A91: =ROW()-ROW(สำนักงาน!$A$6)+1 -> 86 | B91: โต๊ะพับเอนกประสงค์หน้าโต๊ะติดโฟเมก้าสีขาว โครงขาเหล็กชุบโครเมียม ขนาด 60x150x75 ซม. | C91: 401-640308-0010 | D91: 400-63-6687 | E91: 30 มี.ค. 63 | F91: 2140 | G91: งานพิพิธภัณฑ์ (มิวเซียม) | H91: √
A92: =ROW()-ROW(สำนักงาน!$A$6)+1 -> 87 | B92: โต๊ะพับเอนกประสงค์หน้าโต๊ะติดโฟเมก้าสีขาว โครงขาเหล็กชุบโครเมียม ขนาด 60x150x75 ซม. | C92: 401-640308-0011 | D92: 400-63-6688 | E92: 30 มี.ค. 63 | F92: 2140 | G92: งานพิพิธภัณฑ์ (มิวเซียม) | H92: √
A93: =ROW()-ROW(สำนักงาน!$A$6)+1 -> 88 | B93: โต๊ะพับเอนกประสงค์หน้าโต๊ะติดโฟเมก้าสีขาว โครงขาเหล็กชุบโครเมียม ขนาด 60x150x75 ซม. | C93: 401-640308-0012 | D93: 400-63-6689 | E93: 30 มี.ค. 63 | F93: 2140 | G93: งานพิพิธภัณฑ์ (มิวเซียม) | H93: √
... A101: =ROW()-ROW(สำนักงาน!$A$6)+1 -> 96 | B101: โต๊ะพับเอนกประสงค์หน้าโต๊ะติดโฟเมก้าสีขาว โครงขาเหล็กชุบโครเมียม ขนาด 60x150x75 ซม. | C101: 401-640308-0020 | D101: 400-63-6697 | E101: 30 มี.ค. 63 | F101: 2140 | G101: งานพิพิธภัณฑ์ (มิวเซียม) | H101: √
A102: =ROW()-ROW(สำนักงาน!$A$6)+1 -> 97 | B102: โต๊ะกลมสำหรับอ่านหนังสือหน้าโต๊ะปิดผิวเมลาเนต 100 ซม. สูง 75 ซม. | C102: 401-631012-00364 | D102: 400-63-6698 | E102: 30 มี.ค. 63 | F102: 3210 | G102: งานพิพิธภัณฑ์ (มิวเซียม) | H102: √ | N102: ห้องสมุด TK
A103: =ROW()-ROW(สำนักงาน!$A$6)+1 -> 98 | B103: โต๊ะกลมสำหรับอ่านหนังสือหน้าโต๊ะปิดผิวเมลาเนต 100 ซม. สูง 75 ซม. | C103: 401-631012-00365 | D103: 400-63-6699 | E103: 30 มี.ค. 63 | F103: 3210 | G103: งานพิพิธภัณฑ์ (มิวเซียม) | H103: √ | N103: ห้องสมุด TK
A104: =ROW()-ROW(สำนักงาน!$A$6)+1 -> 99 | B104: โต๊ะกลมสำหรับอ่านหนังสือหน้าโต๊ะปิดผิวเมลาเนต 100 ซม. สูง 75 ซม. | C104: 401-631012-00366 | D104: 400-63-6700 | E104: 30 มี.ค. 63 | F104: 3210 | G104: งานพิพิธภัณฑ์ (มิวเซียม) | H104: √ | N104: ห้องสมุด TK
A105: =ROW()-ROW(สำนักงาน!$A$6)+1 -> 100 | B105: โต๊ะกลมสำหรับอ่านหนังสือหน้าโต๊ะปิดผิวเมลาเนต 100 ซม. สูง 75 ซม. | C105: 401-631012-00367 | D105: 400-63-6701 | E105: 30 มี.ค. 63 | F105: 3210 | G105: งานพิพิธภัณฑ์ (มิวเซียม) | H105: √ | N105: ห้องสมุด TK
A106: =ROW()-ROW(สำนักงาน!$A$6)+1 -> 101 | B106: โต๊ะพับหน้าขาวปิดโฟเมก้า 180x75x75 | C106: 401-640903-00455 | D106: 400-64-6806 | E106: 28 ส.ค. 64 | F106: 2300 | G106: งานกีฬาและนันทนาการ | H106: √
A107: =ROW()-ROW(สำนักงาน!$A$6)+1 -> 102 | B107: โต๊ะพับหน้าขาวปิดโฟเมก้า 180x75x75 | C107: 401-640903-00456 | D107: 400-64-6807 | E107: 28 ส.ค. 64 | F107: 2300 | G107: งานกีฬาและนันทนาการ | H107: √
A108: =ROW()-ROW(สำนักงาน!$A$6)+1 -> 103 | B108: โต๊ะพับหน้าขาวปิดโฟเมก้า 180x75x75 | C108: 401-640903-00458 | D108: 400-64-6809 | E108: 28 ส.ค. 64 | F108: 2300 | G108: งานกีฬาและนันทนาการ | H108: √
A109: =ROW()-ROW(สำนักงาน!$A$6)+1 -> 104 | B109: โต๊ะพับหน้าขาวปิดโฟเมก้า 180x75x75 | C109: 401-640903-00459 | D109: 400-64-6810 | E109: 28 ส.ค. 64 | F109: 2300 | G109: งานกีฬาและนันทนาการ | H109: √
A110: =ROW()-ROW(สำนักงาน!$A$6)+1 -> 105 | B110: โต๊ะพับหน้าขาวปิดโฟเมก้า 180x75x75 | C110: 401-640903-00460 | D110: 400-64-6811 | E110: 28 ส.ค. 64 | F110: 2300 | G110: งานกีฬาและนันทนาการ | H110: √
A111: =ROW()-ROW(สำนักงาน!$A$6)+1 -> 106 | B111: โต๊ะพับหน้าขาวปิดโฟเมก้า 180x75x75 | C111: 401-640903-00461 | D111: 400-64-6812 | E111: 28 ส.ค. 64 | F111: 2300 | G111: งานกีฬาและนันทนาการ | H111: √
A112: =ROW()-ROW(สำนักงาน!$A$6)+1 -> 107 | B112: โต๊ะพับหน้าขาวปิดโฟเมก้า 180x75x75 | C112: 401-640903-00462 | D112: 400-64-6813 | E112: 28 ส.ค. 64 | F112: 2300 | G112: งานกีฬาและนันทนาการ | H112: √
A113: =ROW()-ROW(สำนักงาน!$A$6)+1 -> 108 | B113: โต๊ะพับหน้าขาวปิดโฟเมก้า 180x75x75 | C113: 401-640903-00463 | D113: 400-64-6814 | E113: 28 ส.ค. 64 | F113: 2300 | G113: งานกีฬาและนันทนาการ | H113: √
A114: =ROW()-ROW(สำนักงาน!$A$6)+1 -> 109 | B114: โต๊ะพับหน้าขาวปิดโฟเมก้า 180x75x75 | C114: 401-640903-00464 | D114: 400-64-6815 | E114: 28 ส.ค. 64 | F114: 2300 | G114: งานกีฬาและนันทนาการ | H114: √
A115: =ROW()-ROW(สำนักงาน!$A$6)+1 -> 110 | B115: โต๊ะพับหน้าขาวปิดโฟเมก้า 180x75x75 | C115: 401-640903-00465 | D115: 400-64-6816 | E115: 28 ส.ค. 64 | F115: 2300 | G115: งานกีฬาและนันทนาการ | H115: √
A116: =ROW()-ROW(สำนักงาน!$A$6)+1 -> 111 | B116: โต๊ะพับหน้าขาวปิดโฟเมก้า 180x75x75 | C116: 401-640903-00466 | D116: 400-64-6817 | E116: 28 ส.ค. 64 | F116: 2300 | G116: งานกีฬาและนันทนาการ | H116: √
A117: =ROW()-ROW(สำนักงาน!$A$6)+1 -> 112 | B117: โต๊ะพับหน้าขาวปิดโฟเมก้า 180x75x75 | C117: 401-640903-00467 | D117: 400-64-6818 | E117: 28 ส.ค. 64 | F117: 2300 | G117: งานกีฬาและนันทนาการ | H117: √
...

Sheet คอมพิวเตอร์
A1: ทะเบียนรายงานผลการตรวจนับครุภัณฑ์ของสำนักการศึกษา ประจำปี 2567
A2: ณ วันที่ 30 กันยายน 2567 (เทศบัญญัติ)
A3: ครุภัณฑ์คอมพิวเตอร์
A4: ลำดับที่ | B4: รายการ | C4: หมายเลข E-laas | D4: หมายเลขครุภัณฑ์ | E4: วัน เดือน ปี ที่ได้มา | F4: ราคาที่ได้มา | G4: สถานที่ใช้งาน | H4: สภาพครุภัณฑ์
H5: ใช้ได้ | I5: ชำรุด | J5: เสื่อมสภาพ | K5: สูญหาย | L5: เก็บไว้นาน | M5: หมดความจำเป็น | N5: หมายเหตุ
A6: =ROW()-ROW($A$6)+1 -> 1 | B6: คอมพิวเตอร์ (CPU) | C6: 410-640217-00001 | D6: 416-45-0168 | E6: 19 ก.ค. 45 | F6: 34975 | G6: สำนักการศึกษา ชั้น 3 | I6: √ | N6: ผู้ช่วยคอมฯ | O6: =F6+F10+F11+F12+F15+F16+F17+F18+F19+F20+F21+F22+F25+F26+F28+F29+F30+F31+F32+F33+F27+F48+F50+F51+F52+F53+F54+F55+F56+F57+F58+F59+F60+F62+F64+F66+F79+F80+F83+F84+F89+F91+F93+F95+F97+F113+F114+F115+F116+F117+F123+F135+F136+F137+F138+F139+F140+F141+F142+F143+F144+F145+F146+F147+F148+F149+F150+F151+F152+F167+F168+F176+F178+F180+F182+F184+F186+F208+F209+F212+F214+F216+F218+F220+F222+F224+F226+F228+F230+F259+F260+F262+F261+F263+F273+F275+F277+F280+F281+F282+F283+F284+F287+F288+F293 -> 2610513
A7: =ROW()-ROW($A$6)+1 -> 2 | B7: จอ LCD | C7: 410-501018-00027 | D7: 416-50-0352 | E7: 18 ต.ค. 50 | F7: 5000 | G7: สำนักการศึกษา ชั้น 2 | I7: √ | N7: วก. กิ๊บชั้น 2 | O7: =F7+F13+F14+F23+F24+F34+F35+F36+F37+F38+F39+F40+F41+F42+F45+F61+F63+F65+F77+F78+F81+F82+F88+F90+F92+F94+F96+F177+F179+F181+F183+F185+F187+F213+F215+F217+F219+F221+F223+F225+F227+F229+F231+F242+F243+F244+F245+F246 -> 175005
A8: =ROW()-ROW($A$6)+1 -> 3 | B8: เครื่องสำรองไฟลูกข่าย | C8: 410-510529-00073 | D8: 416-51-0417 | E8: 29 พ.ค. 51 | F8: 7000 | G8: สำนักการศึกษา ชั้น 2 | H8: √ | N8: วก.นิติรัฐ | O8: =F8+F44+F68+F69+F98+F99+F100+F101+F102+F122+F153+F154+F155+F156+F157+F158+F159+F160+F161+F162+F163+F164+F165+F166+F171+F172+F173+F174+F175+F188+F189+F190+F191+F192+F193+F194+F195+F196+F197+F198+F199+F200+F201+F232+F233+F234+F235+F236+F237+F238+F239+F240+F241+F247+F248+F249+F250+F251+F264+F265+F266+F267+F268+F289+F290+F291+F292 -> 395910
A9: =ROW()-ROW($A$6)+1 -> 4 | B9: เครื่องพิมพ์ HP ลูกข่าย | C9: 410-510529-00078 | D9: 416-51-0452 | E9: 29 พ.ค. 51 | F9: 6140 | G9: สำนักการศึกษา ชั้น 3 | I9: √ | N9: วก.นิติรัฐ | O9: =F9+F47+F46+F49+F67+F85+F86+F87+F103+F104+F119+F169+F170+F202+F203+F204+F205+F206+F207+F210+F211+F252+F253+F254+F255+F256+F269+F270+F271+F272+F279+F278+F285+F286 -> 242850
A10: =ROW()-ROW($A$6)+1 -> 5 | B10: เครื่องคอมพิวเตอร์ CPU | C10: 410-520701-00052 | D10: 416-52-0529 | E10: 1 ก.ค. 52 | F10: 34600 | G10: สำนักการศึกษา ชั้น 2 | I10: √ | N10: วก.นิติรัฐ
A11: =ROW()-ROW($A$6)+1 -> 6 | B11: เครื่องคอมพิวเตอร์ CPU | C11: 410-520701-00053 | D11: 416-52-0530 | E11: 1 ก.ค. 52 | F11: 34600 | G11: สำนักการศึกษา ชั้น 2 | H11: √ | N11: วก.ธนศวรรณ
A12: =ROW()-ROW($A$6)+1 -> 7 | B12: เครื่องคอมพิวเตอร์ CPU | C12: 410-520701-00054 | D12: 416-52-0531 | E12: 1 ก.ค. 52 | F12: 34600 | G12: สำนักการศึกษา ชั้น 2 | H12: √ | N12: พี่อ้อ วก.
A13: =ROW()-ROW($A$6)+1 -> 8 | B13: จอภาพ LCD 20 นิ้ว | C13: 410-520701-00055 | D13: 416-52-0541 | E13: 1 ก.ค. 52 | F13: 5300 | G13: สำนักการศึกษา ชั้น 2 | H13: √ | N13: นิติรัฐ
A14: =ROW()-ROW($A$6)+1 -> 9 | B14: จอภาพ LCD 20 นิ้ว | C14: 410-520701-00057 | D14: 416-52-0543 | E14: 1 ก.ค. 52 | F14: 5300 | G14: สำนักการศึกษา ชั้น 3 | H14: √ | N14: วก. พี่อ้อ
A15: =ROW()-ROW($A$6)+1 -> 10 | B15: เครื่องคอมพิวเตอร์ ยี่ห้อ Compag Atom | C15: 410-530216-00001 | D15: 416-53-0001 | E15: 16 ก.พ. 53 | F15: 13900 | G15: หอสมุดประชาชน | H15: √
A16: =ROW()-ROW($A$6)+1 -> 11 | B16: เครื่องคอมพิวเตอร์ ยี่ห้อ Compag Atom | C16: 410-530216-00005 | D16: 416-53-0005 | E16: 16 ก.พ. 53 | F16: 13900 | G16: หอสมุดประชาชน | H16: √
A17: =ROW()-ROW($A$6)+1 -> 12 | B17: เครื่องคอมพิวเตอร์ ยี่ห้อ Compag Atom | C17: 410-530216-00006 | D17: 416-53-0006 | E17: 16 ก.พ. 53 | F17: 13900 | G17: หอสมุดประชาชน | H17: √
A18: =ROW()-ROW($A$6)+1 -> 13 | B18: เครื่องคอมพิวเตอร์ ยี่ห้อ Compag Atom | C18: 410-530216-00007 | D18: 416-53-0007 | E18: 16 ก.พ. 53 | F18: 13900 | G18: หอสมุดประชาชน | H18: √
A19: =ROW()-ROW($A$6)+1 -> 14 | B19: เครื่องคอมพิวเตอร์ Set ประกอบ | C19: 410-530304-00010 | D19: 416-53-0018 | E19: 4 มี.ค. 53 | F19: 13900 | G19: หอสมุดประชาชน | H19: √
A20: =ROW()-ROW($A$6)+1 -> 15 | B20: เครื่องคอมพิวเตอร์ Set ประกอบ | C20: 410-530304-00016 | D20: 416-53-0024 | E20: 4 มี.ค. 53 | F20: 13900 | G20: หอสมุดประชาชน | H20: √
A21: =ROW()-ROW($A$6)+1 -> 16 | B21: เครื่องคอมพิวเตอร์ Set ประกอบ | C21: 410-530304-00019 | D21: 416-53-0027 | E21: 4 มี.ค. 53 | F21: 13900 | G21: หอสมุดประชาชน | H21: √
A22: =ROW()-ROW($A$6)+1 -> 17 | B22: คอมพิวเตอร์ Acer | C22: 410-630217-00001 | D22: 416-55-0698 | E22: 20311 | F22: 21900 | G22: สำนักการศึกษา ชั้น 2 | H22: √ | N22: วก.รัญญากร
A23: =ROW()-ROW($A$6)+1 -> 18 | B23: จอภาพ ACER | C23: 410-550810-00029 | D23: 416-55-0688 | E23: 20311 | F23: 6550 | G23: สำนักการศึกษา ชั้น 3 | H23: √ | N23: ณัฐธิดา | O23: คลังเป็นเครื่องสำรองไฟ
A24: =ROW()-ROW($A$6)+1 -> 19 | B24: จอภาพ Acer | C24: 410-550810-00028 | D24: 416-55-0687 | E24: 20311 | F24: 6550 | G24: สำนักการศึกษา ชั้น2 | I24: √ | N24: วก.นิติรัฐ | O24: คลังเป็นเครื่องสำรองไฟ
A25: =ROW()-ROW($A$6)+1 -> 20 | B25: คอมพิวเตอร์ ACER Veriton (CPU) | C25: 410-630217-00002 | D25: 416-55-0699 | E25: 20311 | F25: 21900 | G25: สำนักการศึกษา ชั้น 3 | H25: √ | N25: วก.นิติรัฐ
A26: =ROW()-ROW($A$6)+1 -> 21 | B26: (CPU) คอมพิวเตอร์ตั้งโต๊ะแม่ข่าย | C26: 410-580202-00001 | D26: 416-58-1705 | E26: 21218 | F26: 127540 | G26: หอสมุดประชาชน | H26: √
A27: =ROW()-ROW($A$6)+1 -> 22 | B27: เครื่องคอมพิวเตอร์สำหรับประมวลผล แบบที่ 2 | C27: 410-600607-00016 | D27: 416-60-1284 | E27: 7 มิ.ย. 60 | F27: 23800 | G27: มิวเซี่ยม(ลำปาง) | H27: √ | N27: อรทัย
A28: =ROW()-ROW($A$6)+1 -> 23 | B28: (CPU) เครื่องคอมพิวเตอร์ สำหรับประมวลผล แบบที่ 1 ขนาดไม่น้อยกว่า 18 นิ้ว | C28: 410-580521-00001 | D28: 416-58-1525 | E28: 21 พ.ค. 58 | F28: 10550 | G28: หอสมุดประชาชน | H28: √ | N28: นิมิตร
A29: =ROW()-ROW($A$6)+1 -> 24 | B29: (CPU) เครื่องคอมพิวเตอร์ สำหรับประมวลผล แบบที่ 1 ขนาดไม่น้อยกว่า 18 นิ้ว | C29: 410-580521-00002 | D29: 416-58-1526 | E29: 21 พ.ค. 58 | F29: 10550 | G29: หอสมุดประชาชน | H29: √
A30: =ROW()-ROW($A$6)+1 -> 25 | B30: (CPU) เครื่องคอมพิวเตอร์ สำหรับประมวลผล แบบที่ 1 ขนาดไม่น้อยกว่า 18 นิ้ว | C30: 410-580521-00004 | D30: 416-58-1528 | E30: 21 พ.ค. 58 | F30: 10550 | G30: หอสมุดประชาชน | H30: √
A31: =ROW()-ROW($A$6)+1 -> 26 | B31: (CPU) เครื่องคอมพิวเตอร์ สำหรับประมวลผล แบบที่ 1 ขนาดไม่น้อยกว่า 18 นิ้ว | C31: 410-580521-00006 | D31: 416-58-1530 | E31: 21 พ.ค. 58 | F31: 10550 | G31: หอสมุดประชาชน | H31: √
A32: =ROW()-ROW($A$6)+1 -> 27 | B32: (CPU) เครื่องคอมพิวเตอร์ สำหรับประมวลผล แบบที่ 1 ขนาดไม่น้อยกว่า 18 นิ้ว | C32: 410-580521-00009 | D32: 416-58-1533 | E32: 21 พ.ค. 58 | F32: 10550 | G32: หอสมุดประชาชน | H32: √
A33: =ROW()-ROW($A$6)+1 -> 28 | B33: (CPU) เครื่องคอมพิวเตอร์ สำหรับประมวลผล แบบที่ 1 ขนาดไม่น้อยกว่า 18 นิ้ว | C33: 410-580521-00010 | D33: 416-58-1534 | E33: 21 พ.ค. 58 | F33: 10550 | G33: หอสมุดประชาชน | H33: √
A34: =ROW()-ROW($A$6)+1 -> 29 | B34: (จอ) คอมพิวเตอร์ตั้งโต๊ะแม่ข่าย | C34: 410-580202-00002 | D34: 416-58-1894 | E34: 2 ก.พ. 58 | F34: 3000 | G34: หอสมุดประชาชน | H34: √
A35: =ROW()-ROW($A$6)+1 -> 30 | B35: (จอ) เครื่องคอมพิวเตอร์ สำหรับประมวลผล แบบที่ 1 (ขนาดไม่น้อยกว่า 18 นิ้ว) | C35: 410-580521-00011 | D35: 416-58-1895 | E35: 21 พ.ค. 58 | F35: 3000 | G35: หอสมุดประชาชน | I35: √
A36: =ROW()-ROW($A$6)+1 -> 31 | B36: (จอ) เครื่องคอมพิวเตอร์ สำหรับประมวลผล แบบที่ 1 (ขนาดไม่น้อยกว่า 18 นิ้ว) | C36: 410-580521-00013 | D36: 416-58-1897 | E36: 21 พ.ค. 58 | F36: 3000 | G36: หอสมุดประชาชน | I36: √
A37: =ROW()-ROW($A$6)+1 -> 32 | B37: (จอ) เครื่องคอมพิวเตอร์ สำหรับประมวลผล แบบที่ 1 (ขนาดไม่น้อยกว่า 18 นิ้ว) | C37: 410-580521-00014 | D37: 416-58-1898 | E37: 21 พ.ค. 58 | F37: 3000 | G37: หอสมุดประชาชน | I37: √
A38: =ROW()-ROW($A$6)+1 -> 33 | B38: (จอ) เครื่องคอมพิวเตอร์ สำหรับประมวลผล แบบที่ 1 (ขนาดไม่น้อยกว่า 18 นิ้ว) | C38: 410-580521-00015 | D38: 416-58-1899 | E38: 21 พ.ค. 58 | F38: 3000 | G38: หอสมุดประชาชน | H38: √
A39: =ROW()-ROW($A$6)+1 -> 34 | B39: (จอ) เครื่องคอมพิวเตอร์ สำหรับประมวลผล แบบที่ 1 (ขนาดไม่น้อยกว่า 18 นิ้ว) | C39: 410-580521-00016 | D39: 416-58-1900 | E39: 21 พ.ค. 58 | F39: 3000 | G39: หอสมุดประชาชน | I39: √
A40: =ROW()-ROW($A$6)+1 -> 35 | B40: (จอ) เครื่องคอมพิวเตอร์ สำหรับประมวลผล แบบที่ 1 (ขนาดไม่น้อยกว่า 18 นิ้ว) | C40: 410-580521-00017 | D40: 416-58-1901 | E40: 21 พ.ค. 58 | F40: 3000 | G40: หอสมุดประชาชน | I40: √
A41: =ROW()-ROW($A$6)+1 -> 36 | B41: (จอ) เครื่องคอมพิวเตอร์ สำหรับประมวลผล แบบที่ 1 (ขนาดไม่น้อยกว่า 18 นิ้ว) | C41: 410-580521-00018 | D41: 416-58-1902 | E41: 21 พ.ค. 58 | F41: 3000 | G41: หอสมุดประชาชน | I41: √
A42: =ROW()-ROW($A$6)+1 -> 37 | B42: (จอ) เครื่องคอมพิวเตอร์ สำหรับประมวลผล แบบที่ 1 (ขนาดไม่น้อยกว่า 18 นิ้ว) | C42: 410-580521-00019 | D42: 416-58-1903 | E42: 21 พ.ค. 58 | F42: 3000 | G42: หอสมุดประชาชน | H42: √
A43: =ROW()-ROW($A$6)+1 -> 38 | B43: โปรแกรมลงคำปฎิญาณ (ซอฟแวร์) | C43: 410-640208-00001 | D43: 416-59-1706 | E43: 25 พ.ย. 58 | F43: 165000 | G43: พิพิธภัณฑ์หอปูมละกอน | H43: √ | O43: =F43+F105+F106+F107+F112+F295 -> 677114.18
A44: =ROW()-ROW($A$6)+1 -> 39 | B44: เครื่องสำรองไฟฟ้า ขนาด 1 kva ยี่ห้อ Zicorn | C44: 410-600607-00005 | D44: 416-60-1286 | E44: 7 มิ.ย. 60 | F44: 5800 | G44: มิวเซี่ยม(ลำปาง) | H44: √ | N44: อรทัย
A45: =ROW()-ROW($A$6)+1 -> 40 | B45: จอคอมพิวเตอร์ ขนาด 18.5 นิ้ว | C45: 410-600607-00001 | D45: 416-60-1289 | E45: 7 มิ.ย. 60 | F45: 5000 | G45: มิวเซี่ยม(ลำปาง) | H45: √ | N45: อรทัย
A46: =ROW()-ROW($A$6)+1 -> 41 | B46: เครื่องพิมพ์ Multifunction ยี่ห้อ Brother | C46: 410-600607-00004 | D46: 416-60-1288 | E46: 7 มิ.ย. 60 | F46: 16900 | G46: สำนักการศึกษา ชั้น 2 | H46: √ | N46: พิมพร
A47: =ROW()-ROW($A$6)+1 -> 42 | B47: เครื่องพิมพ์ชนิดเลเซอร์ Fuji Xerox รุ่น Cp305d | C47: 410-600607-00003 | D47: 416-60-1285 | E47: 7 มิ.ย. 60 | F47: 11900 | G47: มิวเซี่ยม(ลำปาง) | H47: √ | N47: ห้องสำนักงาน
A48: =ROW()-ROW($A$6)+1 -> 43 | B48: เครื่องคอมพิวเตอร์โน๊ตบุ๊ค ยี่ห้อ Acer รุ่น Aspire E5 | C48: 410-600607-00017 | D48: 416-60-1287 | E48: 7 มิ.ย. 60 | F48: 20800 | G48: สำนักการศึกษา ชั้น 2 | H48: √ | N48: ศุภณัฐ
A49: =ROW()-ROW($A$6)+1 -> 44 | B49: เครื่องพิมพ์แบบฉีดหมึก(Inkjet Printer) Canon | C49: 410-600607-00002 | D49: 416-60-1283 | E49: 7 มิ.ย. 60 | F49: 4200 | G49: อุทยานการเรียนรู้ | H49: √
A50: =ROW()-ROW($A$6)+1 -> 45 | B50: คอมพิวเตอร์แท็ปเล็ต ยี่ห้อซัมซุง รุ่นGalaxy-Ta | C50: 410-600607-00006 | D50: 416-60-1273 | E50: 7 มิ.ย. 60 | F50: 19800 | G50: อุทยานการเรียนรู้ | H50: √
A51: =ROW()-ROW($A$6)+1 -> 46 | B51: คอมพิวเตอร์แท็ปเล็ต ยี่ห้อซัมซุง รุ่นGalaxy-Ta | C51: 410-600607-00007 | D51: 416-60-1274 | E51: 7 มิ.ย. 60 | F51: 19800 | G51: อุทยานการเรียนรู้ | H51: √
A52: =ROW()-ROW($A$6)+1 -> 47 | B52: คอมพิวเตอร์แท็ปเล็ต ยี่ห้อซัมซุง รุ่นGalaxy-Ta | C52: 410-600607-00008 | D52: 416-60-1275 | E52: 7 มิ.ย. 60 | F52: 19800 | G52: อุทยานการเรียนรู้ | H52: √
A53: =ROW()-ROW($A$6)+1 -> 48 | B53: คอมพิวเตอร์แท็ปเล็ต ยี่ห้อซัมซุง รุ่นGalaxy-Ta | C53: 410-600607-00009 | D53: 416-60-1276 | E53: 7 มิ.ย. 60 | F53: 19800 | G53: อุทยานการเรียนรู้ | H53: √
A54: =ROW()-ROW($A$6)+1 -> 49 | B54: คอมพิวเตอร์แท็ปเล็ต ยี่ห้อซัมซุง รุ่นGalaxy-Ta | C54: 410-600607-00010 | D54: 416-60-1277 | E54: 7 มิ.ย. 60 | F54: 19800 | G54: อุทยานการเรียนรู้ | H54: √
A55: =ROW()-ROW($A$6)+1 -> 50 | B55: คอมพิวเตอร์แท็ปเล็ต ยี่ห้อซัมซุง รุ่นGalaxy-Ta | C55: 410-600607-00011 | D55: 416-60-1278 | E55: 7 มิ.ย. 60 | F55: 19800 | G55: อุทยานการเรียนรู้ | H55: √
A56: =ROW()-ROW($A$6)+1 -> 51 | B56: คอมพิวเตอร์แท็ปเล็ต ยี่ห้อซัมซุง รุ่นGalaxy-Ta | C56: 410-600607-00012 | D56: 416-60-1279 | E56: 7 มิ.ย. 60 | F56: 19800 | G56: อุทยานการเรียนรู้ | H56: √
A57: =ROW()-ROW($A$6)+1 -> 52 | B57: คอมพิวเตอร์แท็ปเล็ต ยี่ห้อซัมซุง รุ่นGalaxy-Ta | C57: 410-600607-00013 | D57: 416-60-1280 | E57: 7 มิ.ย. 60 | F57: 19800 | G57: อุทยานการเรียนรู้ | H57: √
A58: =ROW()-ROW($A$6)+1 -> 53 | B58: คอมพิวเตอร์แท็ปเล็ต ยี่ห้อซัมซุง รุ่นGalaxy-Ta | C58: 410-600607-00014 | D58: 416-60-1281 | E58: 7 มิ.ย. 60 | F58: 19800 | G58: อุทยานการเรียนรู้ | H58: √
A59: =ROW()-ROW($A$6)+1 -> 54 | B59: คอมพิวเตอร์แท็ปเล็ต ยี่ห้อซัมซุง รุ่นGalaxy-Ta | C59: 410-600607-00015 | D59: 416-60-1282 | E59: 7 มิ.ย. 60 | F59: 19800 | G59: อุทยานการเรียนรู้ | H59: √
A60: =ROW()-ROW($A$6)+1 -> 55 | B60: เครื่องคอมพิวเตอร์ ยี่ห้อ Acer รุ่น Verition Essential S2710G | C60: 410-621111-00040 | D60: 416-62-1319 | E60: 16 ต.ค. 61 | F60: 20000 | G60: มิวเซี่ยม(ลำปาง) | H60: √ | N60: ห้องของที่ระลึก
A61: =ROW()-ROW($A$6)+1 -> 56 | B61: จอภาพ ยี่ห้อ Acer ขนาด 19.5 นิ้ว | C61: 410-621111-00041 | D61: 416-62-1320 | E61: 16 ต.ค. 61 | F61: 5500 | G61: มิวเซี่ยม(ลำปาง) | H61: √ | N61: ห้องของที่ระลึก
A62: =ROW()-ROW($A$6)+1 -> 57 | B62: เครื่องคอมพิวเตอร์ ยี่ห้อ Acer รุ่น Verition Essential S2710G | C62: 410-621111-00042 | D62: 416-62-1321 | E62: 16 ต.ค. 61 | F62: 20000 | G62: มิวเซี่ยม(ลำปาง) | H62: √ | N62: ห้องของที่ระลึก
A63: =ROW()-ROW($A$6)+1 -> 58 | B63: จอภาพ ยี่ห้อ Acer ขนาด 19.5 นิ้ว | C63: 410-621111-00043 | D63: 416-62-1322 | E63: 16 ต.ค. 61 | F63: 5500 | G63: มิวเซี่ยม(ลำปาง) | H63: √ | N63: ห้องของที่ระลึก
A64: =ROW()-ROW($A$6)+1 -> 59 | B64: เครื่องคอมพิวเตอร์โน๊ตบุ๊ค ยี่ห้อ Acer รุ่น TMP249 พร้อมกระเป๋า และ Mouse ML | C64: 410-621111-00044 | D64: 416-62-1323 | E64: 16 ต.ค. 61 | F64: 18000 | G64: มิวเซี่ยม(ลำปาง) | H64: √
A65: =ROW()-ROW($A$6)+1 -> 60 | B65: จอคอมพิวเตอร์แม่ข่าย ยี่ห้อ Acer รุ่น AT350 F3 | C65: 410-631012-00049 | D65: 416-63-1394 | E65: 8 ต.ค. 62 | F65: 2900 | G65: มิวเซียมลำปาง | H65: √ | N65: ห้องจัดเตรียมกิจกรรม
A66: =ROW()-ROW($A$6)+1 -> 61 | B66: CPU คอมพิวเตอร์แม่ข่าย แบบที่ 1 ยี่ห้อ Acer รุ่น AT350 F3 | C66: 410-631012-00050 | D66: 416-63-1395 | E66: 8 ต.ค. 62 | F66: 78000 | G66: มิวเซียมลำปาง | H66: √ | N66: ห้องสำนักงาน
A67: =ROW()-ROW($A$6)+1 -> 62 | B67: เครื่องพิมพ์เลเซอร์ ชนิด Network แบบที่ 1 ยี่ห้อ Pantum | C67: 410-631012-00051 | D67: 416-63-1406 | E67: 8 ต.ค. 62 | F67: 5550 | G67: มิวเซียมลำปาง | H67: √ | N67: ห้องจัดเตรียมกิจกรรม
A68: =ROW()-ROW($A$6)+1 -> 63 | B68: เครื่องสำรองไฟ ขนาด 2KVA ยี่ห้อ Syndome รุ่น Atom-2000LCD | C68: 410-631012-00052 | D68: 416-63-1417 | E68: 8 ต.ค. 62 | F68: 9250 | G68: มิวเซียมลำปาง | I68: √ | N68: ห้องจัดเตรียมกิจกรรม
A69: =ROW()-ROW($A$6)+1 -> 64 | B69: เครื่องสำรองไฟ ขนาด 3KVA ยี่ห้อ Syndome รุ่น HERT-3k | C69: 410-631012-00053 | D69: 416-63-1418 | E69: 8 ต.ค. 62 | F69: 30100 | G69: มิวเซียมลำปาง | H69: √ | N69: ห้องระบบ TK
A70: =ROW()-ROW($A$6)+1 -> 65 | B70: อุปกรณ์กระจายสัญญาณ(L2 Switch) ขนาด 24 ช่อง ยี่ห้อ TP-Link | C70: 410-631012-00054 | D70: 416-63-1419 | E70: 8 ต.ค. 62 | F70: 3650 | G70: มิวเซียมลำปาง | H70: √ | N70: ห้องอ่านหนังสือ TK
A71: =ROW()-ROW($A$6)+1 -> 66 | B71: อุปกรณ์กระจายสัญญาณ(L2 Switch) ขนาด 24 ช่อง ยี่ห้อ TP-Link | C71: 410-631012-00055 | D71: 416-63-1420 | E71: 8 ต.ค. 62 | F71: 3650 | G71: มิวเซียมลำปาง | H71: √ | N71: ห้องระบบ TK
A72: =ROW()-ROW($A$6)+1 -> 67 | B72: อุปกรณ์กระจายสัญญาณ(L2 Switch) ขนาด 24 ช่อง ยี่ห้อ TP-Link | C72: 410-631012-00056 | D72: 416-63-1421 | E72: 8 ต.ค. 62 | F72: 3650 | G72: มิวเซียมลำปาง | H72: √ | N72: ห้องสำนักงาน
A73: =ROW()-ROW($A$6)+1 -> 68 | B73: อุปกรณ์กระจายสัญญาณ (Access Point) ยี่ห้อ Tp-Link | C73: 410-631012-00057 | D73: 416-63-1422 | E73: 8 ต.ค. 62 | F73: 3250 | G73: มิวเซียมลำปาง | H73: √ | N73: ห้องระบบ TK
A74: =ROW()-ROW($A$6)+1 -> 69 | B74: อุปกรณ์กระจายสัญญาณ (Access Point) ยี่ห้อ Tp-Link | C74: 410-631012-00058 | D74: 416-63-1423 | E74: 8 ต.ค. 62 | F74: 3250 | G74: มิวเซียมลำปาง | H74: √ | N74: ห้องระบบ TK
A75: =ROW()-ROW($A$6)+1 -> 70 | B75: อุปกรณ์กระจายสัญญาณ ขนาด 24 ช่อง แบบที่ 1 ยี่ห้อ TP-Link พร้อมวางระบบเครือข่ายความเร็วสูง | C75: 410-631012-00075 | D75: 416-63-1440 | E75: 9 ต.ค. 62 | F75: 26000 | G75: สำนักการศึกษา ชั้น 3 | H75: √ | N75: นิติรัฐ | O75: =F75+F257+F258+F70+F71+F72+F73+F74 -> 53350
A76: =ROW()-ROW($A$6)+1 -> 71 | B76: อุปกรณ์จัดเก็บ Log File ระบบเครือข่าย ยี่ห้อ Sran Light | C76: 410-631012-00059 | D76: 416-63-1424 | E76: 8 ต.ค. 62 | F76: 46250 | G76: มิวเซียมลำปาง | H76: √ | N76: ห้องสื่อมัลติมีเดีย
A77: =ROW()-ROW($A$6)+1 -> 72 | B77: จอคอมพิวเตอร์สำหรับประมวลผล ยี่ห้อ Lemel รุ่น LMB-L5944H10 | C77: 410-631012-00042 | D77: 416-63-1381 | E77: 8 ต.ค. 62 | F77: 2900 | G77: งานธุรการ ชั้น 2 | H77: √ | N77: ศศิมา
A78: =ROW()-ROW($A$6)+1 -> 73 | B78: จอคอมพิวเตอร์สำหรับประมวลผล ยี่ห้อ Lemel รุ่น LMB-L5944H10 | C78: 410-631012-00043 | D78: 416-63-1383 | E78: 8 ต.ค. 62 | F78: 2900 | G78: งานธุรการ ชั้น 2 | H78: √ | N78: สิริพร
A79: =ROW()-ROW($A$6)+1 -> 74 | B79: CPU คอมพิวเตอร์สำหรับสำนักงาน ยี่ห้อ Lemel รุ่น LMB-L3814H10 | C79: 410-631012-00044 | D79: 416-63-1382 | E79: 8 ต.ค. 62 | F79: 9200 | G79: งานธุรการ ชั้น 2 | H79: √ | N79: ศศิมา
A80: =ROW()-ROW($A$6)+1 -> 75 | B80: CPU คอมพิวเตอร์สำหรับสำนักงาน ยี่ห้อ Lemel รุ่น LMB-L3814H10 | C80: 410-631012-00045 | D80: 416-63-1384 | E80: 8 ต.ค. 62 | F80: 9200 | G80: งานธุรการ ชั้น 2 | H80: √ | N80: สิริพร
A81: =ROW()-ROW($A$6)+1 -> 76 | B81: จอคอมพิวเตอร์สำหรับประมวลผล ยี่ห้อ Lemel รุ่น LMB-L5944H10 | C81: 410-631012-00036 | D81: 416-63-1396 | E81: 8 ต.ค. 62 | F81: 2900 | G81: อุทยานการเรียนรู้ | H81: √
A82: =ROW()-ROW($A$6)+1 -> 77 | B82: จอคอมพิวเตอร์สำหรับประมวลผล ยี่ห้อ Lemel รุ่น LMB-L5944H10 | C82: 410-631012-00037 | D82: 416-63-1398 | E82: 8 ต.ค. 62 | F82: 2900 | G82: อุทยานการเรียนรู้ | H82: √
A83: =ROW()-ROW($A$6)+1 -> 78 | B83: CPU คอมพิวเตอร์สำหรับสำนักงาน ยี่ห้อ Lemel รุ่น LMB-L3814H10 | C83: 410-631012-00038 | D83: 416-63-1397 | E83: 8 ต.ค. 62 | F83: 11550 | G83: อุทยานการเรียนรู้ | H83: √
A84: =ROW()-ROW($A$6)+1 -> 79 | B84: CPU คอมพิวเตอร์สำหรับสำนักงาน ยี่ห้อ Lemel รุ่น LMB-L3814H10 | C84: 410-631012-00039 | D84: 416-63-1399 | E84: 8 ต.ค. 62 | F84: 11550 | G84: อุทยานการเรียนรู้ | H84: √
A85: =ROW()-ROW($A$6)+1 -> 80 | B85: เครื่องพิมพ์ Multifunction เลเซอร์ หรือ LED ขาวดำ ยี่ห้อ Pantum | C85: 410-631012-00046 | D85: 416-63-1400 | E85: 8 ต.ค. 62 | F85: 6710 | G85: งานธุรการ ชั้น 2 | H85: √ | N85: นฤตย์
A86: =ROW()-ROW($A$6)+1 -> 81 | B86: เครื่องพิมพ์เลเซอร์ ชนิด Network แบบที่ 1 ยี่ห้อ Pantum | C86: 410-631012-00047 | D86: 416-63-1404 | E86: 8 ต.ค. 62 | F86: 5550 | G86: งานธุรการ ชั้น 3 | I86: √ | N86: นิติรัฐ
A87: =ROW()-ROW($A$6)+1 -> 82 | B87: เครื่องพิมพ์เลเซอร์ ชนิด Network แบบที่ 1 ยี่ห้อ Pantum | C87: 410-631012-00048 | D87: 416-63-1405 | E87: 8 ต.ค. 62 | F87: 5550 | G87: งานธุรการ ชั้น 2 | H87: √ | N87: ธีรนันท์
A88: =ROW()-ROW($A$6)+1 -> 83 | B88: จอคอมพิวเตอร์แม่ข่าย แบบที่ 1 ยี่ห้อ Acer | C88: 410-631012-00060 | D88: 416-63-1425 | E88: 9 ต.ค. 62 | F88: 2800 | G88: สำนักการศึกษา ชั้น 2 | H88: √ | N88: ธนศวรรณ
A89: =ROW()-ROW($A$6)+1 -> 84 | B89: CPU เครื่องคอมพิวเตอร์แม่ข่ายแบบที่ 1 ยี่ห้อ Acer พร้อมติดตั้งโปรแกรม | C89: 410-631012-00061 | D89: 416-63-1426 | E89: 9 ต.ค. 62 | F89: 175200 | G89: สำนักการศึกษา ชั้น 2 | H89: √ | N89: กองยุทธฯ
A90: =ROW()-ROW($A$6)+1 -> 85 | B90: จอคอมพิวเตอร์ขนาดไม่น้อยกว่า 19 นิ้ว ยี่ห้อ Acer | C90: 410-631012-00062 | D90: 416-63-1427 | E90: 9 ต.ค. 62 | F90: 2800 | G90: สำนักการศึกษา | H90: √ | N90: ธนพัฒน์
A91: =ROW()-ROW($A$6)+1 -> 86 | B91: CPU เครื่องคอมพิวเตอร์สำหรับงานสำนักงาน ยี่ห้อ Acer | C91: 410-631012-00063 | D91: 416-63-1428 | E91: 9 ต.ค. 62 | F91: 18000 | G91: สำนักการศึกษา | H91: √ | N91: ธนพัฒน์
A92: =ROW()-ROW($A$6)+1 -> 87 | B92: จอคอมพิวเตอร์ขนาดไม่น้อยกว่า 19 นิ้ว ยี่ห้อ Acer | C92: 410-631012-00064 | D92: 416-63-1429 | E92: 9 ต.ค. 62 | F92: 2800 | G92: สำนักการศึกษา ชั้น 2 | H92: √ | N92: ภัทราภรณ์
A93: =ROW()-ROW($A$6)+1 -> 88 | B93: CPU เครื่องคอมพิวเตอร์สำหรับงานสำนักงาน ยี่ห้อ Acer | C93: 410-631012-00065 | D93: 416-63-1430 | E93: 9 ต.ค. 62 | F93: 18000 | G93: สำนักการศึกษา ชั้น 2 | H93: √ | N93: ภัทราภรณ์
A94: =ROW()-ROW($A$6)+1 -> 89 | B94: จอคอมพิวเตอร์ขนาดไม่น้อยกว่า 19 นิ้ว ยี่ห้อ Acer | C94: 410-631012-00066 | D94: 416-63-1431 | E94: 9 ต.ค. 62 | F94: 2800 | G94: สำนักการศึกษา ชั้น 2 | H94: √ | N94: พิมล
A95: =ROW()-ROW($A$6)+1 -> 90 | B95: CPU เครื่องคอมพิวเตอร์สำหรับงานสำนักงาน ยี่ห้อ Acer | C95: 410-631012-00067 | D95: 416-63-1432 | E95: 9 ต.ค. 62 | F95: 18000 | G95: สำนักการศึกษา ชั้น 2 | H95: √ | N95: พิมล
A96: =ROW()-ROW($A$6)+1 -> 91 | B96: จอคอมพิวเตอร์ขนาดไม่น้อยกว่า 19 นิ้ว ยี่ห้อ Acer | C96: 410-631012-00068 | D96: 416-63-1433 | E96: 9 ต.ค. 62 | F96: 2800 | G96: สำนักการศึกษา ชั้น 2 | H96: √ | N96: กฤตาณัฐ
A97: =ROW()-ROW($A$6)+1 -> 92 | B97: CPU เครื่องคอมพิวเตอร์สำหรับงานสำนักงาน ยี่ห้อ Acer | C97: 410-631012-00069 | D97: 416-63-1434 | E97: 9 ต.ค. 62 | F97: 18000 | G97: สำนักการศึกษา ชั้น 2 | H97: √ | N97: กฤตาณัฐ
A98: =ROW()-ROW($A$6)+1 -> 93 | B98: เครื่องสำรองไฟฟ้าสำหรับคอมพิวเตอร์แม่ข่าย ยี่ห้อ CBC | C98: 410-631012-00070 | D98: 416-63-1435 | E98: 9 ต.ค. 62 | F98: 20000 | G98: สำนักการศึกษา ชั้น 3 | H98: √ | N98: นิติรัฐ
... A101: =ROW()-ROW($A$6)+1 -> 96 | B101: เครื่องสำรองไฟฟ้าขนาด 1kVA 600 วัตต์ ยี่ห้อ CBC | C101: 410-631012-00073 | D101: 416-63-1438 | E101: 9 ต.ค. 62 | F101: 5800 | G101: สำนักการศึกษา ชั้น 2 | H101: √ | N101: พิมล
A102: =ROW()-ROW($A$6)+1 -> 97 | B102: เครื่องสำรองไฟฟ้าขนาด 1kVA 600 วัตต์ ยี่ห้อ CBC | C102: 410-631012-00074 | D102: 416-63-1439 | E102: 9 ต.ค. 62 | F102: 5800 | G102: สำนักการศึกษา ชั้น 3 | I102: √ | N102: นิติรัฐ
...

Sheet ไฟฟ้าและวิทยุ
A1: ทะเบียนรายงานผลการตรวจนับครุภัณฑ์ของสำนักการศึกษา ประจำปี 2567
A2: ณ วันที่ 30 กันยายน 2567 (เทศบัญญัติ)
A3: ครุภัณฑ์ไฟฟ้าและวิทยุ
A4: ลำดับที่ | B4: รายการ | C4: หมายเลข E-laas | D4: หมายเลขครุภัณฑ์ | E4: วัน เดือน ปี ที่ได้มา | F4: ราคาที่ได้มา | G4: สถานที่ใช้งาน | H4: สภาพครุภัณฑ์
H5: ใช้ได้ | I5: ชำรุด | J5: เสื่อมสภาพ | K5: สูญหาย | L5: เก็บไว้นาน | M5: หมดความจำเป็น | N5: หมายเหตุ
A6: =ROW()-ROW($A$6)+1 -> 1 | B6: Sequence Controller (local) | C6: 410-540119-00001 | D6: 430-54-0007 | E6: 19 ม.ค. 54 | F6: 35000 | G6: พิพิธภัณฑ์หอปูมละกอน | J6: √ | O6: =F6 -> 35000
A7: =ROW()-ROW($A$6)+1 -> 2 | B7: จอมอนิเตอร์ LED ขนาด 20 นิ้ว | C7: 404-580202-00011 | D7: 452-58-0020 | E7: 21218 | F7: 2996 | G7: หอสมุดประชาชน | H7: √ | O7: =F7 -> 2996
A8: =ROW()-ROW($A$6)+1 -> 3 | B8: กล้องวงจรปิด | C8: 404-580202-00003 | D8: 454-58-0012 | E8: 21218 | F8: 4194.4 | G8: หอสมุดประชาชน | H8: √ | O8: =SUM(F8:F39) -> 874555.2
A9: =ROW()-ROW($A$6)+1 -> 4 | B9: กล้องวงจรปิด | C9: 404-580202-00004 | D9: 454-58-0013 | E9: 21218 | F9: 4194.4 | G9: หอสมุดประชาชน | H9: √
A10: =ROW()-ROW($A$6)+1 -> 5 | B10: กล้องวงจรปิด | C10: 404-580202-00005 | D10: 454-58-0014 | E10: 21218 | F10: 4194.4 | G10: หอสมุดประชาชน | H10: √
A11: =ROW()-ROW($A$6)+1 -> 6 | B11: กล้องวงจรปิด | C11: 404-580202-00006 | D11: 454-58-0015 | E11: 21218 | F11: 4194.4 | G11: หอสมุดประชาชน | H11: √
A12: =ROW()-ROW($A$6)+1 -> 7 | B12: กล้องวงจรปิด | C12: 404-580202-00007 | D12: 454-58-0016 | E12: 21218 | F12: 4194.4 | G12: หอสมุดประชาชน | H12: √
A13: =ROW()-ROW($A$6)+1 -> 8 | B13: กล้องวงจรปิด | C13: 404-580202-00008 | D13: 454-58-0017 | E13: 21218 | F13: 4194.4 | G13: หอสมุดประชาชน | H13: √
A14: =ROW()-ROW($A$6)+1 -> 9 | B14: กล้องวงจรปิด | C14: 404-580202-00009 | D14: 454-58-0018 | E14: 21218 | F14: 4194.4 | G14: หอสมุดประชาชน | H14: √
A15: =ROW()-ROW($A$6)+1 -> 10 | B15: กล้องวงจรปิด | C15: 404-580202-00010 | D15: 454-58-0019 | E15: 21218 | F15: 4194.4 | G15: หอสมุดประชาชน | H15: √
A16: =ROW()-ROW($A$6)+1 -> 11 | B16: กล้องโทรทัศน์วงจรปิดชนิดเครือข่ายแบบปรับมุมมอง | C16: 403-640928-00001 | D16: 454-64-0145 | E16: 14 ก.ย. 64 | F16: 86500 | G16: มิวเซียมลำปาง | H16: √ | N16: โถงต้อนรับ
A17: =ROW()-ROW($A$6)+1 -> 12 | B17: กล้องโทรทัศน์วงจรปิดแบบมุมมองคงที่ | C17: 403-640928-00002 | D17: 454-64-0146 | E17: 14 ก.ย. 64 | F17: 28000 | G17: มิวเซียมลำปาง | I17: √ | N17: ระหว่างทางเดินมัลติมีเดีย
A18: =ROW()-ROW($A$6)+1 -> 13 | B18: กล้องโทรทัศน์วงจรปิดแบบมุมมองคงที่ | C18: 403-640928-00003 | D18: 454-64-0147 | E18: 14 ก.ย. 64 | F18: 28000 | G18: มิวเซียมลำปาง | H18: √ | N18: หน้าห้อง TK
A19: =ROW()-ROW($A$6)+1 -> 14 | B19: กล้องโทรทัศน์วงจรปิดแบบมุมมองคงที่ | C19: 403-640928-00004 | D19: 454-64-0148 | E19: 14 ก.ย. 64 | F19: 28000 | G19: มิวเซียมลำปาง | H19: √ | N19: ห้องของที่ระลึก
A20: =ROW()-ROW($A$6)+1 -> 15 | B20: กล้องโทรทัศน์วงจรปิดแบบมุมมองคงที่ | C20: 403-640928-00005 | D20: 454-64-0149 | E20: 14 ก.ย. 64 | F20: 28000 | G20: มิวเซียมลำปาง | H20: √ | N20: หน้าตึกมิวเซียม
A21: =ROW()-ROW($A$6)+1 -> 16 | B21: กล้องโทรทัศน์วงจรปิดแบบมุมมองคงที่ | C21: 403-640928-00006 | D21: 454-64-0150 | E21: 14 ก.ย. 64 | F21: 28000 | G21: มิวเซียมลำปาง | H21: √ | N21: นอกตึกมิวเซียม
A22: =ROW()-ROW($A$6)+1 -> 17 | B22: กล้องโทรทัศน์วงจรปิดแบบมุมมองคงที่ | C22: 403-640928-00007 | D22: 454-64-0151 | E22: 14 ก.ย. 64 | F22: 28000 | G22: มิวเซียมลำปาง | H22: √ | N22: หมุนเวียนท้องถิ่น
A23: =ROW()-ROW($A$6)+1 -> 18 | B23: กล้องโทรทัศน์วงจรปิดแบบมุมมองคงที่ | C23: 403-640928-00008 | D23: 454-64-0152 | E23: 14 ก.ย. 64 | F23: 28000 | G23: มิวเซียมลำปาง | H23: √ | N23: หน้าหมุนเวียนท้องถิ่น
A24: =ROW()-ROW($A$6)+1 -> 19 | B24: กล้องโทรทัศน์วงจรปิดแบบมุมมองคงที่ | C24: 403-640928-00009 | D24: 454-64-0153 | E24: 14 ก.ย. 64 | F24: 28000 | G24: มิวเซียมลำปาง | H24: √ | N24: ระหว่างทางเดินหมุนเวียน
A25: =ROW()-ROW($A$6)+1 -> 20 | B25: กล้องโทรทัศน์วงจรปิดแบบมุมมองคงที่ | C25: 403-640928-00010 | D25: 454-64-0154 | E25: 14 ก.ย. 64 | F25: 28000 | G25: มิวเซียมลำปาง | H25: √ | N25: นอกตึกมิวเซียม
A26: =ROW()-ROW($A$6)+1 -> 21 | B26: กล้องโทรทัศน์วงจรปิดแบบมุมมองคงที่ | C26: 403-640928-00011 | D26: 454-64-0155 | E26: 14 ก.ย. 64 | F26: 28000 | G26: มิวเซียมลำปาง | H26: √ | N26: นิทรรศการหมุนเวียน
A27: =ROW()-ROW($A$6)+1 -> 22 | B27: กล้องโทรทัศน์วงจรปิดแบบมุมมองคงที่ | C27: 403-640928-00012 | D27: 454-64-0156 | E27: 14 ก.ย. 64 | F27: 28000 | G27: มิวเซียมลำปาง | H27: √ | N27: นิทรรศการหมุนเวียน
A28: =ROW()-ROW($A$6)+1 -> 23 | B28: กล้องโทรทัศน์วงจรปิดแบบมุมมองคงที่ | C28: 403-640928-00013 | D28: 454-64-0157 | E28: 14 ก.ย. 64 | F28: 28000 | G28: มิวเซียมลำปาง | H28: √ | N28: โถงต้อนรับ
A29: =ROW()-ROW($A$6)+1 -> 24 | B29: กล้องโทรทัศน์วงจรปิดแบบมุมมองคงที่ | C29: 403-640928-00014 | D29: 454-64-0158 | E29: 14 ก.ย. 64 | F29: 28000 | G29: มิวเซียมลำปาง | H29: √ | N29: ระหว่างทางเดิน ชั้น 2
... A39: =ROW()-ROW($A$6)+1 -> 34 | B39: อุปกรณ์กระจายสัญญาณแบบ POE | C39: 403-640928-00024 | D39: 454-64-0168 | E39: 14 ก.ย. 64 | F39: 49500 | G39: มิวเซียมลำปาง | H39: √ | N39: ห้องระบบ TK
A40: =ROW()-ROW($A$6)+1 -> 35 | B40: PM 3 Player With controller (local) (ชุดตลาดนานาชาติ) | C40: 403-540119-00001 | D40: 455-54-0003 | E40: 19 ม.ค. 54 | F40: 20000 | G40: พิพิธภัณฑ์หอปูมละกอน | J40: √ | O40: =SUM(F40:F42) -> 53910
A41: =ROW()-ROW($A$6)+1 -> 36 | B41: PM 3 Player With controller (local) | C41: 403-540119-00007 | D41: 455-54-0005 | E41: 19 ม.ค. 54 | F41: 20000 | G41: พิพิธภัณฑ์หอปูมละกอน | J41: √ | P41: เดิม 452 เปลี่ยนเป็น 454 เมื่อวันที่ 14 ม.ค. 63
A42: =ROW()-ROW($A$6)+1 -> 37 | B42: เครื่องเล่นมัลติมีเดีย PLAYER USB MP3 CD ยี่ห้อ NPE รุ่น UDP-3MX | C42: 403-670926-00032 | D42: 455-67-0064 | E42: 24676 | F42: 13910 | G42: งานกีฬาและนันทนาการ | H42: √ | N42: โฮงละกอน | O42: ******
A43: =ROW()-ROW($A$6)+1 -> 38 | B43: ชุดไมค์ลอย พร้อมตัวรับสัญญาณ | C43: 403-580202-00001 | D43: 458-58-0046 | E43: 2 ก.พ. 58 | F43: 1999.83 | G43: หอสมุดประชาชน | H43: √ | O43: =SUM(F43:F58) -> 63107.58
A44: =ROW()-ROW($A$6)+1 -> 39 | B44: ชุดไมค์ลอย พร้อมตัวรับสัญญาณ | C44: 403-580202-00002 | D44: 458-58-0047 | E44: 2 ก.พ. 58 | F44: 1999.83 | G44: หอสมุดประชาชน | H44: √
A45: =ROW()-ROW($A$6)+1 -> 40 | B45: ไมค์สาย | C45: 403-580202-00003 | D45: 458-58-0048 | E45: 2 ก.พ. 58 | F45: 800.36 | G45: หอสมุดประชาชน | H45: √
A46: =ROW()-ROW($A$6)+1 -> 41 | B46: ไมค์สาย | C46: 403-580202-00004 | D46: 458-58-0049 | E46: 2 ก.พ. 58 | F46: 800.36 | G46: หอสมุดประชาชน | H46: √
A47: =ROW()-ROW($A$6)+1 -> 42 | B47: ชุดไมค์ลอยพร้อมตัวรับสัญญาณ ยี่ห้อ NTS รุ่น SL-802 | C47: 403-62111-00302 | D47: 458-62-0194 | E47: 30 พ.ย. 61 | F47: 3745 | G47: มิวเซี่ยม(ลำปาง) | H47: √ | N47: โถงต้อนรับ
A48: =ROW()-ROW($A$6)+1 -> 43 | B48: ไมค์สายคุณภาพดี ยี่ห้อ NTS รุ่น B.58 จำนวน 2 อัน | C48: 403-62111-00303 | D48: 458-62-0195 | E48: 30 พ.ย. 61 | F48: 963 | G48: มิวเซี่ยม(ลำปาง) | H48: √ | N48: โถงต้อนรับ
A49: =ROW()-ROW($A$6)+1 -> 44 | B49: ชุดไมค์ลอย 2 ตัว พร้อมรับสัญญาณ | C49: 403-631012-00068 | D49: 458-63-0200 | E49: 30 มี.ค. 63 | F49: 3424 | G49: งานพิพิธภัณฑ์(มิวเซียม) | H49: √ | N49: ห้องสื่อมัลติมีเดีย
A50: =ROW()-ROW($A$6)+1 -> 45 | B50: ไมค์สายคุณภาพดี พร้อมงานเดินสายไมค์ | C50: 403-631012-00069 | D50: 458-63-0201 | E50: 30 มี.ค. 63 | F50: 1958.1 | G50: งานพิพิธภัณฑ์(มิวเซียม) | H50: √ | N50: ห้องสื่อมัลติมีเดีย
A51: =ROW()-ROW($A$6)+1 -> 46 | B51: ไมค์สายคุณภาพดี พร้อมงานเดินสายไมค์ | C51: 403-631012-00070 | D51: 458-63-0202 | E51: 30 มี.ค. 63 | F51: 1958.1 | G51: งานพิพิธภัณฑ์(มิวเซียม) | H51: √ | N51: ห้องสื่อมัลติมีเดีย
A52: =ROW()-ROW($A$6)+1 -> 47 | B52: Microphone Cable Microphone ยี่ห้อ TOA | C52: 403-640903-00007 | D52: 458-64-0203 | E52: 29 ต.ค. 63 | F52: 4700 | G52: มิวเซียมลำปาง | H52: √ | N52: ห้องนิทรรศการถาวร ชั้น 2
A53: =ROW()-ROW($A$6)+1 -> 48 | B53: Microphone Cable Microphone ยี่ห้อ TOA | C53: 403-640903-00008 | D53: 458-64-0204 | E53: 29 ต.ค. 63 | F53: 4700 | G53: มิวเซียมลำปาง | H53: √ | N53: ห้องนิทรรศการถาวร ชั้น 2
A54: =ROW()-ROW($A$6)+1 -> 49 | B54: ชุดไมโครโฟนไร้สายมือถือคู่ | C54: 403-671004-00001 | D54: 458-67-0208 | E54: 24676 | F54: 13375 | G54: งานกีฬาและนันทนาการ | H54: √ | N54: โฮงละกอน
A55: =ROW()-ROW($A$6)+1 -> 50 | B55: ไมโครโฟนแบบมีสายมือถือพร้อมขาตั้ง | C55: 403-670926-00028 | D55: 458-67-0209 | E55: 24676 | F55: 5243 | G55: งานกีฬาและนันทนาการ | H55: √ | N55: โฮงละกอน
A56: =ROW()-ROW($A$6)+1 -> 51 | B56: ไมโครโฟนแบบมีสายมือถือพร้อมขาตั้ง | C56: 403-670926-00029 | D56: 458-67-0210 | E56: 24676 | F56: 5243 | G56: งานกีฬาและนันทนาการ | H56: √ | N56: โฮงละกอน
A57: =ROW()-ROW($A$6)+1 -> 52 | B57: ไมโครโฟนแบบมีสายมือถือพร้อมขาตั้ง | C57: 403-670926-00030 | D57: 458-67-0211 | E57: 24676 | F57: 5243 | G57: งานกีฬาและนันทนาการ | H57: √ | N57: โฮงละกอน
A58: =ROW()-ROW($A$6)+1 -> 53 | B58: ไมโครโฟนสำหรับโพเดียม พร้อมฐานวาง | C58: 403-670926-00031 | D58: 458-67-0212 | E58: 24676 | F58: 6955 | G58: งานกีฬาและนันทนาการ | H58: √ | N58: โฮงละกอน
A59: =ROW()-ROW($A$6)+1 -> 54 | B59: Lound Speaker | C59: 403-540119-00010 | D59: 459-54-0006 | E59: 19 ม.ค. 54 | F59: 10000 | G59: พิพิธภัณฑ์หอปูมละกอน | J59: √ | O59: =SUM(F59:F130) -> 457861.14
A60: =ROW()-ROW($A$6)+1 -> 55 | B60: Lound Speaker | C60: 403-540119-00003 | D60: 459-54-0002 | E60: 19 ม.ค. 54 | F60: 21000 | G60: พิพิธภัณฑ์หอปูมละกอน | J60: √
A61: =ROW()-ROW($A$6)+1 -> 56 | B61: ลำโพง ขนาด 18 นิ้ว | C61: 403-580202-00005 | D61: 459-58-0012 | E61: 2 ก.พ. 58 | F61: 27152.32 | G61: ห้องสมุดประชาชน | H61: √
A62: =ROW()-ROW($A$6)+1 -> 57 | B62: ลำโพงเสียงกลางพร้อมอุปกรณ์ | C62: 403-580202-00006 | D62: 459-58-0013 | E62: 2 ก.พ. 58 | F62: 27152.32 | G62: ห้องสมุดประชาชน | H62: √
A63: =ROW()-ROW($A$6)+1 -> 58 | B63: ลำโพง Polk audio A300 | C63: 403-590810-00001 | D63: 459-59-0892 | E63: 12 ส.ค. 59 | F63: 3600 | G63: อุทยานการเรียนรู้ | H63: √
A64: =ROW()-ROW($A$6)+1 -> 59 | B64: ลำโพง Polk audio A300 | C64: 403-590810-00002 | D64: 459-59-0893 | E64: 12 ส.ค. 59 | F64: 3600 | G64: อุทยานการเรียนรู้ | H64: √
A65: =ROW()-ROW($A$6)+1 -> 60 | B65: ลำโพง Polk audio R 150 | C65: 403-590810-00003 | D65: 459-59-0894 | E65: 12 ส.ค. 59 | F65: 1800 | G65: อุทยานการเรียนรู้ | H65: √
A66: =ROW()-ROW($A$6)+1 -> 61 | B66: ลำโพง Polk audio R 150 | C66: 403-590810-00004 | D66: 459-59-0895 | E66: 12 ส.ค. 59 | F66: 1800 | G66: อุทยานการเรียนรู้ | H66: √
A67: =ROW()-ROW($A$6)+1 -> 62 | B67: ลำโพง Polk audio csr | C67: 403-590810-00005 | D67: 459-59-0896 | E67: 12 ส.ค. 59 | F67: 3600 | G67: อุทยานการเรียนรู้ | H67: √
A68: =ROW()-ROW($A$6)+1 -> 63 | B68: ลำโพงขนาด 12 นิ้ว กำลังไฟ 500 วัตต์ ยี่ห้อ PROEURO TECH รุ่น B:12 พร้อมขาตั้งลำโพง ยี่ห้อ LOSEN รุ่น SP-306 สีดำ | C68: 403-62111-00282 | D68: 459-62-0983 | E68: 30 พ.ย. 61 | F68: 4066 | G68: มิวเซียมลำปาง | H68: √ | N68: โถงต้อนรับ
A69: =ROW()-ROW($A$6)+1 -> 64 | B69: ลำโพงขนาด 12 นิ้ว กำลังไฟ 500 วัตต์ ยี่ห้อ PROEURO TECH รุ่น B:12 พร้อมขาตั้งลำโพง ยี่ห้อ LOSEN รุ่น SP-306 สีดำ | C69: 403-62111-00283 | D69: 459-62-0984 | E69: 30 พ.ย. 61 | F69: 4066 | G69: มิวเซี่ยม(ลำปาง) | H69: √ | N69: โถงต้อนรับ
A70: =ROW()-ROW($A$6)+1 -> 65 | B70: ลำโพงขนาด 6 นิ้ว กำลังไฟ 30วัตต์ ยี่ห้อ NPE รุ่น HB-602T | C70: 403-62111-00284 | D70: 459-62-0985 | E70: 30 พ.ย. 61 | F70: 3990 | G70: มิวเซี่ยม(ลำปาง) | H70: √ | N70: ห้องสื่อมัลติมีเดีย
A71: =ROW()-ROW($A$6)+1 -> 66 | B71: ลำโพงขนาด 6 นิ้ว กำลังไฟ 30วัตต์ ยี่ห้อ NPE รุ่น HB-602T | C71: 403-62111-00285 | D71: 459-62-0986 | E71: 30 พ.ย. 61 | F71: 3990 | G71: มิวเซี่ยม(ลำปาง) | H71: √ | N71: ระหว่างทางเดินห้องสมุด TK
A72: =ROW()-ROW($A$6)+1 -> 67 | B72: ลำโพงขนาด 6 นิ้ว กำลังไฟ 30วัตต์ ยี่ห้อ NPE รุ่น HB-602T | C72: 403-62111-00286 | D72: 459-62-0987 | E72: 30 พ.ย. 61 | F72: 3990 | G72: มิวเซี่ยม(ลำปาง) | H72: √ | N72: โถงต้อนรับ
A73: =ROW()-ROW($A$6)+1 -> 68 | B73: ลำโพงขนาด 6 นิ้ว กำลังไฟ 30วัตต์ ยี่ห้อ NPE รุ่น HB-602T | C73: 403-62111-00287 | D73: 459-62-0988 | E73: 30 พ.ย. 61 | F73: 3990 | G73: มิวเซี่ยม(ลำปาง) | H73: √ | N73: นิทรรศการหมุนเวียน ชั้น 1
A74: =ROW()-ROW($A$6)+1 -> 69 | B74: ลำโพงขนาด 6 นิ้ว กำลังไฟ 30วัตต์ ยี่ห้อ NPE รุ่น HB-602T | C74: 403-62111-00288 | D74: 459-62-0989 | E74: 30 พ.ย. 61 | F74: 3990 | G74: มิวเซี่ยม(ลำปาง) | H74: √ | N74: ข้างห้องน้ำชาย ชั้น 1
A75: =ROW()-ROW($A$6)+1 -> 70 | B75: ลำโพงขนาด 6 นิ้ว กำลังไฟ 30วัตต์ ยี่ห้อ NPE รุ่น HB-602T | C75: 403-62111-00289 | D75: 459-62-0990 | E75: 30 พ.ย. 61 | F75: 3990 | G75: มิวเซี่ยม(ลำปาง) | H75: √ | N75: ทางเดินห้องสำนักงาน
A76: =ROW()-ROW($A$6)+1 -> 71 | B76: ลำโพงขนาด 6 นิ้ว กำลังไฟ 30วัตต์ ยี่ห้อ NPE รุ่น HB-602T | C76: 403-62111-00290 | D76: 459-62-0991 | E76: 30 พ.ย. 61 | F76: 3990 | G76: มิวเซี่ยม(ลำปาง) | H76: √ | N76: ห้องสำนักงาน
A77: =ROW()-ROW($A$6)+1 -> 72 | B77: ลำโพงขนาด 6 นิ้ว กำลังไฟ 30วัตต์ ยี่ห้อ NPE รุ่น HB-602T | C77: 403-62111-00291 | D77: 459-62-0992 | E77: 30 พ.ย. 61 | F77: 3990 | G77: มิวเซี่ยม(ลำปาง) | H77: √ | N77: นิทรรศการถาวรชั้น 2
A78: =ROW()-ROW($A$6)+1 -> 73 | B78: ลำโพงขนาด 6 นิ้ว กำลังไฟ 30วัตต์ ยี่ห้อ NPE รุ่น HB-602T | C78: 403-62111-00292 | D78: 459-62-0993 | E78: 30 พ.ย. 61 | F78: 3990 | G78: มิวเซี่ยม(ลำปาง) | H78: √ | N78: นิทรรศการถาวรชั้น 2
A79: =ROW()-ROW($A$6)+1 -> 74 | B79: ลำโพงขนาด 6 นิ้ว กำลังไฟ 30วัตต์ ยี่ห้อ NPE รุ่น HB-602T | C79: 403-62111-00293 | D79: 459-62-0994 | E79: 30 พ.ย. 61 | F79: 3990 | G79: มิวเซี่ยม(ลำปาง) | H79: √ | N79: นิทรรศการถาวรชั้น 2
... A112: =ROW()-ROW($A$6)+1 -> 107 | B112: ลำโพง ขนาด 1.2 ยี่ห้อ Creative รุ่น A30 | C112: 403-640903-00034 | D112: 459-64-1124 | E112: 29 ต.ค. 63 | F112: 1865 | G112: มิวเซียมลำปาง | H112: √ | N112: ห้องของที่ระลึก
A113: =ROW()-ROW($A$6)+1 -> 108 | B113: ลำโพงอเนกประสงค์ พร้อมไมค์ลอย2ตัว | C113: 403-660903-00001 | D113: 459-66-1133 | E113: 27 ต.ค. 65 | F113: 2200 | G113: อุทยานการเรียนรู้ LK | H113: √
A114: =ROW()-ROW($A$6)+1 -> 109 | B114: ลำโพงหลักคู่หน้าแบบคอลัมป์ 8x4 นิ้ว 600 วัตต์ | C114: 403-670926-00035 | D114: 459-67-1147 | E114: 24676 | F114: 15944.11 | G114: งานกีฬาและนันทนาการ | H114: √ | N114: โฮงละกอน
A115: =ROW()-ROW($A$6)+1 -> 110 | B115: ลำโพงหลักคู่หน้าแบบคอลัมป์ 8x4 นิ้ว 600 วัตต์ | C115: 403-670926-00036 | D115: 459-67-1148 | E115: 24676 | F115: 15944.11 | G115: งานกีฬาและนันทนาการ | H115: √ | N115: โฮงละกอน
A116: =ROW()-ROW($A$6)+1 -> 111 | B116: ลำโพงหลักคู่หน้าแบบคอลัมป์ 8x4 นิ้ว 600 วัตต์ | C116: 403-670926-00037 | D116: 459-67-1149 | E116: 24676 | F116: 15944.11 | G116: งานกีฬาและนันทนาการ | H116: √ | N116: โฮงละกอน
A117: =ROW()-ROW($A$6)+1 -> 112 | B117: ลำโพงหลักคู่หน้าแบบคอลัมป์ 8x4 นิ้ว 600 วัตต์ | C117: 403-670926-00038 | D117: 459-67-1150 | E117: 24676 | F117: 15944.11 | G117: งานกีฬาและนันทนาการ | H117: √ | N117: โฮงละกอน
A118: =ROW()-ROW($A$6)+1 -> 113 | B118: ลำโพงซับวูฟเฟอร์ ขนาด 18 นิ้ว 800 วัตต์ | C118: 403-670927-00001 | D118: 459-67-1151 | E118: 24676 | F118: 21722.12 | G118: งานกีฬาและนันทนาการ | H118: √ | N118: โฮงละกอน
A119: =ROW()-ROW($A$6)+1 -> 114 | B119: ลำโพงซับวูฟเฟอร์ ขนาด 18 นิ้ว 800 วัตต์ | C119: 403-670927-00002 | D119: 459-67-1152 | E119: 24676 | F119: 21722.12 | G119: งานกีฬาและนันทนาการ | H119: √ | N119: โฮงละกอน
A120: =ROW()-ROW($A$6)+1 -> 115 | B120: ลำโพงมอนิเตอร์บนเวที 2 Way 12 นิ้ว 450 วัตต์ | C120: 403-670927-00003 | D120: 459-67-1153 | E120: 24676 | F120: 17549.12 | G120: งานกีฬาและนันทนาการ | H120: √ | N120: โฮงละกอน
A121: =ROW()-ROW($A$6)+1 -> 116 | B121: ลำโพงมอนิเตอร์บนเวที 2 Way 12 นิ้ว 450 วัตต์ | C121: 403-670927-00004 | D121: 459-67-1154 | E121: 24676 | F121: 17549.12 | G121: งานกีฬาและนันทนาการ | H121: √ | N121: โฮงละกอน
A122: =ROW()-ROW($A$6)+1 -> 117 | B122: ลำโพงเสริมคู่หลัง 2 Way ขนาด 12 นิ้ว 400 วัตต์ | C122: 403-670927-00006 | D122: 459-67-1155 | E122: 24676 | F122: 8668.12 | G122: งานกีฬาและนันทนาการ | H122: √ | N122: โฮงละกอน
A123: =ROW()-ROW($A$6)+1 -> 118 | B123: ลำโพงเสริมคู่หลัง 2 Way ขนาด 12 นิ้ว 400 วัตต์ | C123: 403-670927-00007 | D123: 459-67-1156 | E123: 24676 | F123: 8668.12 | G123: งานกีฬาและนันทนาการ | H123: √ | N123: โฮงละกอน
A124: =ROW()-ROW($A$6)+1 -> 119 | B124: ลำโพงเสริมคู่หลัง 2 Way ขนาด 12 นิ้ว 400 วัตต์ | C124: 403-670927-00008 | D124: 459-67-1157 | E124: 24676 | F124: 8668.12 | G124: งานกีฬาและนันทนาการ | H124: √ | N124: โฮงละกอน
A125: =ROW()-ROW($A$6)+1 -> 120 | B125: ลำโพงเสริมคู่หลัง 2 Way ขนาด 12 นิ้ว 400 วัตต์ | C125: 403-670927-00009 | D125: 459-67-1158 | E125: 24676 | F125: 8668.12 | G125: งานกีฬาและนันทนาการ | H125: √ | N125: โฮงละกอน
... A130: =ROW()-ROW($A$6)+1 -> 125 | B130: ลำโพงมอนิเตอร์ 16 วัตต์ | C130: 403-670927-00005 | D130: 459-67-1163 | E130: 24676 | F130: 5244.12 | G130: งานกีฬาและนันทนาการ | H130: √ | N130: โฮงละกอน
A131: =ROW()-ROW($A$6)+1 -> 126 | B131: ขุดวีดีทัศน์ ประกอบด้วย Stereo Amplifier | C131: 403-540119-00002 | D131: 462-54-0002 | E131: 19 ม.ค. 54 | F131: 23000 | G131: พิพิธภัณฑ์หอปูมละกอน | J131: √ | O131: =SUM(F131:F171) -> 586398.51
A132: =ROW()-ROW($A$6)+1 -> 127 | B132: Stereo Amplifier | C132: 403-540119-00005 | D132: 462-54-0003 | E132: 19 ม.ค. 54 | F132: 23000 | G132: พิพิธภัณฑ์หอปูมละกอน | J132: √
A133: =ROW()-ROW($A$6)+1 -> 128 | B133: Stereo Amplifier | C133: 403-540119-00008 | D133: 462-54-0004 | E133: 19 ม.ค. 54 | F133: 23000 | G133: พิพิธภัณฑ์หอปูมละกอน | J133: √
A134: =ROW()-ROW($A$6)+1 -> 129 | B134: Stereo Amplifier | C134: 403-540119-00009 | D134: 462-54-0005 | E134: 19 ม.ค. 54 | F134: 23000 | G134: พิพิธภัณฑ์หอปูมละกอน | J134: √
A135: =ROW()-ROW($A$6)+1 -> 130 | B135: เครื่องมิกเซอร์ | C135: 403-580202-00007 | D135: 462-58-0054 | E135: 2 ก.พ. 58 | F135: 5000.11 | G135: หอสมุดประชาชน | H135: √
A136: =ROW()-ROW($A$6)+1 -> 131 | B136: เครื่องขยายเสียง 500 w | C136: 403-580202-00008 | D136: 462-58-0055 | E136: 2 ก.พ. 58 | F136: 12000.05 | G136: หอสมุดประชาชน | H136: √
A137: =ROW()-ROW($A$6)+1 -> 132 | B137: เครื่องขยายเสียง 1000 w | C137: 403-580202-00009 | D137: 462-58-0056 | E137: 2 ก.พ. 58 | F137: 21500.58 | G137: หอสมุดประชาชน | H137: √
A138: =ROW()-ROW($A$6)+1 -> 133 | B138: เครื่องตัดความถี่สำหรับระบบเสียง | C138: 403-580202-00010 | D138: 462-58-0057 | E138: 2 ก.พ. 58 | F138: 3499.97 | G138: หอสมุดประชาชน | H138: √
A139: =ROW()-ROW($A$6)+1 -> 134 | B139: เครื่องขยายเสียง ยี่ห้อ ONKYO รุ่น TXNR509 | C139: 403-590810-00006 | D139: 462-59-0315 | E139: 21772 | F139: 12500 | G139: อุทยานการเรียนรู้ | H139: √
A140: =ROW()-ROW($A$6)+1 -> 135 | B140: ช่องเสียบไมโครโฟน ยี่ห้อ TRIO รุ่น TR515PK | C140: 403-590810-00007 | D140: 462-59-0316 | E140: 21772 | F140: 2000 | G140: อุทยานการเรียนรู้ | H140: √
A141: =ROW()-ROW($A$6)+1 -> 136 | B141: เครื่องขยายเสียงพกพา ชนิดคาดเอว ยี่ห้อ ACTOR | C141: 403-610209-00001 | D141: 462-61-0337 | E141: 9 ก.พ. 61 | F141: 920 | G141: มิวเซี่ยม(ลำปาง) | H141: √
A142: =ROW()-ROW($A$6)+1 -> 137 | B142: เครื่องขยายเสียงพกพา ชนิดคาดเอว ยี่ห้อ ACTOR | C142: 403-610209-00002 | D142: 462-61-0338 | E142: 9 ก.พ. 61 | F142: 920 | G142: มิวเซี่ยม(ลำปาง) | H142: √
A143: =ROW()-ROW($A$6)+1 -> 138 | B143: เครื่องขยายเสียงพกพา ชนิดคาดเอว ยี่ห้อ ACTOR | C143: 403-610209-00003 | D143: 462-61-0339 | E143: 9 ก.พ. 61 | F143: 920 | G143: มิวเซี่ยม(ลำปาง) | H143: √
A144: =ROW()-ROW($A$6)+1 -> 139 | B144: เครื่องขยายเสียงพกพา ชนิดคาดเอว ยี่ห้อ ACTOR | C144: 403-610209-00004 | D144: 462-61-0340 | E144: 9 ก.พ. 61 | F144: 920 | G144: มิวเซี่ยม(ลำปาง) | H144: √
A145: =ROW()-ROW($A$6)+1 -> 140 | B145: Mixer Stereo 8 Channel สีดำ ยี่ห้อ NTS | C145: 403-62111-00298 | D145: 462-62-0350 | E145: 30 พ.ย. 61 | F145: 4708 | G145: มิวเซี่ยม(ลำปาง) | H145: √ | N145: โถงต้อนรับ
...

Sheet การศึกษา
A1: ทะเบียนรายงานผลการตรวจนับครุภัณฑ์ของสำนักการศึกษา ประจำปี 2567
A2: ณ วันที่ 30 กันยายน 2567 (เทศบัญญัติ)
A3: ครุภัณฑ์การศึกษา
A4: ลำดับที่ | B4: รายการ | C4: หมายเลข E-laas | D4: หมายเลขครุภัณฑ์ | E4: วัน เดือน ปี ที่ได้มา | F4: ราคาที่ได้มา | G4: สถานที่ใช้งาน | H4: สภาพครุภัณฑ์
H5: ใช้ได้ | I5: ชำรุด | J5: เสื่อมสภาพ | K5: สูญหาย | L5: เก็บไว้นาน | M5: หมดความจำเป็น | N5: หมายเหตุ
A6: =ROW()-ROW($A$6)+1 -> 1 | B6: หุ่นไฟเบอร์จำลองคนผู้ชาย แบบลอยตัว พร้อมเสื้อผ้า 1 ตัว | C6: 411-540119-00001 | D6: 500-54-0001 | E6: 19 ม.ค. 54 | F6: 53000 | G6: พิพิธภัณฑ์หอปูมละกอน | H6: √
A7: =ROW()-ROW($A$6)+1 -> 2 | B7: หุ่นไฟเบอร์จำลองเด็กผู้หญิงแบบลอยตัว พร้อมเสื้อผ้า 1 ตัว | C7: 411-540119-00002 | D7: 500-54-0002 | E7: 19 ม.ค. 54 | F7: 26000 | G7: พิพิธภัณฑ์หอปูมละกอน | H7: √
A8: =ROW()-ROW($A$6)+1 -> 3 | B8: เค้าโครงร่างแม่ค้าผู้หญิงแบบเต็มตัว | C8: 411-540119-00003 | D8: 500-54-0004 | E8: 19 ม.ค. 54 | F8: 6000 | G8: พิพิธภัณฑ์หอปูมละกอน | H8: √
A9: =ROW()-ROW($A$6)+1 -> 4 | B9: ตัวอย่างจำลองสินค้าเบ็ดเตล็ด | C9: 411-540119-00004 | D9: 500-54-0006 | E9: 19 ม.ค. 54 | F9: 35000 | G9: พิพิธภัณฑ์หอปูมละกอน | H9: √
A10: =ROW()-ROW($A$6)+1 -> 5 | B10: อุปกรณ์ตกแต่งในตลาด 1 ชุด | C10: 411-540119-00005 | D10: 500-54-0007 | E10: 19 ม.ค. 54 | F10: 10000 | G10: พิพิธภัณฑ์หอปูมละกอน | H10: √
B11: จำนวน 5 รายการ | F11: =SUBTOTAL(9,F6:F10) -> 130000

Sheet ยานพาหนะ
A1: ทะเบียนรายงานผลการตรวจนับครุภัณฑ์ของสำนักการศึกษา ประจำปี 2567
A2: ณ วันที่ 30 กันยายน 2567 (เทศบัญญัติ)
A3: ครุภัณฑ์ยานพาหนะและขนส่ง
A4: ลำดับที่ | B4: รายการ | C4: หมายเลข E-laas | D4: หมายเลขครุภัณฑ์ | E4: วัน เดือน ปี ที่ได้มา | F4: ราคาที่ได้มา | G4: สถานที่ใช้งาน | H4: สภาพครุภัณฑ์
H5: ใช้ได้ | I5: ชำรุด | J5: เสื่อมสภาพ | K5: สูญหาย | L5: เก็บไว้นาน | M5: หมดความจำเป็น | N5: หมายเหตุ
A6: =ROW()-ROW(อื่นๆ!$A$6)+1 -> 1 | B6: รถจักยานยนต์ HONDA SOOPY-I | C6: 402-660830-00001 | D6: 024-66-0112 | E6: 23 พ.ย. 65 | F6: 50000 | G6: สำนักการศึกษา เทศบาลนครลำปาง | H6: √
B7: จำนวน 1 รายการ | F7: =SUBTOTAL(9,F6:F6) -> 50000

Sheet งานบ้าน
A1: ทะเบียนรายงานผลการตรวจนับครุภัณฑ์ของสำนักการศึกษา ประจำปี 2567
A2: ณ วันที่ 30 กันยายน 2567 (เทศบัญญัติ)
A3: ครุภัณฑ์งานบ้านงานครัว
A4: ลำดับที่ | B4: รายการ | C4: หมายเลข E-laas | D4: หมายเลขครุภัณฑ์ | E4: วัน เดือน ปี ที่ได้มา | F4: ราคาที่ได้มา | G4: สถานที่ใช้งาน | H4: สภาพครุภัณฑ์
H5: ใช้ได้ | I5: ชำรุด | J5: เสื่อมสภาพ | K5: สูญหาย | L5: เก็บไว้นาน | M5: หมดความจำเป็น | N5: หมายเหตุ
A6: =ROW()-ROW(สำนักงาน!$A$6)+1 -> 1 | B6: ผ้าม่านหน้าต่าง 2 ชั้น พร้อมอุปกรณ์ สีครีม | C6: 412-62111-00017 | D6: 434-62-0039 | E6: 30 พ.ย. 61 | F6: 9416 | G6: มิวเซี่ยม(ลำปาง) | H6: √ | N6: ห้องประชุม | O6: =SUM(F6:F35) -> 382418
A7: =ROW()-ROW(สำนักงาน!$A$6)+1 -> 2 | B7: ผ้าม่านหน้าต่าง 2 ชั้น พร้อมอุปกรณ์ สีครีม | C7: 412-62111-00018 | D7: 434-62-0040 | E7: 30 พ.ย. 61 | F7: 9416 | G7: มิวเซี่ยม(ลำปาง) | H7: √ | N7: ห้องประชุม
A8: =ROW()-ROW(สำนักงาน!$A$6)+1 -> 3 | B8: ผ้าม่านหน้าต่าง 2 ชั้น พร้อมอุปกรณ์ สีครีม | C8: 412-62111-00019 | D8: 434-62-0041 | E8: 30 พ.ย. 61 | F8: 9416 | G8: มิวเซี่ยม(ลำปาง) | H8: √ | N8: ห้องอเนกประสงค์ ชั้น 2
A9: =ROW()-ROW(สำนักงาน!$A$6)+1 -> 4 | B9: ผ้าม่านหน้าต่าง 2 ชั้น พร้อมอุปกรณ์ สีครีม | C9: 412-62111-00020 | D9: 434-62-0042 | E9: 30 พ.ย. 61 | F9: 9416 | G9: มิวเซี่ยม(ลำปาง) | H9: √ | N9: ห้องละหมาด
A10: =ROW()-ROW(สำนักงาน!$A$6)+1 -> 5 | B10: ผ้าม่านหน้าต่าง 2 ชั้น พร้อมอุปกรณ์ สีครีม | C10: 412-62111-00021 | D10: 434-62-0043 | E10: 30 พ.ย. 61 | F10: 9416 | G10: มิวเซี่ยม(ลำปาง) | H10: √ | N10: ห้องสำนักงาน
A11: =ROW()-ROW(สำนักงาน!$A$6)+1 -> 6 | B11: ผ้าม่านหน้าต่าง 2 ชั้น พร้อมอุปกรณ์ สีครีม | C11: 412-62111-00022 | D11: 434-62-0044 | E11: 30 พ.ย. 61 | F11: 9416 | G11: มิวเซี่ยม(ลำปาง) | H11: √ | N11: ห้องสำนักงาน
A12: =ROW()-ROW(สำนักงาน!$A$6)+1 -> 7 | B12: ผ้าม่านหน้าต่าง 2 ชั้น พร้อมอุปกรณ์ สีครีม | C12: 412-62111-00023 | D12: 434-62-0045 | E12: 30 พ.ย. 61 | F12: 9416 | G12: มิวเซี่ยม(ลำปาง) | H12: √ | N12: ห้องสำนักงาน
A13: =ROW()-ROW(สำนักงาน!$A$6)+1 -> 8 | B13: ผ้าม่านหน้าต่าง 2 ชั้น พร้อมอุปกรณ์ สีครีม | C13: 412-62111-00024 | D13: 434-62-0046 | E13: 30 พ.ย. 61 | F13: 9416 | G13: มิวเซี่ยม(ลำปาง) | H13: √ | N13: ห้องเก็บของ
A14: =ROW()-ROW(สำนักงาน!$A$6)+1 -> 9 | B14: ผ้าม่านหน้าต่าง 2 ชั้น พร้อมอุปกรณ์ สีครีม | C14: 412-62111-00025 | D14: 434-62-0047 | E14: 30 พ.ย. 61 | F14: 9416 | G14: มิวเซี่ยม(ลำปาง) | H14: √ | N14: ห้องนิทรรศหมุนเวียนท้องถิ่น
A15: =ROW()-ROW(สำนักงาน!$A$6)+1 -> 10 | B15: ผ้าม่านหน้าต่าง 2 ชั้น พร้อมอุปกรณ์ สีครีม | C15: 412-62111-00026 | D15: 434-62-0048 | E15: 30 พ.ย. 61 | F15: 9416 | G15: มิวเซี่ยม(ลำปาง) | H15: √ | N15: ห้องนิทรรศหมุนเวียนท้องถิ่น
A16: =ROW()-ROW(สำนักงาน!$A$6)+1 -> 11 | B16: ผ้าม่านหน้าต่าง 2 ชั้น พร้อมอุปกรณ์ สีครีม | C16: 412-62111-00027 | D16: 434-62-0049 | E16: 30 พ.ย. 61 | F16: 9416 | G16: มิวเซี่ยม(ลำปาง) | H16: √ | N16: ห้องนิทรรศหมุนเวียนท้องถิ่น
A17: =ROW()-ROW(สำนักงาน!$A$6)+1 -> 12 | B17: ผ้าม่านหน้าต่าง 2 ชั้น พร้อมอุปกรณ์ สีครีม | C17: 412-62111-00028 | D17: 434-62-0050 | E17: 30 พ.ย. 61 | F17: 13482 | G17: มิวเซี่ยม(ลำปาง) | H17: √ | N17: ห้องนิทรรศหมุนเวียนท้องถิ่น
A18: =ROW()-ROW(สำนักงาน!$A$6)+1 -> 13 | B18: ผ้าม่านหน้าต่าง 2 ชั้น พร้อมอุปกรณ์ สีครีม | C18: 412-62111-00029 | D18: 434-62-0051 | E18: 30 พ.ย. 61 | F18: 9416 | G18: มิวเซี่ยม(ลำปาง) | H18: √ | N18: ห้องนิทรรศหมุนเวียนท้องถิ่น
... A35: =ROW()-ROW(สำนักงาน!$A$6)+1 -> 30 | B35: ผ้าม่านหลุยส์ 2 ชั้น พร้อมอุปกรณ์ สีครีม | C35: 412-62111-00046 | D35: 434-62-0068 | E35: 30 พ.ย. 61 | F35: 31993 | G35: มิวเซี่ยม(ลำปาง) | H35: √ | N35: ห้องอ่านหนังสือ TK
A36: =ROW()-ROW(สำนักงาน!$A$6)+1 -> 31 | B36: เครื่องทำน้ำร้อน - น้ำเย็น แบบตู้ตั้งพื้น ยี่ห้อชาร์ป | C36: 412-590208-00002 | D36: 439-59-0083 | E36: 21589 | F36: 5990 | G36: อุทยานการเรียนรู้ | H36: √ | O36: =SUM(F36:F40) -> 48690
A37: =ROW()-ROW(สำนักงาน!$A$6)+1 -> 32 | B37: ตู้ทำน้ำเย็นยี่ห้อ Sharp รุ่น 5B-C10 | C37: 412-600407-00001 | D37: 439-60-0084 | E37: 7 เม.ย. 60 | F37: 4350 | G37: มิวเซี่ยม(ลำปาง) | H37: √ | N37: ห้องเก็บของฝั่ง TK
A38: =ROW()-ROW(สำนักงาน!$A$6)+1 -> 33 | B38: ตู้ทำน้ำเย็นยี่ห้อ Sharp รุ่น 5B-C10 | C38: 412-600407-00002 | D38: 439-60-0085 | E38: 7 เม.ย. 60 | F38: 4350 | G38: มิวเซี่ยม(ลำปาง) | H38: √ | N38: โถงต้อนรับ
A39: =ROW()-ROW(สำนักงาน!$A$6)+1 -> 34 | B39: เครื่องทำน้ำเย็นแบบต่อท่อขนาด 2 ก๊อก ยี่ห้อ Standard | C39: 401-640927-00013 | D39: 439-64-0092 | E39: 9 ก.ย. 64 | F39: 17000 | G39: งานกีฬาและนันทนาการ | H39: √
A40: =ROW()-ROW(สำนักงาน!$A$6)+1 -> 35 | B40: เครื่องทำน้ำเย็นแบบต่อท่อขนาด 2 ก๊อก ยี่ห้อ Standard | C40: 401-640927-00014 | D40: 439-64-0093 | E40: 9 ก.ย. 64 | F40: 17000 | G40: งานกีฬาและนันทนาการ | H40: √
A41: =ROW()-ROW(สำนักงาน!$A$6)+1 -> 36 | B41: เตียงเหล็ก พร้อมที่นอน ขนาด 3.5 ฟุต และหมอนหนุน | C41: 412-640903-00063 | D41: 440-64-0108 | E41: 26 ส.ค. 64 | F41: 5200 | G41: งานกีฬาและนันทนาการ | H41: √ | O41: =SUM(F41:F42) -> 10400
A42: =ROW()-ROW(สำนักงาน!$A$6)+1 -> 37 | B42: เตียงเหล็ก พร้อมที่นอน ขนาด 3.5 ฟุต และหมอนหนุน | C42: 412-640903-00064 | D42: 440-64-0109 | E42: 26 ส.ค. 64 | F42: 5200 | G42: งานกีฬาและนันทนาการ | H42: √
A43: =ROW()-ROW(สำนักงาน!$A$6)+1 -> 38 | B43: เครื่องตัดหญ้าแบบข้ออ่อน | C43: 412-660830-00001 | D43: 441-66-0183 | E43: 28 ต.ค. 65 | F43: 10600 | G43: อุทยานการเรียนรู้ LK | H43: √
A44: =ROW()-ROW(สำนักงาน!$A$6)+1 -> 39 | B44: เครื่องกรองน้ำสแตนเลส | C44: 412-660905-00001 | D44: 701-66-0032 | E44: 24322 | F44: 3900 | G44: อาคารศูนย์กีฬาและนันทนาการ | H44: √ | O44: =SUM(F44:F45) -> 7800
A45: =ROW()-ROW(สำนักงาน!$A$6)+1 -> 40 | B45: เครื่องกรองน้ำสแตนเลส | C45: 412-660905-00002 | D45: 701-66-0033 | E45: 24322 | F45: 3900 | G45: อาคารศูนย์กีฬาและนันทนาการ | H45: √
A46: =ROW()-ROW(สำนักงาน!$A$6)+1 -> 41 | B46: ตู้เย็น | C46: 412-370127-00001 | D46: 703-37-0020 | E46: 13548 | F46: 5778 | G46: สำนักการศึกษา ชั้น 3 | H46: √ | N46: หน้าห้องน้ำ ชั้น 3 | O46: =SUM(F46:F50) -> 40648
A47: =ROW()-ROW(สำนักงาน!$A$6)+1 -> 42 | B47: ตู้เย็นแบบ 2 ประตู 7 คิว ยี่ห้อ Sumsung รุ่น RT20FGRVDSA | C47: 412-590208-00003 | D47: 703-59-0042 | E47: 8 ก.พ. 59 | F47: 9300 | G47: อุทยานการเรียนรู้ | H47: √
A48: =ROW()-ROW(สำนักงาน!$A$6)+1 -> 43 | B48: ตู้เย็นแบบ 2 ประตู ยี่ห้อ SHAPP | C48: 412-610220-00001 | D48: 703-61-0044 | E48: 20 ก.พ. 61 | F48: 8290 | G48: มิวเซี่ยม(ลำปาง) | H48: √ | N48: ห้องอเนกประสงค์ ชั้น 2
A49: =ROW()-ROW(สำนักงาน!$A$6)+1 -> 44 | B49: ตู้เย็นแบบ 2 ประตู ยี่ห้อ SHAPP | C49: 412-610220-00002 | D49: 703-61-0045 | E49: 20 ก.พ. 61 | F49: 8290 | G49: มิวเซี่ยม(ลำปาง) | H49: √ | N49: ห้องพยาบาล
A50: =ROW()-ROW(สำนักงาน!$A$6)+1 -> 45 | B50: ตู้เย็น 2 ประตู ขนาด 9.2 คิว ยี่ห้อ LG | C50: 412-640903-00062 | D50: 703-64-0046 | E50: 19 ส.ค. 64 | F50: 8990 | G50: งานกีฬาและนันทนาการ | H50: √
B51: จำนวน 45 รายการ | F51: =SUBTOTAL(9,F6:F50) -> 500556

Sheet โฆษณา
A1: ทะเบียนรายงานผลการตรวจนับครุภัณฑ์ของสำนักการศึกษา ประจำปี 2567
A2: ณ วันที่ 30 กันยายน 2567 (เทศบัญญัติ)
A3: ครุภัณฑ์โฆษณาและเผยแพร่
A4: ลำดับที่ | B4: รายการ | C4: หมายเลข E-laas | D4: หมายเลขครุภัณฑ์ | E4: วัน เดือน ปี ที่ได้มา | F4: ราคาที่ได้มา | G4: สถานที่ใช้งาน | H4: สภาพครุภัณฑ์
H5: ใช้ได้ | I5: ชำรุด | J5: เสื่อมสภาพ | K5: สูญหาย | L5: เก็บไว้นาน | M5: หมดความจำเป็น | N5: หมายเหตุ
A6: =ROW()-ROW(สำนักงาน!$A$6)+1 -> 1 | B6: จอรับภาพขนาด 100 นิ้ว ชนิดมอเตอร์ | C6: 404-530131-00003 | D6: 444-53-0001 | E6: 31 ม.ค. 53 | F6: 9500 | G6: หอสมุดประชาชน | H6: √ | O6: / | P6: =SUM(โฆษณา!F6:F11) -> 2273793.6
A7: =ROW()-ROW(สำนักงาน!$A$6)+1 -> 2 | B7: จอรับภาพ | C7: 404-580202-00001 | D7: 444-58-0024 | E7: 21218 | F7: 9999.15 | G7: หอสมุดประชาชน | H7: √ | O7: /
A8: =ROW()-ROW(สำนักงาน!$A$6)+1 -> 3 | B8: จอรับภาพชนิดมอเตอร์ไฟฟ้า ยี่ห้อ Screenboy | C8: 404-610305-00002 | D8: 444-61-0029 | E8: 5 มี.ค. 61 | F8: 19500 | G8: มิวเซี่ยม(ลำปาง) | H8: √ | N8: ห้องประชุมเล็ก | O8: /
A9: =ROW()-ROW(สำนักงาน!$A$6)+1 -> 4 | B9: ป้าย IndoorFullcolorScreen แบบ FrontService ชนิดหลอด | C9: 404-631012-00007 | D9: 444-63-0062 | E9: 30 มี.ค. 63 | F9: 1070000 | G9: งานพิพิธภัณฑ์(มิวเซียม) | H9: √ | N9: โถงต้อนรับ | O9: /
A10: =ROW()-ROW(สำนักงาน!$A$6)+1 -> 5 | B10: จอมอนิเตอร์ LED ขนาด 82" อุปกรณ์สับสัญญาณเสียง ชนิด 4 ช่อง งานเดินระบบสายสัญญาณภาพใช้สาย | C10: 404-631012-00008 | D10: 444-63-0061 | E10: 30 มี.ค. 63 | F10: 102559.5 | G10: งานพิพิธภัณฑ์(มิวเซียม) | H10: √ | N10: ห้องสื่อมัลติมีเดีย | O10: /
A11: =ROW()-ROW(สำนักงาน!$A$6)+1 -> 6 | B11: จอแสดงภาพ LED FULL COLOR DISPLAY | C11: 404-650815-00001 | D11: 444-65-0065 | E11: 6 ต.ค. 64 | F11: 1062235 | G11: มิวเซียมลำปาง | H11: √ | N11: ห้องมัลติมีเดีย | O11: /
A12: =ROW()-ROW(สำนักงาน!$A$6)+1 -> 7 | B12: โปรเจ็คเตอร์ | C12: 404-580202-00002 | D12: 446-58-0014 | E12: 21218 | F12: 44779.5 | G12: หอสมุดประชาชน | H12: √ | O12: /
A13: =ROW()-ROW(สำนักงาน!$A$6)+1 -> 8 | B13: เครื่องเล่นสื่อโสต สำหรับชุดเจ้าเมืองและตำนานนางสุชาดา | C13: 404-581125-00001 | D13: 448-59-0015 | E13: 21514 | F13: 30000 | G13: พิพิธภัณฑ์หอปูมละกอน | H13: √ | P13: แก้รหัส เป็น 448
A14: =ROW()-ROW(สำนักงาน!$A$6)+1 -> 9 | B14: จอสัมผัส ขนาด 27 นิ้ว ชุดมัลติมีเดียสำหรับลงคำปฎิญาณ | C14: 404-581125-00002 | D14: 448-59-0016 | E14: 21514 | F14: 59990 | G14: พิพิธภัณฑ์หอปูมละกอน | H14: √ | P14: แก้รหัส เป็น 448
A15: =ROW()-ROW(สำนักงาน!$A$6)+1 -> 10 | B15: เครื่องเล่นสื่อโสต สำหรับชุดมัลติเดียลงคำปฎิญาณ | C15: 404-581125-00003 | D15: 448-59-0017 | E15: 21514 | F15: 30000 | G15: พิพิธภัณฑ์หอปูมละกอน | H15: √ | O15: =SUM(F12:F15) -> 164769.5 | P15: แก้รหัส เป็น 448
A16: =ROW()-ROW(สำนักงาน!$A$6)+1 -> 11 | B16: เครื่องมัลติมีเดียโปรเจคเตอร์ ยี่ห้อ EPSON รุ่น EB-X04 | C16: 404-610305-00001 | D16: 447-61-0032 | E16: 5 มี.ค. 61 | F16: 23900 | G16: มิวเซี่ยม(ลำปาง) | H16: √ | N16: ห้องประชุมเล็ก | O16: /
A17: =ROW()-ROW(สำนักงาน!$A$6)+1 -> 12 | B17: เครื่องฉายภาพ Projector ยี่ห้อ NEC รุ่น PA-703 ความละเอียด 6200 ansilumens พร้อมเลนส์ พร้อมขาแขวน Projector | C17: 404-640903-00001 | D17: 447-64-0042 | E17: 29 ต.ค. 63 | F17: 108400 | G17: มิวเซียมลำปาง | H17: √ | N17: ห้องนิทรรศการถาวร ชั้น 2 | O17: =SUM(F16:F26) -> 636000
A18: =ROW()-ROW(สำนักงาน!$A$6)+1 -> 13 | B18: เครื่องฉายภาพ Projector ยี่ห้อ NEC รุ่น PA-703 ความละเอียด 6200 ansilumens พร้อมเลนส์ พร้อมขาแขวน Projector | C18: 404-640903-00002 | D18: 447-64-0043 | E18: 29 ต.ค. 63 | F18: 89800 | G18: มิวเซียมลำปาง | H18: √ | N18: ห้องนิทรรศการถาวร ชั้น 2 | O18: /
A19: =ROW()-ROW(สำนักงาน!$A$6)+1 -> 14 | B19: เครื่องฉายภาพ Projector ยี่ห้อ NEC รุ่น PA-703 ความละเอียด 6200 ansilumens พร้อมเลนส์ พร้อมขาแขวน Projector | C19: 404-640903-00003 | D19: 447-64-0044 | E19: 29 ต.ค. 63 | F19: 89800 | G19: มิวเซียมลำปาง | H19: √ | N19: ห้องนิทรรศการถาวร ชั้น 2 | O19: /
A20: =ROW()-ROW(สำนักงาน!$A$6)+1 -> 15 | B20: เครื่องฉายภาพ Projector ยี่ห้อ NEC รุ่น PA-703 ความละเอียด 6200 ansilumens พร้อมเลนส์ พร้อมขาแขวน Projector | C20: 404-640903-00004 | D20: 447-64-0045 | E20: 29 ต.ค. 63 | F20: 89800 | G20: มิวเซียมลำปาง | H20: √ | N20: ห้องนิทรรศการถาวร ชั้น 2 | O20: /
A21: =ROW()-ROW(สำนักงาน!$A$6)+1 -> 16 | B21: เครื่องฉายภาพ Projector ยี่ห้อ NEC รุ่น PA-703 ความละเอียด 6200 ansilumens พร้อมเลนส์ พร้อมขาแขวน Projector | C21: 404-640903-00005 | D21: 447-64-0046 | E21: 29 ต.ค. 63 | F21: 89800 | G21: มิวเซียมลำปาง | H21: √ | N21: ห้องนิทรรศการถาวร ชั้น 2 | O21: /
A22: =ROW()-ROW(สำนักงาน!$A$6)+1 -> 17 | B22: เครื่องมัลติมีเดียโปรเจคเตอร์ ระบบ XGA ขนาด 4000 ANSI Lumens | C22: 404-660830-00002 | D22: 447-66-0053 | E22: 24124 | F22: 28900 | G22: มิวเซียม ห้องนิทรรศการถาวร | H22: √ | N22: ห้องนิทรรศการถาวร ชั้น 2 | O22: /
A23: =ROW()-ROW(สำนักงาน!$A$6)+1 -> 18 | B23: เครื่องมัลติมีเดียโปรเจคเตอร์ ระบบ XGA ขนาด 4000 ANSI Lumens | C23: 404-660830-00003 | D23: 447-66-0054 | E23: 24124 | F23: 28900 | G23: มิวเซียม ห้องนิทรรศการถาวร | H23: √ | N23: ห้องนิทรรศการถาวร ชั้น 2 | O23: /
A24: =ROW()-ROW(สำนักงาน!$A$6)+1 -> 19 | B24: เครื่องมัลติมีเดียโปรเจคเตอร์ ระบบ XGA ขนาด 4000 ANSI Lumens | C24: 404-660830-00004 | D24: 447-66-0055 | E24: 24124 | F24: 28900 | G24: มิวเซียม ห้องนิทรรศการถาวร | H24: √ | N24: ห้องนิทรรศการถาวร ชั้น 2 | O24: /
A25: =ROW()-ROW(สำนักงาน!$A$6)+1 -> 20 | B25: เครื่องมัลติมีเดียโปรเจคเตอร์ ระบบ XGA ขนาด 4000 ANSI Lumens | C25: 404-660830-00005 | D25: 447-66-0056 | E25: 24124 | F25: 28900 | G25: มิวเซียม ห้องนิทรรศการถาวร | H25: √ | N25: ห้องนิทรรศการถาวร ชั้น 2 | O25: /
A26: =ROW()-ROW(สำนักงาน!$A$6)+1 -> 21 | B26: เครื่องมัลติมีเดียโปรเจคเตอร์ ระบบ XGA ขนาด 4000 ANSI Lumens | C26: 404-660830-00006 | D26: 447-66-0057 | E26: 24124 | F26: 28900 | G26: มิวเซียม ห้องนิทรรศการถาวร | H26: √ | N26: ห้องนิทรรศการถาวร ชั้น 2 | O26: /
A27: =ROW()-ROW(สำนักงาน!$A$6)+1 -> 22 | B27: เครื่องควบคุมลำดับ ชุดมัลติมีเดียสำหรับลงคำปฎิญาณ | C27: 404-581125-00004 | D27: 448-59-0018 | E27: 25 พ.ย. 58 | F27: 37000 | G27: พิพิธภัณฑ์หอปูมละกอน | J27: √
A28: =ROW()-ROW(ไฟฟ้าและวิทยุ!$A$6)+1 -> 23 | B28: กล้องถ่ายภาพนิ่งระบบดิจิตอล ยี่ห้อ CANNON | C28: 404-600515-00001 | D28: 452-60-0081 | E28: 15 พ.ค. 60 | F28: 8990 | G28: มิวเซี่ยม(ลำปาง) | H28: √ | O28: /
A29: =ROW()-ROW(สำนักงาน!$A$6)+1 -> 24 | B29: LCD TV 40 นิ้ว ระดับความละเอียดจอภาพ ไม่น้อยกว่า 1366 (ชุดเจ้าแม่สุชาดา) | C29: 404-540119-00001 | D29: 456-54-0002 | E29: 19 ม.ค. 54 | F29: 37383 | G29: พิพิธภัณฑ์หอปูมละกอน | H29: √
A30: =ROW()-ROW(สำนักงาน!$A$6)+1 -> 25 | B30: Support For Lcd TV 40 นิ้ว ขาประกอบ (ชุดเจ้าแม่สุชาดา) | C30: 404-540119-00002 | D30: 456-54-0001 | E30: 19 ม.ค. 54 | F30: 6500 | G30: พิพิธภัณฑ์หอปูมละกอน | H30: √
A31: =ROW()-ROW(สำนักงาน!$A$6)+1 -> 26 | B31: โทรทัศน์ LCD ยี่ห้อ SAMSUNG UA40EH5000 | C31: 404-560808-00001 | D31: 456-56-0043 | E31: 20675 | F31: 15000 | G31: สำนักการศึกษา ชั้น 2 | H31: √ | N31: ผอ.สำนัก | O31: /
A32: =ROW()-ROW(สำนักงาน!$A$6)+1 -> 27 | B32: ทีวี LED ขนาด 55 นิ้ว ยี่ห้อ SHARP รุ่น L4-55LE460X | C32: 404-590223-00002 | D32: 456-59-0074 | E32: 23 ก.พ. 59 | F32: 34500 | G32: อุทยานการเรียนรู้ | H32: √ | O32: /
A33: =ROW()-ROW(สำนักงาน!$A$6)+1 -> 28 | B33: LED TV ชนิดพิเศษ ขนาด 49 นิ้ว พร้อมกรอบจอ พร้อมขาแขวน LED TV | C33: 404-640903-00006 | D33: 456-64-0109 | E33: 29 ต.ค. 63 | F33: 62500 | G33: มิวเซียมลำปาง | H33: √ | N33: ห้องนิทรรศการถาวร ชั้น 2 | O33: /
A34: =ROW()-ROW(สำนักงาน!$A$6)+1 -> 29 | B34: LED TV ชนิดพิเศษ ขนาด 49 นิ้ว พร้อมกรอบจอ พร้อมขาแขวน LED TV | C34: 404-640903-00007 | D34: 456-64-0110 | E34: 29 ต.ค. 63 | F34: 62500 | G34: มิวเซียมลำปาง | H34: √ | N34: ห้องนิทรรศการถาวร ชั้น 2 | O34: /
A35: =ROW()-ROW(สำนักงาน!$A$6)+1 -> 30 | B35: LED TV ชนิดพิเศษ ขนาด 49 นิ้ว พร้อมกรอบจอ พร้อมขาแขวน LED TV | C35: 404-640903-00008 | D35: 456-64-0111 | E35: 29 ต.ค. 63 | F35: 62500 | G35: มิวเซียมลำปาง | H35: √ | N35: ห้องนิทรรศการถาวร ชั้น 2 | O35: /
A36: =ROW()-ROW(สำนักงาน!$A$6)+1 -> 31 | B36: LED TV ชนิดพิเศษ ขนาด 49 นิ้ว พร้อมกรอบจอ พร้อมขาแขวน LED TV | C36: 404-640903-00009 | D36: 456-64-0112 | E36: 29 ต.ค. 63 | F36: 62500 | G36: มิวเซียมลำปาง | H36: √ | N36: ห้องนิทรรศการถาวร ชั้น 2 | O36: /
A37: =ROW()-ROW(สำนักงาน!$A$6)+1 -> 32 | B37: LED TV ชนิดพิเศษ ขนาด 32 นิ้ว ยี่ห้อ SAMSUNG | C37: 404-640903-00010 | D37: 456-64-0113 | E37: 29 ต.ค. 63 | F37: 32100 | G37: มิวเซียมลำปาง | H37: √ | N37: ห้องนิทรรศการถาวร ชั้น 2 | O37: /
A38: =ROW()-ROW(สำนักงาน!$A$6)+1 -> 33 | B38: LED TV ชนิดพิเศษ ขนาด 32 นิ้ว ยี่ห้อ SAMSUNG | C38: 404-640903-00011 | D38: 456-64-0114 | E38: 29 ต.ค. 63 | F38: 32100 | G38: มิวเซียมลำปาง | H38: √ | N38: ห้องนิทรรศการถาวร ชั้น 2 | O38: /
A39: =ROW()-ROW(สำนักงาน!$A$6)+1 -> 34 | B39: LED TV ชนิดพิเศษ ขนาด 32 นิ้ว ยี่ห้อ SAMSUNG | C39: 404-640903-00012 | D39: 456-64-0115 | E39: 29 ต.ค. 63 | F39: 32100 | G39: มิวเซียมลำปาง | H39: √ | N39: ห้องนิทรรศการถาวร ชั้น 2 | O39: /
A40: =ROW()-ROW(สำนักงาน!$A$6)+1 -> 35 | B40: LED TV ชนิดพิเศษ ขนาด 32 นิ้ว ยี่ห้อ SAMSUNG | C40: 404-640903-00013 | D40: 456-64-0116 | E40: 29 ต.ค. 63 | F40: 32100 | G40: มิวเซียมลำปาง | H40: √ | N40: ห้องนิทรรศการถาวร ชั้น 2 | O40: /
A41: =ROW()-ROW(สำนักงาน!$A$6)+1 -> 36 | B41: LED TV ชนิดธรรมดา ขนาด 49 นิ้ว ยี่ห้อ SAMSUNG | C41: 404-640903-00014 | D41: 456-64-0117 | E41: 29 ต.ค. 63 | F41: 42800 | G41: มิวเซียมลำปาง | H41: √ | N41: ห้องนิทรรศการถาวร ชั้น 2 | O41: /
A42: =ROW()-ROW(สำนักงาน!$A$6)+1 -> 37 | B42: LED TV ชนิดธรรมดา ขนาด 49 นิ้ว ยี่ห้อ SAMSUNG | C42: 404-640903-00015 | D42: 456-64-0118 | E42: 29 ต.ค. 63 | F42: 42800 | G42: มิวเซียมลำปาง | H42: √ | N42: ห้องนิทรรศการถาวร ชั้น 2 | O42: /
A43: =ROW()-ROW(สำนักงาน!$A$6)+1 -> 38 | B43: LED TV ชนิดธรรมดา ขนาด 49 นิ้ว ยี่ห้อ SAMSUNG | C43: 404-640903-00016 | D43: 456-64-0119 | E43: 29 ต.ค. 63 | F43: 42800 | G43: มิวเซียมลำปาง | H43: √ | N43: ห้องนิทรรศการถาวร ชั้น 2 | O43: /
A44: =ROW()-ROW(สำนักงาน!$A$6)+1 -> 39 | B44: LED TV ชนิดพิเศษ ขนาด 43 นิ้ว ยี่ห้อ SAMSUNG | C44: 404-640903-00017 | D44: 456-64-0120 | E44: 29 ต.ค. 63 | F44: 62100 | G44: มิวเซียมลำปาง | H44: √ | N44: ห้องนิทรรศการถาวร ชั้น 2 | O44: /
... A48: =ROW()-ROW(สำนักงาน!$A$6)+1 -> 43 | B48: โทรทัศน์จอแอลอีดี ขนาด 55 นิ้ว | C48: 404-640928-00001 | D48: 456-64-0125 | E48: 14 ก.ย. 64 | F48: 22500 | G48: มิวเซียมลำปาง | H48: √ | N48: ห้องระบบ TK | O48: /
A49: =ROW()-ROW(สำนักงาน!$A$6)+1 -> 44 | B49: โทรทัศน์จอแอลอีดี ขนาด 55 นิ้ว | C49: 404-640928-00002 | D49: 456-64-0126 | E49: 14 ก.ย. 64 | F49: 22500 | G49: มิวเซียมลำปาง | H49: √ | N49: ห้องระบบ TK | O49: =SUM(F29:F49) -> 858583
A50: =ROW()-ROW(ไฟฟ้าและวิทยุ!$A$6)+1 -> 45 | B50: ชุด CONTROL พร้อมเซทระบบ | C50: 404-650815-00002 | D50: 477-65-0004 | E50: 6 ต.ค. 64 | F50: 70620 | G50: มิวเซียมลำปาง | H50: √ | N50: ห้องมัลติมีเดีย | O50: /
A51: =ROW()-ROW(อื่นๆ!$A$6)+1 -> 46 | B51: Sensorwith Supply | C51: 403-540119-00006 | D51: 488-54-0005 | E51: 19 ม.ค. 54 | F51: 12000 | G51: พิพิธภัณฑ์หอปูมละกอน | J51: √ | O51: อยู่ในสำนักงาน
B52: จำนวน 46 รายการ | F52: =SUBTOTAL(9,F6:F51) -> 4061756.1

Sheet การเกษตร
A1: ทะเบียนรายงานผลการตรวจนับครุภัณฑ์ของสำนักการศึกษา ประจำปี 2567
A2: ณ วันที่ 30 กันยายน 2567 (เทศบัญญัติ)
A3: ครุภัณฑ์การเกษตร
A4: ลำดับที่ | B4: รายการ | C4: หมายเลข E-laas | D4: หมายเลขครุภัณฑ์ | E4: วัน เดือน ปี ที่ได้มา | F4: ราคาที่ได้มา | G4: สถานที่ใช้งาน | H4: สภาพครุภัณฑ์
H5: ใช้ได้ | I5: ชำรุด | J5: เสื่อมสภาพ | K5: สูญหาย | L5: เก็บไว้นาน | M5: หมดความจำเป็น | N5: หมายเหตุ
A6: =ROW()-ROW($A$6)+1 -> 1 | B6: ปั๊มน้ำอัตโนมัติแบบแรงดันคงที่ กำลังไฟ 350 วัตต์ สีเหลือง ยี่ห้อ MITSUBISHI ELECTRIC | C6: 405-62111-00011 | D6: 055-62-0239 | E6: 14 ส.ค. 62 | F6: 7650 | G6: สำนักการศึกษา | H6: √ | N6: ถ่ายเอกสารพี่โฉม
A7: =ROW()-ROW($A$6)+1 -> 2 | B7: ปั๊มน้ำอัตโนมัติระบบอินเวอร์เตอร์แรงไฟฟ้า 380 โวล์ สีเหลือง ยี่ห้อ MITSUBISHI ELECTRIC | C7: 405-62111-00012 | D7: 055-62-0240 | E7: 14 ส.ค. 62 | F7: 28500 | G7: สำนักการศึกษา | H7: √ | N7: ชั้นลอย ดาดฟ้า
A8: =ROW()-ROW($A$6)+1 -> 3 | B8: เครื่องปั๊มน้ำอัตโนมัติ ขนาด 350 วัตต์ แรงดันคงที่ | C8: 405-640927-00001 | D8: 055-64-0265 | E8: 30 มิ.ย. 64 | F8: 10500 | G8: งานกีฬาและนันทนาการ | H8: √
B9: จำนวน 3 รายการ | F9: =SUBTOTAL(9,F6:F8) -> 46650

Sheet วิทยาศาสตร์
A1: ทะเบียนรายงานผลการตรวจนับครุภัณฑ์ของสำนักการศึกษา ประจำปี 2567
A2: ณ วันที่ 30 กันยายน 2567 (เทศบัญญัติ)
A3: ครุภัณฑ์วิทยาศาสตร์หรือการแพทย์
A4: ลำดับที่ | B4: รายการ | C4: หมายเลข E-laas | D4: หมายเลขครุภัณฑ์ | E4: วัน เดือน ปี ที่ได้มา | F4: ราคาที่ได้มา | G4: สถานที่ใช้งาน | H4: สภาพครุภัณฑ์
H5: ใช้ได้ | I5: ชำรุด | J5: เสื่อมสภาพ | K5: สูญหาย | L5: เก็บไว้นาน | M5: หมดความจำเป็น | N5: หมายเหตุ
A6: =ROW()-ROW(สำนักงาน!$A$6)+1 -> 1 | B6: ตู้สำหรับล้างและเก็บอุปกรณ์ทางการแพทย์โครงสร้าง เป็นไม้ปาติเกิ้ลบอร์ด หน้าตู้ปิดด้วยลามิเนตพร้อมอ่างน้ำ และก็อกขนาดลึก 0.60 ยาว 1.20 สูง 0.80 ซม. | C6: 409-631012-00003 | D6: 239-63-0016 | E6: 30 มี.ค. 63 | F6: 19260 | G6: งานพิพิธภัณฑ์ (มิวเซียม) | H6: √ | N6: ห้องพยาบาล | O6: =SUM(F6:F7) -> 42800
A7: =ROW()-ROW(สำนักงาน!$A$6)+1 -> 2 | B7: ตู้ทรงสูงสำหรับเก็บอุปกรณ์ทางวิทยาศาสตร์โครงสร้าง เป็นไม้ปาติเกิ้ลบอร์ด ขนาดลึก 0.50 ยาว 1.20 สูง 2 ม. | C7: 409-631012-00004 | D7: 239-63-0017 | E7: 30 มี.ค. 63 | F7: 23540 | G7: งานพิพิธภัณฑ์ (มิวเซียม) | H7: √ | N7: ห้องพยาบาล
A8: =ROW()-ROW(สำนักงาน!$A$6)+1 -> 3 | B8: เตียงผู้ป่วยไกร์มือหมุน เตียงขนาด 0.80x1.85 ม. สูง 0.55 พร้อมที่นอนกันน้ำ 4 ตอน หนา 8 ซม. ผ้าปูที่นอนพร้อมปลอกหมอน-หมอนใยมะพร้าวหุ้มหนังเทียม | C8: 409-631012-00002 | D8: 282-63-0032 | E8: 30 มี.ค. 63 | F8: 19260 | G8: งานพิพิธภัณฑ์ (มิวเซียม) | H8: √ | N8: ห้องพยาบาล
A9: =ROW()-ROW(สำนักงาน!$A$6)+1 -> 4 | B9: เครื่องวัดอุณหภูมิ ยี่ห้อ CIG LL,MO-T260 | C9: 409-631012-00012 | D9: 298-63-0015 | E9: 9 มิ.ย. 63 | F9: 2500 | G9: พิพิธภัณฑ์หอปูมละกอน | J9: √ | O9: =SUM(F9:F17) -> 21110 | P9: อยู่ในสำนักงาน
A10: =ROW()-ROW(สำนักงาน!$A$6)+1 -> 5 | B10: เครื่องวัดอุณหภูมิ ยี่ห้อ HOCO,YQ6 | C10: 409-631012-00019 | D10: 298-63-0022 | E10: 9 มิ.ย. 63 | F10: 2500 | G10: งานศาสนา | H10: √ | N10: รับโอนจากกองสาธารณสุข
A11: =ROW()-ROW(สำนักงาน!$A$6)+1 -> 6 | B11: เครื่องวัดอุณหภูมิ ยี่ห้อ HOCO,YQ6 | C11: 409-631012-00020 | D11: 298-63-0023 | E11: 9 มิ.ย. 63 | F11: 2500 | G11: งานศาสนา | H11: √ | N11: รับโอนจากกองสาธารณสุข
A12: =ROW()-ROW(สำนักงาน!$A$6)+1 -> 7 | B12: เครื่องวัดอุณหภูมิ ยี่ห้อ HOCO,YQ6 | C12: 409-631012-00025 | D12: 298-63-0028 | E12: 9 มิ.ย. 63 | F12: 2500 | G12: ธุรการสำนักศึกษา | I12: √ | N12: รับโอนจากกองสาธารณสุข
A13: =ROW()-ROW(สำนักงาน!$A$6)+1 -> 8 | B13: เครื่องวัดอุณหภูมิ ยี่ห้อ DT-8806C | C13: 409-631012-00011 | D13: 298-63-0014 | E13: 9 มิ.ย. 63 | F13: 2500 | G13: มิวเซียมลำปาง | H13: √ | N13: ห้องพยาบาล
A14: =ROW()-ROW(สำนักงาน!$A$6)+1 -> 9 | B14: เครื่องวัดอุณหภูมิ ยี่ห้อ HOCO,FD-01MD | C14: 409-631012-00014 | D14: 298-63-0017 | E14: 9 มิ.ย. 63 | F14: 2500 | G14: มิวเซียมลำปาง | H14: √ | N14: ห้องพยาบาล
A15: =ROW()-ROW(สำนักงาน!$A$6)+1 -> 10 | B15: เครื่องวัดอุณหภูมิระบบอินฟาเรดทางหน้าผาก ใช้งานกลางแจ้งและในอาคาร พร้อมขาตั้ง ADAPTER | C15: 409-640903-00019 | D15: 298-64-0056 | E15: 29 ม.ค. 64 | F15: 2195 | G15: มิวเซียมลำปาง | H15: √ | N15: ห้องพยาบาล
A16: =ROW()-ROW(สำนักงาน!$A$6)+1 -> 11 | B16: เครื่องวัดอุณหภูมิระบบอินฟาเรดทางหน้าผาก ใช้งานกลางแจ้งและในอาคาร พร้อมขาตั้ง ADAPTER | C16: 409-640903-00020 | D16: 298-64-0057 | E16: 29 ม.ค. 64 | F16: 2195 | G16: อุทยานการเรียนรู้ | H16: √
A17: =ROW()-ROW(สำนักงาน!$A$6)+1 -> 12 | B17: เครื่องวัดอุณหภูมิอินฟราเรดชนิดมีขาตั้ง ใช้พลังงานไฟฟ้า พร้อม Adapter ใช้ได้ทั้งภายนอกและภายในอาคาร | C17: 409-650815-00006 | D17: 298-65-0076 | E17: 23741 | F17: 1720 | G17: สำนักการศึกษา ชั้น 2 | H17: √ | N17: กนกวรรณ | O17: รับโอนจากกองสาธารณสุข
B18: จำนวน 12 รายการ | F18: =SUBTOTAL(9,F6:F17) -> 83170

Sheet ก่อสร้าง
A1: ทะเบียนรายงานผลการตรวจนับครุภัณฑ์ของสำนักการศึกษา ประจำปี 2567
A2: ณ วันที่ 30 กันยายน 2567 (เทศบัญญัติ)
A3: ครุภัณฑ์ก่อสร้าง
A4: ลำดับที่ | B4: รายการ | C4: หมายเลข E-laas | D4: หมายเลขครุภัณฑ์ | E4: วัน เดือน ปี ที่ได้มา | F4: ราคาที่ได้มา | G4: สถานที่ใช้งาน | H4: สภาพครุภัณฑ์
H5: ใช้ได้ | I5: ชำรุด | J5: เสื่อมสภาพ | K5: สูญหาย | L5: เก็บไว้นาน | M5: หมดความจำเป็น | N5: หมายเหตุ
A6: =ROW()-ROW(สำนักงาน!$A$6)+1 -> 1 | B6: รถเข็นสามล้อโครงเหล็ก | C6: 407-660903-00001 | D6: 005-66-0134 | E6: 21 ต.ค. 65 | F6: 3600 | G6: อุทยานการเรียนรู้ | H6: √
B7: จำนวน 1 รายการ | F7: =SUBTOTAL(9,F6) -> 3600

Sheet กีฬา
A1: ทะเบียนรายงานผลการตรวจนับครุภัณฑ์ของสำนักการศึกษา ประจำปี 2567
A2: ณ วันที่ 30 กันยายน 2567 (เทศบัญญัติ)
A3: ครุภัณฑ์กีฬา
A4: ลำดับที่ | B4: รายการ | C4: หมายเลข E-laas | D4: หมายเลขครุภัณฑ์ | E4: วัน เดือน ปี ที่ได้มา | F4: ราคาที่ได้มา | G4: สถานที่ใช้งาน | H4: สภาพครุภัณฑ์
H5: ใช้ได้ | I5: ชำรุด | J5: เสื่อมสภาพ | K5: สูญหาย | L5: เก็บไว้นาน | M5: หมดความจำเป็น | N5: หมายเหตุ
A6: =ROW()-ROW($A$6)+1 -> 1 | B6: แป้นบาสเกตบอล | C6: 413-640903-00001 | D6: 806-64-0101 | E6: 6 ม.ค. 63 | F6: 10593 | G6: งานกีฬาและนันทนาการ | I6: √ | N6: 806-63-0101 | O6: =F6+F7+F281 -> 39186
A7: =ROW()-ROW($A$6)+1 -> 2 | B7: แป้นบาสเกตบอล | C7: 413-640903-00002 | D7: 806-64-0102 | E7: 6 ม.ค. 63 | F7: 10593 | G7: งานกีฬาและนันทนาการ | I7: √ | N7: 806-63-0102
A8: =ROW()-ROW($A$6)+1 -> 3 | B8: โต๊ะเทเบิลเทนนิส พร้อมเสาตาข่าย รุ่น DNS-T-1223 25 MM | C8: 413-640903-00008 | D8: 803-64-0001 | E8: 31 ส.ค. 64 | F8: 15000 | G8: งานกีฬาและนันทนาการ | H8: √ | O8: =SUM(F8:F11) -> 60000
A9: =ROW()-ROW($A$6)+1 -> 4 | B9: โต๊ะเทเบิลเทนนิส พร้อมเสาตาข่าย รุ่น DNS-T-1223 25 MM | C9: 413-640903-00009 | D9: 803-64-0002 | E9: 31 ส.ค. 64 | F9: 15000 | G9: งานกีฬาและนันทนาการ | H9: √
A10: =ROW()-ROW($A$6)+1 -> 5 | B10: โต๊ะเทเบิลเทนนิส พร้อมเสาตาข่าย รุ่น DNS-T-1223 25 MM | C10: 413-640903-00010 | D10: 803-64-0003 | E10: 31 ส.ค. 64 | F10: 15000 | G10: งานกีฬาและนันทนาการ | H10: √
A11: =ROW()-ROW($A$6)+1 -> 6 | B11: โต๊ะเทเบิลเทนนิส พร้อมเสาตาข่าย รุ่น DNS-T-1223 25 MM | C11: 413-640903-00011 | D11: 803-64-0004 | E11: 31 ส.ค. 64 | F11: 15000 | G11: งานกีฬาและนันทนาการ | H11: √
A12: =ROW()-ROW($A$6)+1 -> 7 | B12: ประตูฟุตซอล 2 ประตู 3x2 เมตร พร้อมตาข่าย | C12: 413-640903-00012 | D12: 812-64-0001 | E12: 31 ส.ค. 64 | F12: 17000 | G12: งานกีฬาและนันทนาการ | H12: √
A13: =ROW()-ROW($A$6)+1 -> 8 | B13: เก้าอี้กรรมการกีฬา | C13: 413-640903-00013 | D13: 813-64-0001 | E13: 31 ส.ค. 64 | F13: 9500 | G13: งานกีฬาและนันทนาการ | H13: √ | O13: =F13+F14 -> 26500
A14: =ROW()-ROW($A$6)+1 -> 9 | B14: เก้าอี้กรรมการกีฬาวอลเลย์บอล | C14: 413-640927-00001 | D14: 813-64-0002 | E14: 14 ก.ย. 64 | F14: 17000 | G14: งานกีฬาและนันทนาการ | H14: √
A15: =ROW()-ROW($A$6)+1 -> 10 | B15: เครื่องเล่นสนามกลางแจ้ง ขนาดไม่น้อยกว่า 250x520x180 ซม. | C15: 413-650815-00001 | D15: 808-65-0020 | E15: 24 ธ.ค. 64 | F15: 677800 | G15: งานกีฬาและนันทนาการ | H15: √ | N15: สวนเขลางค์ | O15: =SUM(F15:F30) -> 5593400
A16: =ROW()-ROW($A$6)+1 -> 11 | B16: เครื่องเล่นสนามกลางแจ้ง ขนาดไม่น้อยกว่า 250x520x180 ซม. | C16: 413-650815-00002 | D16: 808-65-0021 | E16: 24 ธ.ค. 64 | F16: 677800 | G16: งานกีฬาและนันทนาการ | H16: √ | N16: สวนภิรมย์ธาร
A17: =ROW()-ROW($A$6)+1 -> 12 | B17: เครื่องเล่นสนามกลางแจ้ง ขนาดไม่น้อยกว่า 250x520x180 ซม. | C17: 413-650815-00003 | D17: 808-65-0022 | E17: 24 ธ.ค. 64 | F17: 677800 | G17: งานกีฬาและนันทนาการ | H17: √ | N17: สวนเวียงละกอน
A18: =ROW()-ROW($A$6)+1 -> 13 | B18: เครื่องเล่นชิงช้า 6 ที่นั่ง ขนาดไม่น้อยกว่า 120x180x180 ซม. | C18: 413-650815-00004 | D18: 808-65-0023 | E18: 24 ธ.ค. 64 | F18: 282600 | G18: งานกีฬาและนันทนาการ | H18: √ | N18: สวนเขลางค์
A19: =ROW()-ROW($A$6)+1 -> 14 | B19: เครื่องเล่นชิงช้า 6 ที่นั่ง ขนาดไม่น้อยกว่า 120x180x180 ซม. | C19: 413-650815-00005 | D19: 808-65-0024 | E19: 24 ธ.ค. 64 | F19: 282600 | G19: งานกีฬาและนันทนาการ | H19: √ | N19: สวนภิรมย์ธาร
A20: =ROW()-ROW($A$6)+1 -> 15 | B20: เครื่องเล่นชิงช้า 6 ที่นั่ง ขนาดไม่น้อยกว่า 120x180x180 ซม. | C20: 413-650815-00006 | D20: 808-65-0025 | E20: 24 ธ.ค. 64 | F20: 282600 | G20: งานกีฬาและนันทนาการ | H20: √ | N20: สวนเวียงละกอน
A21: =ROW()-ROW($A$6)+1 -> 16 | B21: เครื่องเล่นม้าหมุน 4 ที่นั่ง ขนาดไม่น้อยกว่า 150x150x80 ซม. | C21: 413-650815-00007 | D21: 808-65-0026 | E21: 24 ธ.ค. 64 | F21: 217600 | G21: งานกีฬาและนันทนาการ | H21: √ | N21: สวนเขลางค์
A22: =ROW()-ROW($A$6)+1 -> 17 | B22: เครื่องเล่นม้าหมุน 4 ที่นั่ง ขนาดไม่น้อยกว่า 150x150x80 ซม. | C22: 413-650815-00008 | D22: 808-65-0027 | E22: 24 ธ.ค. 64 | F22: 217600 | G22: งานกีฬาและนันทนาการ | H22: √ | N22: สวนภิรมย์ธาร
A23: =ROW()-ROW($A$6)+1 -> 18 | B23: เครื่องเล่นม้าหมุน 4 ที่นั่ง ขนาดไม่น้อยกว่า 150x150x80 ซม. | C23: 413-650815-00009 | D23: 808-65-0028 | E23: 24 ธ.ค. 64 | F23: 217600 | G23: งานกีฬาและนันทนาการ | H23: √ | N23: สวนเวียงละกอน
A24: =ROW()-ROW($A$6)+1 -> 19 | B24: เครื่องเล่นสนามกลางแจ้ง ขนาดไม่น้อยกว่า 250x450x280 ซม. | C24: 413-650815-00010 | D24: 808-65-0029 | E24: 24 ธ.ค. 64 | F24: 552600 | G24: งานกีฬาและนันทนาการ | H24: √ | N24: สวนข่วงละกอน
A25: =ROW()-ROW($A$6)+1 -> 20 | B25: เครื่องเล่นสนามกลางแจ้ง ขนาดไม่น้อยกว่า 250x450x280 ซม. | C25: 413-650815-00011 | D25: 808-65-0030 | E25: 24 ธ.ค. 64 | F25: 552600 | G25: งานกีฬาและนันทนาการ | H25: √ | N25: สวนประตูเวียง
A26: =ROW()-ROW($A$6)+1 -> 21 | B26: เครื่องเล่นปีนป่าย ห่วงโหน และปีนป่ายผามหาสนุก 120x280x200 ซม. | C26: 413-650815-00012 | D26: 808-65-0031 | E26: 24 ธ.ค. 64 | F26: 257800 | G26: งานกีฬาและนันทนาการ | H26: √ | N26: สวนข่วงละกอน
A27: =ROW()-ROW($A$6)+1 -> 22 | B27: เครื่องเล่นปีนป่าย ห่วงโหน และปีนป่ายผามหาสนุก 120x280x200 ซม. | C27: 413-650815-00013 | D27: 808-65-0032 | E27: 24 ธ.ค. 64 | F27: 257800 | G27: งานกีฬาและนันทนาการ | H27: √ | N27: สวนประตูเวียง
... A29: =ROW()-ROW($A$6)+1 -> 24 | B29: เครื่องเล่นม้าหมุน 4 ที่นั่ง ขนาดไม่น้อยกว่า 150x150x80 ซม. | C29: 413-650815-00015 | D29: 808-65-0034 | E29: 24 ธ.ค. 64 | F29: 217600 | G29: งานกีฬาและนันทนาการ | H29: √ | N29: สวนประตูเวียง
A30: =ROW()-ROW($A$6)+1 -> 25 | B30: บันไดสไลด์เดอร์ | C30: 413-470624-00002 | D30: 808-47-0003 | E30: 9 พ.ค. 48 | F30: 3400 | G30: ห้องสมุดประชาชน | H30: √
A31: =ROW()-ROW($A$6)+1 -> 26 | B31: ชุดเตียงซิทอัพ | C31: 413-650815-00016 | D31: 807-65-0095 | E31: 23797 | F31: 257289.76 | G31: งานกีฬาและนันทนาการ | H31: √ | N31: สวนเวียงละกอน | O31: =SUM(F31:F279) -> 13603655
A32: =ROW()-ROW($A$6)+1 -> 27 | B32: ชุดบริหารหน้าท้อง | C32: 413-650815-00017 | D32: 807-65-0096 | E32: 23797 | F32: 256789.77 | G32: งานกีฬาและนันทนาการ | H32: √ | N32: สวนเวียงละกอน
A33: =ROW()-ROW($A$6)+1 -> 28 | B33: ชุดบริหารหัวไหล่ | C33: 413-650815-00018 | D33: 807-65-0097 | E33: 23797 | F33: 278289.77 | G33: งานกีฬาและนันทนาการ | H33: √ | N33: สวนเวียงละกอน
A34: =ROW()-ROW($A$6)+1 -> 29 | B34: ชุดบริหารขาแบบก้าวเดิน | C34: 413-650815-00019 | D34: 807-65-0098 | E34: 23797 | F34: 264289.77 | G34: งานกีฬาและนันทนาการ | H34: √ | N34: สวนเวียงละกอน
A35: =ROW()-ROW($A$6)+1 -> 30 | B35: ชุดบริหารขาแบบจักรยานก้าวเดิน | C35: 413-650815-00020 | D35: 807-65-0099 | E35: 23797 | F35: 264289.77 | G35: งานกีฬาและนันทนาการ | H35: √ | N35: สวนเวียงละกอน
A36: =ROW()-ROW($A$6)+1 -> 31 | B36: ชุดบาร์ยกตัวพร้อมจานหมุนเอว | C36: 413-650815-00021 | D36: 807-65-0100 | E36: 23797 | F36: 259289.77 | G36: งานกีฬาและนันทนาการ | H36: √ | N36: สวนเวียงละกอน
A37: =ROW()-ROW($A$6)+1 -> 32 | B37: ชุดบริหารสะโพก ลุกตุ้มแกว่งตัว | C37: 413-650815-00022 | D37: 807-65-0101 | E37: 23797 | F37: 249789.77 | G37: งานกีฬาและนันทนาการ | H37: √ | N37: สวนเวียงละกอน
A38: =ROW()-ROW($A$6)+1 -> 33 | B38: ชุดบริหารข้อเท้าและเข่า | C38: 413-650815-00023 | D38: 807-65-0102 | E38: 23797 | F38: 239789.77 | G38: งานกีฬาและนันทนาการ | H38: √ | N38: สวนเวียงละกอน
A39: =ROW()-ROW($A$6)+1 -> 34 | B39: ชุดเตียงซิทอัพ | C39: 413-650815-00024 | D39: 807-65-0103 | E39: 23797 | F39: 257289.76 | G39: งานกีฬาและนันทนาการ | H39: √ | N39: สวนเขลางค์
A40: =ROW()-ROW($A$6)+1 -> 35 | B40: ชุดบริหารหน้าท้อง | C40: 413-650815-00025 | D40: 807-65-0104 | E40: 23797 | F40: 256789.77 | G40: งานกีฬาและนันทนาการ | H40: √ | N40: สวนเขลางค์
A41: =ROW()-ROW($A$6)+1 -> 36 | B41: ชุดบริหารหัวไหล่ | C41: 413-650815-00026 | D41: 807-65-0105 | E41: 23797 | F41: 278289.77 | G41: งานกีฬาและนันทนาการ | H41: √ | N41: สวนเขลางค์
A42: =ROW()-ROW($A$6)+1 -> 37 | B42: ชุดบริหารขาแบบก้าวเดิน | C42: 413-650815-00027 | D42: 807-65-0106 | E42: 23797 | F42: 264289.77 | G42: งานกีฬาและนันทนาการ | H42: √ | N42: สวนเขลางค์
A43: =ROW()-ROW($A$6)+1 -> 38 | B43: ชุดบริหารขาแบบจักรยานก้าวเดิน | C43: 413-650815-00028 | D43: 807-65-0107 | E43: 23797 | F43: 264289.77 | G43: งานกีฬาและนันทนาการ | H43: √ | N43: สวนเขลางค์
... A279: =ROW()-ROW($A$6)+1 -> 274 | B279: อุปกรณ์แกว่งบริหารขา และข้อเข่า | C279: 413-650815-00264 | D279: 807-65-0343 | E279: 23797 | F279: 34189.78 | G279: งานกีฬาและนันทนาการ | H279: √ | N279: รร.เทศบาล 4
A280: =ROW()-ROW($A$6)+1 -> 275 | B280: ชิงช้า | C280: 413-470624-00001 | D280: 810-47-0001 | E280: 24 มิ.ย. 47 | F280: 9000 | G280: ห้องสมุดประชาชน | H280: √
A281: =ROW()-ROW($A$6)+1 -> 276 | B281: เสาบาสเกตบอลโครงเหล็กพร้อมแป้นพลาสติก ขนาด 15 มล. พร้อมห่วง และตาข่าย | C281: 413-670809-00002 | D281: 811-67-0011 | E281: 243718 | F281: 18000 | G281: งานกีฬาและนันทนาการ | H281: √
A282: =ROW()-ROW($A$6)+1 -> 277 | B282: อัฒฑจันทร์สำเร็จรูประบบไฟฟ้า | C282: 413-650819-00001 | D282: 814-65-0001 | E282: 23892 | F282: 4700000 | G282: อาคารอเนกประสงค์ | H282: √
B283: จำนวน 277 รายการ | F283: =SUBTOTAL(9,F6:F282) -> 24048741

Sheet โรงงาน
A1: ทะเบียนรายงานผลการตรวจนับครุภัณฑ์ของสำนักการศึกษา ประจำปี 2567
A2: ณ วันที่ 30 กันยายน 2567 (เทศบัญญัติ)
A3: ครุภัณฑ์โรงงาน
A4: ลำดับที่ | B4: รายการ | C4: หมายเลข E-laas | D4: หมายเลขครุภัณฑ์ | E4: วัน เดือน ปี ที่ได้มา | F4: ราคาที่ได้มา | G4: สถานที่ใช้งาน | H4: สภาพครุภัณฑ์
H5: ใช้ได้ | I5: ชำรุด | J5: เสื่อมสภาพ | K5: สูญหาย | L5: เก็บไว้นาน | M5: หมดความจำเป็น | N5: หมายเหตุ
A6: =ROW()-ROW(สำนักงาน!$A$6)+1 -> 1 | B6: สว่านไฟฟ้า | C6: 406-470310-00001 | D6: 059-47-0029 | E6: 17236 | F6: 2700 | G6: ห้องสมุดประชาชน | H6: √
A7: =ROW()-ROW(สำนักงาน!$A$6)+1 -> 2 | B7: สว่านไฟฟ้า ยี่ห้อ มากีต้า รุ่น HP 1630 พร้อมกล่อง และอุปกรณ์ 710 วัตต์ | C7: 406-640903-00001 | D7: 059-64-0037 | E7: 30 ก.ค. 64 | F7: 4500 | G7: มิวเซียมลำปาง | H7: √
B8: จำนวน 2 รายการ | F8: =SUBTOTAL(9,F6:F7) -> 7200

Sheet อื่นๆ
A1: ทะเบียนรายงานผลการตรวจนับครุภัณฑ์ของสำนักการศึกษา ประจำปี 2567
A2: ณ วันที่ 30 กันยายน 2567 (เทศบัญญัติ)
A3: ครุภัณฑ์อื่น
A4: ลำดับที่ | B4: รายการ | C4: หมายเลข E-laas | D4: หมายเลขครุภัณฑ์ | E4: วัน เดือน ปี ที่ได้มา | F4: ราคาที่ได้มา | G4: สถานที่ใช้งาน | H4: สภาพครุภัณฑ์
H5: ใช้ได้ | I5: ชำรุด | J5: เสื่อมสภาพ | K5: สูญหาย | L5: เก็บไว้นาน | M5: หมดความจำเป็น | N5: หมายเหตุ
A6: =ROW()-ROW($A$6)+1 -> 1 | B6: บุษบกอัญเชิญพระเจ้าแก้วมรกต | C6: 418-631012-00001 | D6: 203-56-0001 | E6: 239850 | F6: 300000 | G6: สำนักการศึกษา | H6: √ | N6: ห้องประชุมราชาวดี
A7: =ROW()-ROW($A$6)+1 -> 2 | B7: บุษบกสำหรับอัญเชิญพระเจ้าแก้วมรกต | C7: 418-631012-00001 | D7: 203-63-0002 | E7: 29 เม.ย. 63 | F7: 420000 | G7: สำนักการศึกษา | H7: √ | N7: อยู่ข้างอาคารประชาสัมพันธ์ | O7: =SUM(F6:F7) -> 720000
A8: =ROW()-ROW($A$6)+1 -> 3 | B8: สัตตภัณฑ์ล้านนาขนาดไม่น้อยกว่า 40x80 ซม. สูงไม่น้อยกว่า 130 ซม. | C8: 418-650815-00005 | D8: 206-65-0001 | E8: 14 ม.ค. 65 | F8: 18000 | G8: งานศาสนาวัฒนธรรม | H8: √ | N8: เงินงบประมาณ
A9: =ROW()-ROW($A$6)+1 -> 4 | B9: ถังดับเพลิงชนิดเคมีโฟมขนาด 15 ปอนด์/ถังแขวนติดผนังสูง 1.50 ม. | C9: 401-631012-00289 | D9: 472-63-0018 | E9: 30 มี.ค. 63 | F9: 2889 | G9: งานพิพิธภัณฑ์(มิวเซียม) | H9: √ | N9: ระหว่างทางเดินฝั่งห้องสำนักงาน | O9: =SUM(F9:F12) -> 11556
A10: =ROW()-ROW($A$6)+1 -> 5 | B10: ถังดับเพลิงชนิดเคมีโฟมขนาด 15 ปอนด์/ถังแขวนติดผนังสูง 1.50 ม. | C10: 401-631012-00290 | D10: 472-63-0019 | E10: 30 มี.ค. 63 | F10: 2889 | G10: งานพิพิธภัณฑ์(มิวเซียม) | H10: √ | N10: หน้าห้องน้ำหญิง ชั้น 1
A11: =ROW()-ROW($A$6)+1 -> 6 | B11: ถังดับเพลิงชนิดเคมีโฟมขนาด 15 ปอนด์/ถังแขวนติดผนังสูง 1.50 ม. | C11: 401-631012-00291 | D11: 472-63-0020 | E11: 30 มี.ค. 63 | F11: 2889 | G11: งานพิพิธภัณฑ์(มิวเซียม) | H11: √ | N11: ระหว่างทางเดินหน้าห้องควบคุมระบบ ชั้น 2
A12: =ROW()-ROW($A$6)+1 -> 7 | B12: ถังดับเพลิงชนิดเคมีโฟมขนาด 15 ปอนด์/ถังแขวนติดผนังสูง 1.50 ม. | C12: 401-631012-00292 | D12: 472-63-0021 | E12: 30 มี.ค. 63 | F12: 2889 | G12: งานพิพิธภัณฑ์(มิวเซียม) | H12: √ | N12: ห้องสมุด TK
A13: =ROW()-ROW($A$6)+1 -> 8 | B13: รถม้าโบราณ 3 ที่นั่งกว้างไม่น้อยกว่า 90 ซม. ยาว 3 เมตร สูง 2.30 เมตร | C13: 418-650815-00001 | D13: 022-65-0002 | E13: 17 พ.ย. 64 | F13: 70000 | G13: งานศาสนาวัฒนธรรม | H13: √ | N13: เงินงบประมาณ
A14: =ROW()-ROW($A$6)+1 -> 9 | B14: รถม้าโบราณ 2 ที่นั่ง กว้างไม่น้อยกว่า 90 ซม. ยาว 2.20 เมตร สูง 2.30 เมตร | C14: 418-650815-00002 | D14: 022-65-0003 | E14: 17 พ.ย. 64 | F14: 46000 | G14: งานศาสนาวัฒนธรรม | H14: √ | N14: เงินงบประมาณ
A15: =ROW()-ROW($A$6)+1 -> 10 | B15: รถม้าโบราณทรงฟักทอง กว้างไม่น้อยกว่า 1.30 เมตร ยาว 3 เมตร สูง 2.50 เมตร | C15: 418-650815-00003 | D15: 022-65-0004 | E15: 17 พ.ย. 64 | F15: 87000 | G15: งานศาสนาวัฒนธรรม | H15: √ | N15: เงินงบประมาณ
A16: =ROW()-ROW($A$6)+1 -> 11 | B16: รถม้า | C16: 418-650815-00004 | D16: 022-65-0005 | E16: 14 ธ.ค. 64 | F16: 30000 | G16: งานศาสนาวัฒนธรรม | H16: √ | N16: บริจาค | O16: =SUM(F13:F16) -> 233000
B17: จำนวน 11 รายการ | F17: =SUBTOTAL(9,F6:F16) -> 982556
